project,class_name,method_name,target_class_name,label
jgrapht,FRQuadTree,FRQuadTree,Box2D,0
jgrapht,FRQuadTree,insert,Point2D,0
jgrapht,Boxes,containsPoint,Point2D,1
jgrapht,Boxes,splitAlongXAxis,Box2D,1
jgrapht,Boxes,splitAlongYAxis,Box2D,1
jgrapht,Boxes,containsPoint,Point2D,0
jgrapht,ListenableLayoutModel2D,setDrawableArea,Box2D,0
jgrapht,ListenableLayoutModel2D,put,Point2D,0
jgrapht,ListenableLayoutModel2D,notifyListeners,Point2D,0
jgrapht,MapLayoutModel2D,MapLayoutModel2D,Box2D,0
jgrapht,MapLayoutModel2D,getDrawableArea,Box2D,0
jgrapht,MapLayoutModel2D,setDrawableArea,Box2D,0
jgrapht,MapLayoutModel2D,put,Point2D,0
jgrapht,Points,length,Point2D,0
jgrapht,Points,add,Point2D,0
jgrapht,Points,subtract,Point2D,1
jgrapht,Points,negate,Point2D,0
jgrapht,Points,scalarMultiply,Point2D,0
jgrapht,Points,scalarMultiply,Point2D,1
jgrapht,Points,equals,ToleranceDoubleComparator,0
jgrapht,DenseEdmondsMaximumCardinalityMatching,init,FixedSizeIntegerQueue,0
jgrapht,DenseEdmondsMaximumCardinalityMatching,augment,FixedSizeIntegerQueue,0
jgrapht,DenseEdmondsMaximumCardinalityMatching,blossomSupports,FixedSizeIntegerQueue,0
jgrapht,HopcroftKarpMaximumCardinalityBipartiteMatching,init,FixedSizeIntegerQueue,0
jgrapht,HopcroftKarpMaximumCardinalityBipartiteMatching,bfs,FixedSizeIntegerQueue,0
jgrapht,BlossomVDualUpdater,getEps,BlossomVTree,0
jgrapht,BlossomVDualUpdater,updateDualsSingle,BlossomVTree,0
jgrapht,BlossomVEdge,getOpposite,BlossomVNode,0
jgrapht,BlossomVEdge,getCurrentOriginal,BlossomVNode,0
jgrapht,BlossomVEdge,getDirFrom,BlossomVNode,0
jgrapht,BlossomVEdge,moveEdgeTail,BlossomVNode,1
jgrapht,BlossomVEdge,blossomNodesIterator,BlossomVNode,0
jgrapht,BlossomVInitializer,initialize,BlossomVOptions,0
jgrapht,BlossomVInitializer,simpleInitialization,BlossomVOptions,0
jgrapht,BlossomVInitializer,greedyInitialization,BlossomVOptions,0
jgrapht,BlossomVInitializer,fractionalMatchingInitialization,BlossomVOptions,0
jgrapht,BlossomVInitializer,addEdge,BlossomVNode,0
jgrapht,BlossomVInitializer,updateDuals,BlossomVNode,0
jgrapht,BlossomVInitializer,addToHead,BlossomVEdge,0
jgrapht,BlossomVInitializer,removeFromHeap,BlossomVNode,0
jgrapht,BlossomVInitializer,findBlossomRootInit,BlossomVEdge,0
jgrapht,BlossomVInitializer,handleInfinityEdgeInit,BlossomVEdge,1
jgrapht,BlossomVInitializer,augmentBranchInit,BlossomVEdge,0
jgrapht,BlossomVInitializer,shrinkInit,BlossomVNode,0
jgrapht,BlossomVInitializer,expandInit,BlossomVEdge,0
jgrapht,BlossomVNode,addEdge,BlossomVEdge,0
jgrapht,BlossomVNode,removeEdge,BlossomVEdge,0
jgrapht,BlossomVNode,getTreeGrandparent,BlossomVEdge,0
jgrapht,BlossomVNode,getTreeParent,BlossomVEdge,0
jgrapht,BlossomVNode,addChild,BlossomVNode,0
jgrapht,BlossomVNode,getOppositeMatched,BlossomVEdge,0
jgrapht,BlossomVNode,removeFromChildList,BlossomVNode,0
jgrapht,BlossomVNode,moveChildrenTo,BlossomVNode,0
jgrapht,BlossomVNode,getPenultimateBlossom,BlossomVNode,0
jgrapht,BlossomVNode,getPenultimateBlossomAndFixBlossomGrandparent,BlossomVNode,0
jgrapht,BlossomVNode,getTrueDual,BlossomVTree,0
jgrapht,BlossomVNode,toString,BlossomVEdge,0
jgrapht,BlossomVPrimalUpdater,grow,BlossomVEdge,0
jgrapht,BlossomVPrimalUpdater,augment,BlossomVEdge,0
jgrapht,BlossomVPrimalUpdater,shrink,BlossomVEdge,0
jgrapht,BlossomVPrimalUpdater,expand,BlossomVNode,0
jgrapht,BlossomVPrimalUpdater,processMinusNodeGrow,BlossomVNode,1
jgrapht,BlossomVPrimalUpdater,processPlusNodeGrow,BlossomVNode,1
jgrapht,BlossomVPrimalUpdater,expandEvenBranch,BlossomVNode,1
jgrapht,BlossomVPrimalUpdater,expandOddBranch,BlossomVTree,0
jgrapht,BlossomVPrimalUpdater,expandPlusNode,BlossomVNode,1
jgrapht,BlossomVPrimalUpdater,expandMinusNode,BlossomVNode,1
jgrapht,BlossomVPrimalUpdater,expandInfinityNode,BlossomVTree,0
jgrapht,BlossomVPrimalUpdater,augmentBranch,BlossomVEdge,0
jgrapht,BlossomVPrimalUpdater,updateTreeStructure,BlossomVNode,0
jgrapht,BlossomVPrimalUpdater,shrinkPlusNode,BlossomVNode,1
jgrapht,BlossomVPrimalUpdater,shrinkMinusNode,BlossomVNode,1
jgrapht,BlossomVPrimalUpdater,setBlossomSiblings,BlossomVEdge,0
jgrapht,BlossomVPrimalUpdater,findBlossomRoot,BlossomVEdge,1
jgrapht,BlossomVPrimalUpdater,clearIsMarkedAndSetIsOuter,BlossomVNode,0
jgrapht,BlossomVPrimalUpdater,reverseBlossomSiblings,BlossomVNode,0
jgrapht,BlossomVPrimalUpdater,forwardDirection,BlossomVNode,0
jgrapht,BlossomVPrimalUpdater,printBlossomNodes,BlossomVNode,0
jgrapht,BlossomVState,BlossomVState,BlossomVOptions,0
jgrapht,BlossomVTree,BlossomVTree,BlossomVNode,0
jgrapht,BlossomVTree,addTreeEdge,BlossomVTreeEdge,1
jgrapht,BlossomVTree,setCurrentEdges,BlossomVTreeEdge,1
jgrapht,BlossomVTree,clearCurrentEdges,BlossomVTreeEdge,0
jgrapht,BlossomVTree,toString,BlossomVNode,0
jgrapht,BlossomVTree,addPlusPlusEdge,BlossomVEdge,1
jgrapht,BlossomVTree,addPlusInfinityEdge,BlossomVEdge,1
jgrapht,BlossomVTree,addMinusBlossom,BlossomVNode,1
jgrapht,BlossomVTree,removePlusPlusEdge,BlossomVEdge,0
jgrapht,BlossomVTree,removePlusInfinityEdge,BlossomVEdge,0
jgrapht,BlossomVTree,removeMinusBlossom,BlossomVNode,0
jgrapht,BlossomVTree,treeNodeIterator,BlossomVNode,0
jgrapht,BlossomVTreeEdge,addToCurrentMinusPlusHeap,BlossomVEdge,1
jgrapht,BlossomVTreeEdge,addToCurrentPlusMinusHeap,BlossomVEdge,1
jgrapht,BlossomVTreeEdge,addPlusPlusEdge,BlossomVEdge,1
jgrapht,BlossomVTreeEdge,removeFromCurrentMinusPlusHeap,BlossomVEdge,1
jgrapht,BlossomVTreeEdge,removeFromCurrentPlusMinusHeap,BlossomVEdge,1
jgrapht,BlossomVTreeEdge,removeFromPlusPlusHeap,BlossomVEdge,1
jgrapht,KolmogorovWeightedMatching,KolmogorovWeightedMatching,BlossomVOptions,0
jgrapht,KolmogorovWeightedMatching,KolmogorovWeightedMatching,BlossomVOptions,0
jgrapht,KolmogorovWeightedMatching,lazyComputeMaximumWeightMatching,BlossomVOptions,0
jgrapht,KolmogorovWeightedPerfectMatching,KolmogorovWeightedPerfectMatching,BlossomVOptions,0
jgrapht,KolmogorovWeightedPerfectMatching,KolmogorovWeightedPerfectMatching,BlossomVOptions,0
jgrapht,KolmogorovWeightedPerfectMatching,lazyComputeWeightedPerfectMatching,BlossomVOptions,0
jgrapht,KolmogorovWeightedPerfectMatching,setCurrentEdgesAndTryToAugment,BlossomVTree,0
jgrapht,KolmogorovWeightedPerfectMatching,totalDual,BlossomVNode,0
jgrapht,KolmogorovWeightedPerfectMatching,lca,BlossomVNode,0
jgrapht,KolmogorovWeightedPerfectMatching,clearMarked,BlossomVNode,0
jgrapht,KolmogorovWeightedPerfectMatching,getBlossomNodes,BlossomVNode,0
jgrapht,TraversalListenerAdapter,connectedComponentFinished,ConnectedComponentTraversalEvent,0
jgrapht,TraversalListenerAdapter,connectedComponentStarted,ConnectedComponentTraversalEvent,0
jgrapht,NetworkGenerator,NetworkGenerator,NetworkGeneratorConfig,0
jgrapht,NetworkGenerator,NetworkGenerator,NetworkGeneratorConfig,0
jgrapht,NetworkGenerator,NetworkGenerator,NetworkGeneratorConfig,0
jgrapht,NetworkGenerator,generateBipartiteMatchingProblem,NetworkGeneratorConfig,0
jgrapht,NetworkGenerator,init,NetworkGeneratorConfig,0
jgrapht,NetworkGenerator,createSupply,NetworkGeneratorConfig,0
jgrapht,NetworkGenerator,generateChains,NetworkGeneratorConfig,0
jgrapht,NetworkGenerator,connectChainsToSinks,NetworkGeneratorConfig,0
jgrapht,NetworkGenerator,addAllRemainingArcs,NetworkGeneratorConfig,0
jgrapht,NetworkGenerator,getCapacity,NetworkGeneratorConfig,0
jgrapht,NetworkGenerator,getCost,NetworkGeneratorConfig,0
jgrapht,NetworkGenerator,getTransshipSources,NetworkGeneratorConfig,0
jgrapht,NetworkGenerator,getSources,NetworkGeneratorConfig,0
jgrapht,NetworkGenerator,getTransshipNodes,NetworkGeneratorConfig,0
jgrapht,NetworkGenerator,getTransshipSinks,NetworkGeneratorConfig,0
jgrapht,NetworkGenerator,getSinks,NetworkGeneratorConfig,0
jgrapht,NetworkInfo,NetworkInfo,NetworkGeneratorConfig,0
jgrapht,NetworkInfo,getPureSources,NetworkGeneratorConfig,0
jgrapht,NetworkInfo,getTransshipmentSources,NetworkGeneratorConfig,0
jgrapht,NetworkInfo,getSources,NetworkGeneratorConfig,0
jgrapht,NetworkInfo,getTransshipmentNodes,NetworkGeneratorConfig,0
jgrapht,NetworkInfo,getPureSinks,NetworkGeneratorConfig,0
jgrapht,NetworkInfo,getTransshipmentSinks,NetworkGeneratorConfig,0
jgrapht,NetworkInfo,getSinks,NetworkGeneratorConfig,0
jgrapht,AbstractGraphIterator,fireConnectedComponentFinished,ConnectedComponentTraversalEvent,0
jgrapht,AbstractGraphIterator,fireConnectedComponentStarted,ConnectedComponentTraversalEvent,0
jgrapht,CrossComponentIterator,hasNext,ConnectedComponentTraversalEvent,0
jgrapht,CrossComponentIterator,next,ConnectedComponentTraversalEvent,0
jgrapht,ModifiableInteger,compareTo,ModifiableInteger,0
jgrapht,ConnectivityInspectorTest,create,DefaultEdge,0
jgrapht,ConnectivityInspectorTest,testIsGraphConnected,DefaultEdge,0
jgrapht,DinicMFImplTest,simpleTest1,DefaultWeightedEdge,0
jgrapht,DinicMFImplTest,simpleTest2,DefaultWeightedEdge,0
jgrapht,DinicMFImplTest,simpleTest3,DefaultWeightedEdge,0
jgrapht,BlossomVDebugger,getEdgesOf,BlossomVNode,1
jgrapht,BlossomVDebugger,getTreeEdgesOf,BlossomVTree,1
jgrapht,BlossomVDebugger,getTreeEdge,BlossomVTree,0
jgrapht,BlossomVDebugger,getTreeEdgesBetween,BlossomVTree,1
jgrapht,BlossomVDebugger,getChildrenOf,BlossomVNode,0
jgrapht,BlossomVDebugger,getTreeNodes,BlossomVTree,1
jgrapht,BlossomVDebugger,getDirToOpposite,BlossomVTree,0
jgrapht,BlossomVDebugger,getPlusMinusHeap,BlossomVTree,1
jgrapht,BlossomVDebugger,getMinusPlusHeap,BlossomVTree,1
jgrapht,BlossomVDualUpdaterTest,testUpdateDuals1,BlossomVOptions,0
jgrapht,BlossomVDualUpdaterTest,testUpdateDuals2,BlossomVOptions,0
jgrapht,BlossomVDualUpdaterTest,testUpdateDualsSingle1,BlossomVOptions,0
jgrapht,BlossomVDualUpdaterTest,testUpdateDualsSingle2,BlossomVOptions,0
jgrapht,BlossomVDualUpdaterTest,testUpdateDualsConnectedComponents1,BlossomVOptions,0
jgrapht,BlossomVDualUpdaterTest,testUpdateDualsConnectedComponents2,BlossomVOptions,0
jgrapht,BlossomVDualUpdaterTest,testUpdateDualsConnectedComponents3,BlossomVOptions,0
jgrapht,BlossomVInitializerTest,testFractionalInitialization1,BlossomVOptions,0
jgrapht,BlossomVInitializerTest,testFractionalInitialization2,BlossomVOptions,0
jgrapht,BlossomVInitializerTest,testFractionalInitialization3,BlossomVOptions,0
jgrapht,BlossomVInitializerTest,testFractionalInitialization4,BlossomVOptions,0
jgrapht,BlossomVInitializerTest,testFractionalInitialization5,BlossomVOptions,0
jgrapht,BlossomVInitializerTest,testFractionalInitialization6,BlossomVOptions,0
jgrapht,BlossomVInitializerTest,testFractionalInitialization7,BlossomVOptions,0
jgrapht,BlossomVInitializerTest,testFractionalInitialization8,BlossomVOptions,0
jgrapht,BlossomVInitializerTest,testFractionalInitialization9,BlossomVOptions,0
jgrapht,BlossomVNodeTest,testLabels,BlossomVOptions,0
jgrapht,BlossomVNodeTest,testAncestors,BlossomVOptions,0
jgrapht,BlossomVNodeTest,testRemoveEdge,BlossomVOptions,0
jgrapht,BlossomVNodeTest,testIncidentEdgeIterator1,BlossomVOptions,0
jgrapht,BlossomVNodeTest,testIncidentEdgeIteratorOf,BlossomVNode,0
jgrapht,BlossomVNodeTest,testRemoveFromChildList,BlossomVOptions,0
jgrapht,BlossomVNodeTest,testMoveChildrenTo,BlossomVOptions,0
jgrapht,BlossomVNodeTest,testGetPenultimateBlossom,BlossomVOptions,0
jgrapht,BlossomVNodeTest,testGetPenultimateBlossomAndFixBlossomGrandparent,BlossomVOptions,0
jgrapht,BlossomVPrimalUpdaterTest,testGrow1,BlossomVOptions,0
jgrapht,BlossomVPrimalUpdaterTest,testGrow2,BlossomVOptions,0
jgrapht,BlossomVPrimalUpdaterTest,testGrow3,BlossomVOptions,0
jgrapht,BlossomVPrimalUpdaterTest,testGrow4,BlossomVOptions,0
jgrapht,BlossomVPrimalUpdaterTest,testGrow5,BlossomVOptions,0
jgrapht,BlossomVPrimalUpdaterTest,testGrow6,BlossomVOptions,0
jgrapht,BlossomVPrimalUpdaterTest,testFindBlossomRoot,BlossomVOptions,0
jgrapht,BlossomVPrimalUpdaterTest,testAugment1,BlossomVOptions,0
jgrapht,BlossomVPrimalUpdaterTest,testAugment2,BlossomVOptions,0
jgrapht,BlossomVPrimalUpdaterTest,testAugment3,BlossomVOptions,0
jgrapht,BlossomVPrimalUpdaterTest,testAugment4,BlossomVOptions,0
jgrapht,BlossomVPrimalUpdaterTest,testShrink1,BlossomVOptions,0
jgrapht,BlossomVPrimalUpdaterTest,testShrink2,BlossomVOptions,0
jgrapht,BlossomVPrimalUpdaterTest,testShrink3,BlossomVOptions,0
jgrapht,BlossomVPrimalUpdaterTest,testShrink4,BlossomVOptions,0
jgrapht,BlossomVPrimalUpdaterTest,testShrink5,BlossomVOptions,0
jgrapht,BlossomVPrimalUpdaterTest,testShrink6,BlossomVOptions,0
jgrapht,BlossomVPrimalUpdaterTest,testShrink7,BlossomVOptions,0
jgrapht,BlossomVPrimalUpdaterTest,testShrink8,BlossomVOptions,0
jgrapht,BlossomVPrimalUpdaterTest,testExpand1,BlossomVOptions,0
jgrapht,BlossomVPrimalUpdaterTest,testExpand2,BlossomVOptions,0
jgrapht,BlossomVPrimalUpdaterTest,testExpand3,BlossomVOptions,0
jgrapht,BlossomVPrimalUpdaterTest,testExpand4,BlossomVOptions,0
jgrapht,BlossomVPrimalUpdaterTest,testExpand5,BlossomVOptions,0
jgrapht,BlossomVTreeTest,testTreeNodeIterator,BlossomVOptions,0
jgrapht,KolmogorovWeightedMatchingTest,KolmogorovWeightedMatchingTest,BlossomVOptions,0
jgrapht,KolmogorovWeightedMatchingTest,params,BlossomVOptions,0
jgrapht,KolmogorovWeightedMatchingTest,test,BlossomVOptions,0
jgrapht,KolmogorovWeightedPerfectMatchingTest,KolmogorovWeightedPerfectMatchingTest,BlossomVOptions,0
jgrapht,KolmogorovWeightedPerfectMatchingTest,params,BlossomVOptions,0
jgrapht,KolmogorovWeightedPerfectMatchingTest,testGetMatching1,BlossomVOptions,0
jgrapht,KolmogorovWeightedPerfectMatchingTest,testGetMatching37,BlossomVOptions,0
jgrapht,KolmogorovWeightedPerfectMatchingTest,testGetMatching41,BlossomVOptions,0
jgrapht,KolmogorovWeightedPerfectMatchingTest,testGetMatching42,BlossomVOptions,0
jgrapht,KolmogorovWeightedPerfectMatchingTest,testGetMatching43,BlossomVOptions,0
jgrapht,KolmogorovWeightedPerfectMatchingTest,testGetMatching44,BlossomVOptions,0
jgrapht,KolmogorovWeightedPerfectMatchingTest,testGetMatching45,BlossomVOptions,0
jgrapht,KolmogorovWeightedPerfectMatchingTest,testGetMatching46,BlossomVOptions,0
jgrapht,KolmogorovWeightedPerfectMatchingTest,testGetMatching47,BlossomVOptions,0
jgrapht,KolmogorovWeightedPerfectMatchingTest,testGetMatching48,BlossomVOptions,0
jgrapht,KolmogorovWeightedPerfectMatchingTest,testGetMatching49,BlossomVOptions,0
jgrapht,KolmogorovWeightedPerfectMatchingTest,testGetMatching50,BlossomVOptions,0
jgrapht,KolmogorovWeightedPerfectMatchingTest,test,BlossomVOptions,0
jgrapht,BFSShortestPathTest,create,DefaultEdge,0
jgrapht,BFSShortestPathTest,testPathBetween,DefaultEdge,0
jgrapht,BFSShortestPathTest,testAllPaths,DefaultEdge,0
jgrapht,ShortestPathTestCase,testPathBetween,DefaultWeightedEdge,0
jgrapht,ShortestPathTestCase,createWithBias,DefaultWeightedEdge,0
jgrapht,MinimumSpanningTreeTest,testSimpleDisconnectedWeightedGraph,DefaultWeightedEdge,0
jgrapht,MinimumSpanningTreeTest,testSimpleConnectedWeightedGraph,DefaultWeightedEdge,0
jgrapht,MinimumSpanningTreeTest,createSimpleDisconnectedWeightedGraph,DefaultWeightedEdge,0
jgrapht,MinimumSpanningTreeTest,createSimpleConnectedWeightedGraph,DefaultWeightedEdge,0
jgrapht,NetworkGeneratorTest,validateNetwork,NetworkGeneratorConfig,0
jgrapht,NetworkGeneratorTest,validateCapacities,NetworkGeneratorConfig,0
jgrapht,NetworkGeneratorTest,validateCosts,NetworkGeneratorConfig,0
jgrapht,NetworkGeneratorTest,generateMinCostFlowProblem,NetworkGeneratorConfig,0
jgrapht,NetworkGeneratorTest,generateMaxFlowProblem,NetworkGeneratorConfig,0
jgrapht,NetworkGeneratorTest,generateBipartiteMatchingProblem,NetworkGeneratorConfig,0
jgrapht,NetworkGeneratorTest,testMinCostFlowProblem,NetworkGeneratorConfig,0
jgrapht,NetworkGeneratorTest,testMaxFlowProblem,NetworkGeneratorConfig,0
jgrapht,NetworkGeneratorTest,testBipartiteMatchingProblem,NetworkGeneratorConfig,0
jgrapht,AsGraphUnionTest,setUp,DefaultWeightedEdge,0
jgrapht,AsGraphUnionTest,testUndirectedGraphUnion,DefaultWeightedEdge,0
jgrapht,AsGraphUnionTest,testDirectedGraphUnion,DefaultWeightedEdge,0
jgrapht,AsGraphUnionTest,testMixedGraphUnion,DefaultWeightedEdge,0
jgrapht,AsUndirectedGraphTest,testEdgesOf,DefaultEdge,0
jgrapht,AsUndirectedGraphTest,testIncomingEdgesOf,DefaultEdge,0
jgrapht,AsUndirectedGraphTest,testOutgoingEdgesOf,DefaultEdge,0
jgrapht,AsUndirectedGraphTest,testGetAllEdges,DefaultEdge,0
jgrapht,AsUndirectedGraphTest,testRemoveEdge,DefaultEdge,0
jgrapht,AsUndirectedGraphTest,setUp,DefaultEdge,0
jgrapht,AsUnweightedGraphTest,setUp,DefaultWeightedEdge,0
jgrapht,AsUnweightedGraphTest,getEdgeWeightOfE12,DefaultWeightedEdge,0
jgrapht,AsUnweightedGraphTest,getEdgeWeightOfE23,DefaultWeightedEdge,0
jgrapht,AsUnweightedGraphTest,getEdgeWeightOfE24,DefaultWeightedEdge,0
jgrapht,AsUnweightedGraphTest,getEdgeWeightOfLoop,DefaultWeightedEdge,0
jgrapht,AsUnweightedGraphTest,setEdgeWeight,DefaultWeightedEdge,0
jgrapht,MaskEdgeSetTest,setUp,DefaultEdge,0
jgrapht,MaskEdgeSetTest,testContains,DefaultEdge,0
jgrapht,MaskEdgeSetTest,testIterator,DefaultEdge,0
jgrapht,MaskVertexSetTest,setUp,DefaultEdge,0
jgrapht,MaskVertexSetTest,testContains,DefaultEdge,0
jgrapht,SimpleDirectedGraphTest,testAddEdgeEdge,DefaultEdge,0
jgrapht,SimpleDirectedGraphTest,testAddEdgeObjectObject,DefaultEdge,0
jgrapht,SimpleDirectedGraphTest,testContainsEdgeEdge,DefaultEdge,0
jgrapht,SimpleDirectedGraphTest,testEdgeSet,DefaultEdge,0
jgrapht,SimpleDirectedGraphTest,testGetAllEdges,DefaultEdge,0
jgrapht,SimpleDirectedGraphTest,testGetEdge,DefaultEdge,0
jgrapht,SimpleDirectedGraphTest,testOutgoingEdgesOf,DefaultEdge,0
jgrapht,SimpleDirectedGraphTest,testRemoveEdgeEdge,DefaultEdge,0
jgrapht,SimpleDirectedGraphTest,testRemoveEdgeObjectObject,DefaultEdge,0
jgrapht,SimpleDirectedGraphTest,verifyReversal,DefaultEdge,0
jgrapht,SimpleDirectedGraphTest,setUp,DefaultEdge,0
jgrapht,SimpleIdentityDirectedGraphTest,testAddEdgeEdge,DefaultEdge,0
jgrapht,SimpleIdentityDirectedGraphTest,testContainsEdgeEdge,DefaultEdge,0
jgrapht,SimpleIdentityDirectedGraphTest,testEdgeSet,DefaultEdge,0
jgrapht,SimpleIdentityDirectedGraphTest,testGetAllEdges,DefaultEdge,0
jgrapht,SimpleIdentityDirectedGraphTest,testGetEdge,DefaultEdge,0
jgrapht,SimpleIdentityDirectedGraphTest,testOutgoingEdgesOf,DefaultEdge,0
jgrapht,SimpleIdentityDirectedGraphTest,testRemoveEdgeEdge,DefaultEdge,0
jgrapht,SimpleIdentityDirectedGraphTest,testRemoveEdgeObjectObject,DefaultEdge,0
jgrapht,SimpleIdentityDirectedGraphTest,verifyReversal,DefaultEdge,0
jgrapht,SimpleIdentityDirectedGraphTest,setUp,DefaultEdge,0
jgrapht,UnweightedGraphAsWeightedGraphTest,setUp,DefaultWeightedEdge,0
jgrapht,UnweightedGraphAsWeightedGraphTest,testSetEdgeWeight,DefaultWeightedEdge,0
jgrapht,UnweightedGraphAsWeightedGraphTest,testGetEdgeWeight,DefaultWeightedEdge,0
jgrapht,UnweightedGraphAsWeightedGraphTest,testGetDefaultEdgeWeight,DefaultWeightedEdge,0
jgrapht,WeightedGraphAsWeightedGraphTest,createBackingGraph,DefaultWeightedEdge,0
jgrapht,WeightedGraphAsWeightedGraphTest,testSetEdgeWeight,DefaultWeightedEdge,0
jgrapht,WeightedGraphAsWeightedGraphTest,testSetEdgeWeightDefaultPropagation,DefaultWeightedEdge,0
jgrapht,WeightedGraphAsWeightedGraphTest,testSetEdgePropagatesChangesToBackingGraph,DefaultWeightedEdge,0
jgrapht,WeightedGraphAsWeightedGraphTest,testGetEdgeWeight,DefaultWeightedEdge,0
jgrapht,WeightedGraphAsWeightedGraphTest,testGetDefaultEdgeWeight,DefaultWeightedEdge,0
libgdx,AbstractInput,setCatchKey,IntSet,0
libgdx,AbstractInput,isCatchKey,IntSet,0
libgdx,InputEventQueue,drain,IntArray,0
libgdx,InputEventQueue,next,IntArray,0
libgdx,InputEventQueue,queueTime,IntArray,0
libgdx,InputEventQueue,keyDown,IntArray,0
libgdx,InputEventQueue,keyUp,IntArray,0
libgdx,InputEventQueue,keyTyped,IntArray,0
libgdx,InputEventQueue,touchDown,IntArray,0
libgdx,InputEventQueue,touchUp,IntArray,0
libgdx,InputEventQueue,touchDragged,IntArray,0
libgdx,InputEventQueue,mouseMoved,IntArray,0
libgdx,InputEventQueue,scrolled,IntArray,0
libgdx,AssetDescriptor,AssetDescriptor,FileHandle,0
libgdx,AssetDescriptor,AssetDescriptor,FileHandle,0
libgdx,AssetLoadingTask,AssetLoadingTask,AsyncExecutor,0
libgdx,AssetLoadingTask,call,AssetDescriptor,0
libgdx,AssetLoadingTask,handleSyncLoader,AssetDescriptor,0
libgdx,AssetLoadingTask,handleAsyncLoader,AssetDescriptor,0
libgdx,AssetLoadingTask,resolve,AssetDescriptor,0
libgdx,AssetManager,unload,Logger,0
libgdx,AssetManager,isLoaded,AssetDescriptor,0
libgdx,AssetManager,load,Logger,0
libgdx,AssetManager,load,AssetDescriptor,0
libgdx,AssetManager,finishLoading,Logger,0
libgdx,AssetManager,finishLoadingAsset,AssetDescriptor,0
libgdx,AssetManager,finishLoadingAsset,Logger,0
libgdx,AssetManager,injectDependency,Logger,0
libgdx,AssetManager,nextTask,Logger,0
libgdx,AssetManager,addTask,AsyncExecutor,0
libgdx,AssetManager,updateTask,Logger,0
libgdx,AssetManager,taskFailed,AssetDescriptor,0
libgdx,AssetManager,handleTaskError,Logger,0
libgdx,AssetManager,setLoader,Logger,0
libgdx,AssetManager,dispose,AsyncExecutor,0
libgdx,AssetManager,getLogger,Logger,0
libgdx,AssetManager,setLogger,Logger,0
libgdx,AssetLoader,getDependencies,FileHandle,0
libgdx,AsynchronousAssetLoader,loadAsync,FileHandle,0
libgdx,AsynchronousAssetLoader,unloadAsync,FileHandle,0
libgdx,AsynchronousAssetLoader,loadSync,FileHandle,0
libgdx,BitmapFontLoader,getDependencies,FileHandle,0
libgdx,BitmapFontLoader,loadAsync,FileHandle,0
libgdx,BitmapFontLoader,loadSync,FileHandle,0
libgdx,CubemapLoader,loadAsync,FileHandle,0
libgdx,CubemapLoader,loadSync,FileHandle,0
libgdx,CubemapLoader,getDependencies,FileHandle,0
libgdx,I18NBundleLoader,loadAsync,I18NBundle,0
libgdx,I18NBundleLoader,loadSync,I18NBundle,1
libgdx,I18NBundleLoader,getDependencies,FileHandle,0
libgdx,ModelLoader,getDependencies,FileHandle,0
libgdx,ModelLoader,loadAsync,FileHandle,0
libgdx,ModelLoader,loadSync,FileHandle,0
libgdx,MusicLoader,loadAsync,FileHandle,0
libgdx,MusicLoader,loadSync,FileHandle,0
libgdx,MusicLoader,getDependencies,FileHandle,0
libgdx,ParticleEffectLoader,load,FileHandle,0
libgdx,ParticleEffectLoader,getDependencies,FileHandle,0
libgdx,PixmapLoader,loadAsync,Pixmap,1
libgdx,PixmapLoader,loadSync,Pixmap,1
libgdx,PixmapLoader,getDependencies,FileHandle,0
libgdx,ShaderProgramLoader,getDependencies,FileHandle,0
libgdx,ShaderProgramLoader,loadAsync,FileHandle,0
libgdx,ShaderProgramLoader,loadSync,FileHandle,1
libgdx,SkinLoader,getDependencies,FileHandle,1
libgdx,SkinLoader,loadAsync,FileHandle,0
libgdx,SkinLoader,loadSync,FileHandle,1
libgdx,SkinLoader,newSkin,TextureAtlas,0
libgdx,SoundLoader,loadAsync,FileHandle,0
libgdx,SoundLoader,loadSync,FileHandle,0
libgdx,SoundLoader,getDependencies,FileHandle,0
libgdx,SynchronousAssetLoader,load,FileHandle,0
libgdx,TextureAtlasLoader,load,FileHandle,0
libgdx,TextureAtlasLoader,getDependencies,FileHandle,0
libgdx,TextureLoader,loadAsync,FileHandle,0
libgdx,TextureLoader,loadSync,FileHandle,0
libgdx,TextureLoader,getDependencies,FileHandle,0
libgdx,ResolutionFileResolver,resolve,FileHandle,0
libgdx,FileHandle,copyTo,FileHandle,0
libgdx,FileHandle,moveTo,FileHandle,0
libgdx,FileHandle,copyFile,FileHandle,0
libgdx,FileHandle,copyDirectory,FileHandle,0
libgdx,FileHandleStream,copyTo,FileHandle,0
libgdx,FileHandleStream,moveTo,FileHandle,0
libgdx,Camera,lookAt,Vector3,0
libgdx,Camera,lookAt,Vector3,0
libgdx,Camera,normalizeUp,Vector3,0
libgdx,Camera,rotate,Vector3,0
libgdx,Camera,rotate,Vector3,1
libgdx,Camera,rotate,Vector3,0
libgdx,Camera,rotate,Vector3,0
libgdx,Camera,rotateAround,Vector3,1
libgdx,Camera,transform,Vector3,0
libgdx,Camera,translate,Vector3,0
libgdx,Camera,translate,Vector3,0
libgdx,Camera,unproject,Matrix4,0
libgdx,Camera,unproject,Vector3,1
libgdx,Camera,project,Vector3,1
libgdx,Camera,project,Matrix4,0
libgdx,Camera,getPickRay,Ray,0
libgdx,Color,Color,Color,0
libgdx,Color,set,Color,1
libgdx,Color,set,Color,1
libgdx,Color,mul,Color,1
libgdx,Color,add,Color,1
libgdx,Color,sub,Color,1
libgdx,Color,valueOf,Color,0
libgdx,Color,rgb565,Color,0
libgdx,Color,rgba4444,Color,0
libgdx,Color,rgb888,Color,0
libgdx,Color,rgba8888,Color,0
libgdx,Color,argb8888,Color,0
libgdx,Color,rgb565ToColor,Color,0
libgdx,Color,rgba4444ToColor,Color,0
libgdx,Color,rgb888ToColor,Color,1
libgdx,Color,rgba8888ToColor,Color,1
libgdx,Color,argb8888ToColor,Color,1
libgdx,Color,abgr8888ToColor,Color,1
libgdx,Color,abgr8888ToColor,Color,1
libgdx,Colors,put,Color,0
libgdx,Cubemap,Cubemap,FileHandle,0
libgdx,Cubemap,Cubemap,FileHandle,0
libgdx,Cubemap,Cubemap,Pixmap,0
libgdx,Cubemap,Cubemap,Pixmap,0
libgdx,Cubemap,addManagedCubemap,Cubemap,0
libgdx,Cubemap,invalidateAllCubemaps,AssetManager,1
libgdx,Cubemap,setAssetManager,AssetManager,0
libgdx,Mesh,Mesh,VertexAttributes,0
libgdx,Mesh,Mesh,VertexAttributes,0
libgdx,Mesh,makeVertexBuffer,VertexAttributes,0
libgdx,Mesh,Mesh,VertexAttributes,0
libgdx,Mesh,render,ShaderProgram,0
libgdx,Mesh,render,ShaderProgram,0
libgdx,Mesh,render,ShaderProgram,0
libgdx,Mesh,calculateBoundingBox,BoundingBox,0
libgdx,Mesh,extendBoundingBox,Vector3,0
libgdx,Mesh,calculateRadiusSquared,Vector3,0
libgdx,Mesh,addManagedMesh,Mesh,0
libgdx,OrthographicCamera,translate,Vector2,0
libgdx,PerspectiveCamera,update,Vector3,0
libgdx,Pixmap,createFromFrameBuffer,Gdx2DPixmap,0
libgdx,Pixmap,setBlending,Gdx2DPixmap,0
libgdx,Pixmap,setFilter,Gdx2DPixmap,0
libgdx,Pixmap,Pixmap,FileHandle,0
libgdx,Pixmap,Pixmap,Gdx2DPixmap,0
libgdx,Pixmap,downloadFromUrl,Gdx2DPixmap,0
libgdx,Pixmap,setColor,Color,0
libgdx,Pixmap,fill,Gdx2DPixmap,0
libgdx,Pixmap,drawLine,Gdx2DPixmap,0
libgdx,Pixmap,getWidth,Gdx2DPixmap,0
libgdx,Pixmap,getHeight,Gdx2DPixmap,0
libgdx,Pixmap,getGLFormat,Gdx2DPixmap,0
libgdx,Pixmap,getGLInternalFormat,Gdx2DPixmap,0
libgdx,Pixmap,getGLType,Gdx2DPixmap,0
libgdx,Pixmap,getPixels,Gdx2DPixmap,0
libgdx,Pixmap,getFormat,Gdx2DPixmap,0
libgdx,PixmapIO,readCIM,FileHandle,0
libgdx,PixmapIO,writePNG,Pixmap,0
libgdx,Texture,Texture,FileHandle,0
libgdx,Texture,Texture,FileHandle,0
libgdx,Texture,Texture,FileHandle,0
libgdx,Texture,Texture,Pixmap,0
libgdx,Texture,Texture,Pixmap,0
libgdx,Texture,Texture,Pixmap,0
libgdx,BitmapFont,BitmapFont,TextureRegion,0
libgdx,BitmapFont,BitmapFont,TextureRegion,0
libgdx,BitmapFont,BitmapFont,FileHandle,0
libgdx,BitmapFont,BitmapFont,FileHandle,0
libgdx,BitmapFont,BitmapFont,FileHandle,0
libgdx,BitmapFont,BitmapFont,FileHandle,0
libgdx,BitmapFont,BitmapFont,TextureRegion,0
libgdx,BitmapFont,getColor,BitmapFontCache,0
libgdx,BitmapFont,getCache,BitmapFontCache,0
libgdx,BitmapFontCache,BitmapFontCache,BitmapFont,0
libgdx,BitmapFontCache,BitmapFontCache,BitmapFont,0
libgdx,BitmapFontCache,setColors,Color,0
libgdx,BitmapFontCache,getColor,Color,0
libgdx,BitmapFontCache,requireGlyphs,GlyphLayout,0
libgdx,BitmapFontCache,getFont,BitmapFont,0
libgdx,CpuSpriteBatch,CpuSpriteBatch,ShaderProgram,0
libgdx,CpuSpriteBatch,flushAndSyncTransformMatrix,Matrix4,0
libgdx,CpuSpriteBatch,setTransformMatrix,Affine2,0
libgdx,CpuSpriteBatch,setTransformMatrix,Affine2,0
libgdx,CpuSpriteBatch,draw,Texture,0
libgdx,CpuSpriteBatch,draw,Texture,0
libgdx,CpuSpriteBatch,draw,Texture,0
libgdx,CpuSpriteBatch,draw,Texture,0
libgdx,CpuSpriteBatch,draw,Texture,0
libgdx,CpuSpriteBatch,draw,Texture,0
libgdx,CpuSpriteBatch,draw,TextureRegion,0
libgdx,CpuSpriteBatch,draw,TextureRegion,0
libgdx,CpuSpriteBatch,draw,TextureRegion,0
libgdx,CpuSpriteBatch,draw,TextureRegion,0
libgdx,CpuSpriteBatch,draw,Texture,0
libgdx,CpuSpriteBatch,draw,Affine2,0
libgdx,DistanceFieldFont,DistanceFieldFont,TextureRegion,0
libgdx,DistanceFieldFont,DistanceFieldFont,FileHandle,0
libgdx,DistanceFieldFont,DistanceFieldFont,FileHandle,0
libgdx,DistanceFieldFont,DistanceFieldFont,FileHandle,0
libgdx,DistanceFieldFont,DistanceFieldFont,TextureRegion,0
libgdx,DistanceFieldFont,DistanceFieldFont,TextureRegion,0
libgdx,DistanceFieldFont,DistanceFieldFont,FileHandle,0
libgdx,Gdx2DPixmap,drawPixmap,Gdx2DPixmap,0
libgdx,GlyphLayout,GlyphLayout,BitmapFont,0
libgdx,GlyphLayout,GlyphLayout,Color,0
libgdx,GlyphLayout,GlyphLayout,Color,0
libgdx,NinePatch,NinePatch,Texture,0
libgdx,NinePatch,NinePatch,TextureRegion,0
libgdx,NinePatch,NinePatch,Color,0
libgdx,NinePatch,NinePatch,Texture,0
libgdx,NinePatch,NinePatch,Color,0
libgdx,NinePatch,NinePatch,TextureRegion,0
libgdx,NinePatch,NinePatch,NinePatch,0
libgdx,NinePatch,NinePatch,Color,0
libgdx,NinePatch,getColor,Color,0
libgdx,NinePatch,getTexture,Texture,0
libgdx,ParticleEffect,load,FileHandle,0
libgdx,ParticleEffect,load,TextureAtlas,0
libgdx,ParticleEffect,loadEmitterImages,TextureAtlas,0
libgdx,ParticleEffect,newEmitter,ParticleEmitter,0
libgdx,ParticleEffect,loadTexture,FileHandle,0
libgdx,ParticleEffectPool,ParticleEffectPool,ParticleEffect,0
libgdx,ParticleEffectPool,newObject,ParticleEffect,0
libgdx,ParticleEmitter,ParticleEmitter,ParticleEmitter,0
libgdx,ParticleEmitter,newParticle,Sprite,0
libgdx,ParticleEmitter,getXScale,ScaledNumericValue,0
libgdx,ParticleEmitter,getYScale,ScaledNumericValue,0
libgdx,ParticleEmitter,getRotation,ScaledNumericValue,0
libgdx,ParticleEmitter,getTint,GradientColorValue,0
libgdx,ParticleEmitter,getVelocity,ScaledNumericValue,0
libgdx,ParticleEmitter,getWind,ScaledNumericValue,0
libgdx,ParticleEmitter,getGravity,ScaledNumericValue,0
libgdx,ParticleEmitter,getAngle,ScaledNumericValue,0
libgdx,ParticleEmitter,getEmission,ScaledNumericValue,0
libgdx,ParticleEmitter,getTransparency,ScaledNumericValue,0
libgdx,ParticleEmitter,getDuration,RangedNumericValue,0
libgdx,ParticleEmitter,getDelay,RangedNumericValue,0
libgdx,ParticleEmitter,getXOffsetValue,RangedNumericValue,0
libgdx,ParticleEmitter,getYOffsetValue,RangedNumericValue,0
libgdx,ParticleEmitter,getSpawnWidth,ScaledNumericValue,0
libgdx,ParticleEmitter,getSpawnHeight,ScaledNumericValue,0
libgdx,ParticleEmitter,getSpawnShape,SpawnShapeValue,0
libgdx,ParticleEmitter,getXSizeValues,RangedNumericValue,0
libgdx,ParticleEmitter,getYSizeValues,RangedNumericValue,0
libgdx,ParticleEmitter,getMotionValues,ScaledNumericValue,0
libgdx,ParticleEmitter,matchSize,ParticleEmitter,0
libgdx,ParticleEmitter,load,ScaledNumericValue,0
libgdx,PixmapPacker,pack,Pixmap,0
libgdx,PixmapPacker,getTransparentColor,Color,0
libgdx,PixmapPackerIO,save,PixmapPacker,0
libgdx,PolygonRegion,PolygonRegion,TextureRegion,0
libgdx,PolygonRegion,getRegion,TextureRegion,0
libgdx,PolygonRegionLoader,getDependencies,FileHandle,0
libgdx,PolygonSprite,PolygonSprite,PolygonRegion,0
libgdx,PolygonSprite,PolygonSprite,PolygonSprite,0
libgdx,PolygonSprite,getColor,Color,0
libgdx,PolygonSprite,getRegion,PolygonRegion,0
libgdx,PolygonSpriteBatch,PolygonSpriteBatch,ShaderProgram,0
libgdx,PolygonSpriteBatch,PolygonSpriteBatch,ShaderProgram,0
libgdx,PolygonSpriteBatch,getColor,Color,0
libgdx,PolygonSpriteBatch,dispose,Mesh,0
libgdx,PolygonSpriteBatch,getProjectionMatrix,Matrix4,0
libgdx,PolygonSpriteBatch,getTransformMatrix,Matrix4,0
libgdx,PolygonSpriteBatch,setShader,ShaderProgram,0
libgdx,PolygonSpriteBatch,getShader,ShaderProgram,0
libgdx,Sprite,Sprite,Texture,0
libgdx,Sprite,Sprite,Texture,0
libgdx,Sprite,Sprite,Texture,0
libgdx,Sprite,Sprite,TextureRegion,0
libgdx,Sprite,Sprite,TextureRegion,0
libgdx,Sprite,Sprite,Sprite,0
libgdx,Sprite,setAlpha,Color,0
libgdx,Sprite,setPackedColor,Color,0
libgdx,Sprite,getColor,Color,0
libgdx,SpriteBatch,SpriteBatch,ShaderProgram,0
libgdx,SpriteBatch,createDefaultShader,ShaderProgram,0
libgdx,SpriteBatch,getColor,Color,0
libgdx,SpriteBatch,dispose,Mesh,0
libgdx,SpriteBatch,getProjectionMatrix,Matrix4,0
libgdx,SpriteBatch,getTransformMatrix,Matrix4,0
libgdx,SpriteBatch,setShader,ShaderProgram,0
libgdx,SpriteBatch,getShader,ShaderProgram,0
libgdx,SpriteCache,SpriteCache,ShaderProgram,0
libgdx,SpriteCache,getColor,Color,0
libgdx,SpriteCache,dispose,Mesh,0
libgdx,SpriteCache,getProjectionMatrix,Matrix4,0
libgdx,SpriteCache,getTransformMatrix,Matrix4,0
libgdx,SpriteCache,createDefaultShader,ShaderProgram,0
libgdx,SpriteCache,setShader,ShaderProgram,0
libgdx,SpriteCache,getCustomShader,ShaderProgram,0
libgdx,TextureAtlas,TextureAtlas,FileHandle,0
libgdx,TextureAtlas,TextureAtlas,FileHandle,0
libgdx,TextureAtlas,TextureAtlas,FileHandle,0
libgdx,TextureAtlas,TextureAtlas,FileHandle,0
libgdx,TextureRegion,TextureRegion,Texture,0
libgdx,TextureRegion,TextureRegion,Texture,0
libgdx,TextureRegion,TextureRegion,Texture,0
libgdx,TextureRegion,TextureRegion,Texture,0
libgdx,TextureRegion,TextureRegion,TextureRegion,0
libgdx,TextureRegion,TextureRegion,TextureRegion,0
libgdx,TextureRegion,getTexture,Texture,0
libgdx,TextureRegion,setTexture,Texture,0
libgdx,TextureRegion,setRegionWidth,Texture,0
libgdx,TextureRegion,setRegionHeight,Texture,0
libgdx,TextureRegion,scroll,Texture,0
libgdx,Attribute,equals,Attribute,0
libgdx,Environment,add,BaseLight,0
libgdx,Environment,remove,BaseLight,0
libgdx,Environment,remove,DirectionalLight,0
libgdx,Environment,remove,PointLight,0
libgdx,Environment,remove,SpotLight,0
libgdx,Model,Model,ModelData,0
libgdx,Model,Model,ModelData,0
libgdx,ModelBatch,begin,Camera,0
libgdx,ModelBatch,setCamera,Camera,0
libgdx,ModelBatch,getCamera,Camera,0
libgdx,ModelBatch,getRenderContext,RenderContext,0
libgdx,ModelBatch,end,Camera,0
libgdx,ModelCache,add,Renderable,0
libgdx,ModelInstance,ModelInstance,Vector3,0
libgdx,ModelInstance,ModelInstance,Matrix4,0
libgdx,ModelInstance,ModelInstance,ModelInstance,0
libgdx,ModelInstance,ModelInstance,ModelInstance,0
libgdx,ModelInstance,ModelInstance,ModelInstance,0
libgdx,ModelInstance,copyAnimation,Animation,0
libgdx,ModelInstance,copyAnimation,Animation,0
libgdx,ModelInstance,getRenderables,Node,0
libgdx,DepthTestAttribute,compareTo,Attribute,0
libgdx,DirectionalLightsAttribute,compareTo,Attribute,0
libgdx,PointLightsAttribute,compareTo,Attribute,0
libgdx,SpotLightsAttribute,compareTo,Attribute,0
libgdx,CameraGroupStrategy,CameraGroupStrategy,Camera,0
libgdx,CameraGroupStrategy,CameraGroupStrategy,Camera,0
libgdx,CameraGroupStrategy,setCamera,Camera,0
libgdx,CameraGroupStrategy,getCamera,Camera,0
libgdx,CameraGroupStrategy,createDefaultShader,ShaderProgram,0
libgdx,CameraGroupStrategy,getGroupShader,ShaderProgram,0
libgdx,Decal,Decal,DecalMaterial,0
libgdx,Decal,setRotation,Quaternion,0
libgdx,Decal,getRotation,Quaternion,0
libgdx,Decal,getX,Vector3,0
libgdx,Decal,getY,Vector3,0
libgdx,Decal,getZ,Vector3,0
libgdx,Decal,getColor,Color,0
libgdx,Decal,getPosition,Vector3,0
libgdx,Decal,getScaleX,Vector2,0
libgdx,Decal,getScaleY,Vector2,0
libgdx,Decal,getWidth,Vector2,0
libgdx,Decal,getHeight,Vector2,0
libgdx,Decal,getTextureRegion,DecalMaterial,0
libgdx,Decal,setBlending,DecalMaterial,0
libgdx,Decal,getMaterial,DecalMaterial,0
libgdx,Decal,setMaterial,DecalMaterial,0
libgdx,DecalBatch,render,ShaderProgram,0
libgdx,DirectionalLight,setDirection,Vector3,0
libgdx,DirectionalShadowLight,getFrameBuffer,FrameBuffer,0
libgdx,DirectionalShadowLight,getCamera,Camera,0
libgdx,DirectionalShadowLight,getProjViewTrans,Camera,0
libgdx,DirectionalShadowLight,dispose,FrameBuffer,0
libgdx,PointLight,setPosition,Vector3,0
libgdx,SpotLight,setPosition,Vector3,0
libgdx,SpotLight,setDirection,Vector3,0
libgdx,G3dModelLoader,loadModelData,FileHandle,0
libgdx,G3dModelLoader,parseColor,JsonValue,0
libgdx,G3dModelLoader,readVector2,JsonValue,0
libgdx,Node,calculateLocalTransform,Matrix4,0
libgdx,Node,calculateWorldTransform,Matrix4,0
libgdx,Node,attachTo,Node,0
libgdx,Node,detach,Node,0
libgdx,Node,removeChild,Node,0
libgdx,Node,getParent,Node,0
libgdx,Node,hasParent,Node,0
libgdx,ParticleController,ParticleController,Emitter,0
libgdx,ParticleController,isComplete,Emitter,0
libgdx,ParticleController,getBoundingBox,BoundingBox,0
libgdx,ParticleControllerComponent,set,ParticleController,0
libgdx,ParticleControllerComponent,save,ResourceData,0
libgdx,ParticleControllerComponent,load,ResourceData,0
libgdx,ParticleControllerComponent,write,Json,0
libgdx,ParticleControllerComponent,read,JsonValue,0
libgdx,ParticleEffect,ParticleEffect,ParticleEffect,0
libgdx,ParticleEffectLoader,loadAsync,FileHandle,0
libgdx,ParticleShader,equals,ParticleShader,0
libgdx,ParticleShader,end,Material,0
libgdx,ParticleSorter,setCamera,Camera,0
libgdx,ParticleSystem,get,ParticleSystem,0
libgdx,BillboardParticleBatch,BillboardParticleBatch,DepthTestAttribute,0
libgdx,BillboardParticleBatch,setVertexData,VertexAttributes,0
libgdx,BillboardParticleBatch,getTexture,Texture,0
libgdx,BillboardParticleBatch,getBlendingAttribute,BlendingAttribute,0
libgdx,BillboardParticleBatch,fillVerticesToViewPointCPU,Vector3,0
libgdx,BillboardParticleBatch,load,ResourceData,0
libgdx,BufferedParticleBatch,end,ParticleSorter,0
libgdx,BufferedParticleBatch,getSorter,ParticleSorter,0
libgdx,ModelInstanceParticleBatch,save,ResourceData,0
libgdx,ModelInstanceParticleBatch,load,ResourceData,0
libgdx,PointSpriteParticleBatch,PointSpriteParticleBatch,DepthTestAttribute,0
libgdx,PointSpriteParticleBatch,getBlendingAttribute,BlendingAttribute,0
libgdx,PointSpriteParticleBatch,load,ResourceData,0
libgdx,Emitter,Emitter,Emitter,0
libgdx,RegularEmitter,RegularEmitter,RegularEmitter,0
libgdx,RegularEmitter,getEmission,ScaledNumericValue,0
libgdx,RegularEmitter,getDuration,RangedNumericValue,0
libgdx,DynamicsInfluencer,DynamicsInfluencer,DynamicsInfluencer,0
libgdx,DynamicsModifier,DynamicsModifier,DynamicsModifier,0
libgdx,ModelInfluencer,ModelInfluencer,ModelInfluencer,0
libgdx,ParticleControllerInfluencer,ParticleControllerInfluencer,ParticleControllerInfluencer,0
libgdx,RegionInfluencer,RegionInfluencer,Texture,0
libgdx,RegionInfluencer,RegionInfluencer,RegionInfluencer,0
libgdx,ScaleInfluencer,ScaleInfluencer,ScaleInfluencer,0
libgdx,SimpleInfluencer,SimpleInfluencer,SimpleInfluencer,0
libgdx,SimpleInfluencer,activateParticles,ScaledNumericValue,0
libgdx,SpawnInfluencer,SpawnInfluencer,SpawnShapeValue,0
libgdx,SpawnInfluencer,SpawnInfluencer,SpawnInfluencer,0
libgdx,SpawnInfluencer,init,SpawnShapeValue,0
libgdx,SpawnInfluencer,start,SpawnShapeValue,0
libgdx,BillboardRenderer,BillboardRenderer,BillboardParticleBatch,0
libgdx,ModelInstanceRenderer,ModelInstanceRenderer,ModelInstanceParticleBatch,0
libgdx,ParticleControllerRenderer,set,ParticleController,0
libgdx,PointSpriteRenderer,PointSpriteRenderer,PointSpriteParticleBatch,0
libgdx,CylinderSpawnShapeValue,CylinderSpawnShapeValue,CylinderSpawnShapeValue,0
libgdx,EllipseSpawnShapeValue,EllipseSpawnShapeValue,EllipseSpawnShapeValue,0
libgdx,LineSpawnShapeValue,LineSpawnShapeValue,LineSpawnShapeValue,0
libgdx,MeshSpawnShapeValue,MeshSpawnShapeValue,MeshSpawnShapeValue,0
libgdx,MeshSpawnShapeValue,setMesh,Mesh,0
libgdx,MeshSpawnShapeValue,save,Mesh,0
libgdx,ParticleValue,ParticleValue,ParticleValue,0
libgdx,PointSpawnShapeValue,PointSpawnShapeValue,PointSpawnShapeValue,0
libgdx,PrimitiveSpawnShapeValue,PrimitiveSpawnShapeValue,PrimitiveSpawnShapeValue,0
libgdx,PrimitiveSpawnShapeValue,getSpawnDepth,ScaledNumericValue,0
libgdx,RectangleSpawnShapeValue,RectangleSpawnShapeValue,RectangleSpawnShapeValue,0
libgdx,SpawnShapeValue,SpawnShapeValue,SpawnShapeValue,0
libgdx,SpawnShapeValue,spawnAux,Vector3,0
libgdx,SpawnShapeValue,spawn,Vector3,0
libgdx,SpawnShapeValue,save,ResourceData,0
libgdx,SpawnShapeValue,load,ResourceData,0
libgdx,UnweightedMeshSpawnShapeValue,UnweightedMeshSpawnShapeValue,UnweightedMeshSpawnShapeValue,0
libgdx,UnweightedMeshSpawnShapeValue,spawnAux,Vector3,0
libgdx,WeightMeshSpawnShapeValue,WeightMeshSpawnShapeValue,WeightMeshSpawnShapeValue,0
libgdx,BaseShader,end,Mesh,0
libgdx,DefaultShader,equals,DefaultShader,0
libgdx,DepthShader,render,Attributes,0
libgdx,CameraInputController,update,Camera,0
libgdx,CameraInputController,process,Camera,0
libgdx,DefaultRenderableSorter,getTranslation,Vector3,0
libgdx,FirstPersonCameraController,FirstPersonCameraController,Camera,0
libgdx,FirstPersonCameraController,keyDown,IntIntMap,0
libgdx,FirstPersonCameraController,keyUp,IntIntMap,0
libgdx,FirstPersonCameraController,update,Vector3,0
libgdx,MeshBuilder,begin,VertexAttributes,0
libgdx,MeshBuilder,endpart,MeshPart,0
libgdx,MeshBuilder,getVertices,FloatArray,0
libgdx,MeshBuilder,getNumIndices,ShortArray,0
libgdx,MeshBuilder,getIndices,ShortArray,0
libgdx,MeshBuilder,getAttributes,VertexAttributes,0
libgdx,MeshBuilder,getMeshPart,MeshPart,0
libgdx,MeshBuilder,setUVRange,TextureRegion,0
libgdx,MeshBuilder,setVertexTransform,Matrix3,0
libgdx,MeshBuilder,ensureIndices,ShortArray,0
libgdx,MeshBuilder,transformPosition,Vector3,0
libgdx,MeshBuilder,transformNormal,Vector3,0
libgdx,MeshBuilder,patch,Vector3,0
libgdx,MeshBuilder,box,Vector3,0
libgdx,MeshBuilder,box,Matrix4,0
libgdx,ModelBuilder,endnode,Node,0
libgdx,ModelBuilder,manage,Model,0
libgdx,ModelBuilder,rebuildReferences,Model,0
libgdx,BoxShapeBuilder,build,Vector3,0
libgdx,ETC1TextureData,ETC1TextureData,FileHandle,0
libgdx,ETC1TextureData,ETC1TextureData,FileHandle,0
libgdx,FacedCubemapData,FacedCubemapData,FileHandle,0
libgdx,FacedCubemapData,FacedCubemapData,FileHandle,0
libgdx,FacedCubemapData,FacedCubemapData,Pixmap,0
libgdx,FacedCubemapData,FacedCubemapData,Pixmap,0
libgdx,FileTextureData,FileTextureData,Pixmap,0
libgdx,FileTextureData,prepare,Pixmap,0
libgdx,FileTextureData,getFileHandle,FileHandle,0
libgdx,FileTextureData,toString,FileHandle,0
libgdx,FrameBuffer,disposeColorTexture,Texture,0
libgdx,FrameBufferCubemap,disposeColorTexture,Cubemap,0
libgdx,GLFrameBuffer,getColorBufferHandle,IntArray,0
libgdx,ImmediateModeRenderer20,ImmediateModeRenderer20,ShaderProgram,0
libgdx,ImmediateModeRenderer20,getShader,ShaderProgram,0
libgdx,ImmediateModeRenderer20,dispose,Mesh,0
libgdx,InstanceBufferObject,InstanceBufferObject,VertexAttributes,0
libgdx,InstanceBufferObject,getAttributes,VertexAttributes,0
libgdx,InstanceBufferObject,bind,ShaderProgram,0
libgdx,InstanceBufferObjectSubData,InstanceBufferObjectSubData,VertexAttributes,0
libgdx,InstanceBufferObjectSubData,getAttributes,VertexAttributes,0
libgdx,KTXTextureData,KTXTextureData,FileHandle,0
libgdx,MipMapGenerator,generateMipMap,Pixmap,0
libgdx,MipMapGenerator,generateMipMap,Pixmap,0
libgdx,MipMapGenerator,generateMipMapDesktop,Pixmap,0
libgdx,PixmapTextureData,PixmapTextureData,Pixmap,0
libgdx,PixmapTextureData,PixmapTextureData,Pixmap,0
libgdx,PixmapTextureData,consumePixmap,Pixmap,0
libgdx,PixmapTextureData,getWidth,Pixmap,0
libgdx,PixmapTextureData,getHeight,Pixmap,0
libgdx,ShaderProgram,ShaderProgram,FileHandle,0
libgdx,ShaderProgram,setUniformMatrix,Matrix4,0
libgdx,ShaderProgram,setUniformMatrix,Matrix3,0
libgdx,VertexArray,VertexArray,VertexAttributes,0
libgdx,VertexArray,unbind,ShaderProgram,0
libgdx,VertexArray,getAttributes,VertexAttributes,0
libgdx,VertexBufferObject,VertexBufferObject,VertexAttributes,0
libgdx,VertexBufferObject,VertexBufferObject,VertexAttributes,0
libgdx,VertexBufferObject,getAttributes,VertexAttributes,0
libgdx,VertexBufferObject,bind,ShaderProgram,0
libgdx,VertexBufferObjectSubData,VertexBufferObjectSubData,VertexAttributes,0
libgdx,VertexBufferObjectSubData,getAttributes,VertexAttributes,0
libgdx,VertexBufferObjectWithVAO,VertexBufferObjectWithVAO,VertexAttributes,0
libgdx,VertexBufferObjectWithVAO,VertexBufferObjectWithVAO,VertexAttributes,0
libgdx,VertexBufferObjectWithVAO,getAttributes,VertexAttributes,0
libgdx,VertexBufferObjectWithVAO,bind,ShaderProgram,0
libgdx,GL20Interceptor,GL20Interceptor,GLProfiler,0
libgdx,GL30Interceptor,GL30Interceptor,GLProfiler,0
libgdx,GL31Interceptor,GL31Interceptor,GLProfiler,0
libgdx,GL32Interceptor,GL32Interceptor,GLProfiler,0
libgdx,GLInterceptor,GLInterceptor,GLProfiler,0
libgdx,GLInterceptor,getVertexCount,FloatCounter,0
libgdx,GLProfiler,getCalls,GLInterceptor,0
libgdx,GLProfiler,getTextureBindings,GLInterceptor,0
libgdx,GLProfiler,getDrawCalls,GLInterceptor,0
libgdx,GLProfiler,getShaderSwitches,GLInterceptor,0
libgdx,GLProfiler,getVertexCount,GLInterceptor,0
libgdx,GLProfiler,reset,GLInterceptor,0
libgdx,RemoteInput,openTextInputField,NativeInputConfiguration,0
libgdx,Map,getLayers,MapLayers,0
libgdx,Map,getProperties,MapProperties,0
libgdx,MapGroupLayer,getLayers,MapLayers,0
libgdx,MapLayer,getCombinedTintColor,Color,0
libgdx,MapLayer,getTintColor,Color,0
libgdx,MapLayer,getParent,MapLayer,0
libgdx,MapLayer,setParent,MapLayer,0
libgdx,MapLayer,getObjects,MapObjects,0
libgdx,MapLayer,getProperties,MapProperties,0
libgdx,MapLayer,calculateRenderOffsets,MapLayer,0
libgdx,MapLayers,getIndex,MapLayer,0
libgdx,MapLayers,add,MapLayer,0
libgdx,MapLayers,remove,MapLayer,0
libgdx,MapObject,getColor,Color,0
libgdx,MapObject,setColor,Color,0
libgdx,MapObject,getProperties,MapProperties,0
libgdx,CircleMapObject,getCircle,Circle,0
libgdx,EllipseMapObject,getEllipse,Ellipse,0
libgdx,PointMapObject,getPoint,Vector2,0
libgdx,PolygonMapObject,getPolygon,Polygon,0
libgdx,PolygonMapObject,setPolygon,Polygon,0
libgdx,PolygonMapObject,PolygonMapObject,Polygon,0
libgdx,PolylineMapObject,getPolyline,Polyline,0
libgdx,PolylineMapObject,setPolyline,Polyline,0
libgdx,PolylineMapObject,PolylineMapObject,Polyline,0
libgdx,RectangleMapObject,getRectangle,Rectangle,0
libgdx,TextMapObject,getRectangle,Rectangle,0
libgdx,TextMapObject,getX,Rectangle,0
libgdx,TextMapObject,getY,Rectangle,0
libgdx,TextMapObject,getWidth,Rectangle,0
libgdx,TextMapObject,getHeight,Rectangle,0
libgdx,TextureMapObject,getTextureRegion,TextureRegion,0
libgdx,TextureMapObject,setTextureRegion,TextureRegion,0
libgdx,TextureMapObject,TextureMapObject,TextureRegion,0
libgdx,AtlasTmjMapLoader,loadSync,FileHandle,0
libgdx,AtlasTmxMapLoader,loadSync,FileHandle,0
libgdx,BaseTiledMapLoader,getDependencyAssetDescriptors,FileHandle,0
libgdx,BaseTiledMapLoader,loadTiledMap,FileHandle,0
libgdx,BaseTmjMapLoader,loadLayerGroup,FileHandle,0
libgdx,BaseTmjMapLoader,loadTileLayer,JsonValue,0
libgdx,BaseTmjMapLoader,loadObjectGroup,JsonValue,0
libgdx,BaseTmjMapLoader,loadImageLayer,FileHandle,0
libgdx,BaseTmjMapLoader,loadProperties,JsonValue,0
libgdx,BaseTmjMapLoader,loadTileSet,JsonReader,0
libgdx,BaseTmjMapLoader,addStaticTiles,FileHandle,0
libgdx,BaseTmjMapLoader,addTileObjectGroup,JsonValue,0
libgdx,BaseTmjMapLoader,createAnimatedTile,JsonValue,0
libgdx,BaseTmxMapLoader,loadLayerGroup,FileHandle,0
libgdx,BaseTmxMapLoader,loadTileLayer,MapLayers,0
libgdx,BaseTmxMapLoader,loadObjectGroup,MapLayers,0
libgdx,BaseTmxMapLoader,loadImageLayer,FileHandle,0
libgdx,BaseTmxMapLoader,loadObject,MapObjects,0
libgdx,BaseTmxMapLoader,loadTileSet,XmlReader,0
libgdx,BaseTmxMapLoader,addStaticTiles,FileHandle,0
libgdx,BaseTmxMapLoader,createAnimatedTile,TiledMapTileSet,0
libgdx,TideMapLoader,load,XmlReader,0
libgdx,TideMapLoader,load,FileHandle,0
libgdx,TideMapLoader,loadTileSheet,FileHandle,0
libgdx,TideMapLoader,loadLayer,TiledMap,0
libgdx,TideMapLoader,loadProperties,MapProperties,0
libgdx,TiledMap,getTileSets,TiledMapTileSets,0
libgdx,TiledMapImageLayer,TiledMapImageLayer,TextureRegion,0
libgdx,TiledMapImageLayer,getTextureRegion,TextureRegion,0
libgdx,TiledMapImageLayer,setTextureRegion,TextureRegion,0
libgdx,TiledMapTileSet,getProperties,MapProperties,0
libgdx,TiledMapTileSets,addTileSet,TiledMapTileSet,0
libgdx,TiledMapTileSets,removeTileSet,TiledMapTileSet,0
libgdx,TmjMapLoader,loadSync,FileHandle,0
libgdx,TmjMapLoader,collectImageLayerFileHandles,FileHandle,0
libgdx,TmjMapLoader,getTileSetDependencyFileHandle,JsonValue,0
libgdx,TmjMapLoader,addStaticTiles,FileHandle,0
libgdx,TmxMapLoader,loadSync,FileHandle,0
libgdx,TmxMapLoader,getDependencyFileHandles,FileHandle,0
libgdx,TmxMapLoader,getTileSetDependencyFileHandle,FileHandle,0
libgdx,TmxMapLoader,addStaticTiles,FileHandle,0
libgdx,BatchTiledMapRenderer,getMap,TiledMap,0
libgdx,BatchTiledMapRenderer,setMap,TiledMap,0
libgdx,BatchTiledMapRenderer,getViewBounds,Rectangle,0
libgdx,BatchTiledMapRenderer,BatchTiledMapRenderer,TiledMap,0
libgdx,BatchTiledMapRenderer,BatchTiledMapRenderer,TiledMap,0
libgdx,BatchTiledMapRenderer,BatchTiledMapRenderer,TiledMap,0
libgdx,BatchTiledMapRenderer,BatchTiledMapRenderer,TiledMap,0
libgdx,BatchTiledMapRenderer,renderMapLayer,MapLayer,0
libgdx,BatchTiledMapRenderer,renderObjects,MapLayer,0
libgdx,BatchTiledMapRenderer,renderObject,MapObject,0
libgdx,HexagonalTiledMapRenderer,HexagonalTiledMapRenderer,TiledMap,0
libgdx,HexagonalTiledMapRenderer,HexagonalTiledMapRenderer,TiledMap,0
libgdx,HexagonalTiledMapRenderer,HexagonalTiledMapRenderer,TiledMap,0
libgdx,HexagonalTiledMapRenderer,HexagonalTiledMapRenderer,TiledMap,0
libgdx,IsometricStaggeredTiledMapRenderer,IsometricStaggeredTiledMapRenderer,TiledMap,0
libgdx,IsometricStaggeredTiledMapRenderer,IsometricStaggeredTiledMapRenderer,TiledMap,0
libgdx,IsometricStaggeredTiledMapRenderer,IsometricStaggeredTiledMapRenderer,TiledMap,0
libgdx,IsometricStaggeredTiledMapRenderer,IsometricStaggeredTiledMapRenderer,TiledMap,0
libgdx,IsometricTiledMapRenderer,IsometricTiledMapRenderer,TiledMap,0
libgdx,IsometricTiledMapRenderer,IsometricTiledMapRenderer,TiledMap,0
libgdx,IsometricTiledMapRenderer,IsometricTiledMapRenderer,TiledMap,0
libgdx,IsometricTiledMapRenderer,IsometricTiledMapRenderer,TiledMap,0
libgdx,OrthoCachedTiledMapRenderer,OrthoCachedTiledMapRenderer,TiledMap,0
libgdx,OrthoCachedTiledMapRenderer,OrthoCachedTiledMapRenderer,TiledMap,0
libgdx,OrthoCachedTiledMapRenderer,OrthoCachedTiledMapRenderer,TiledMap,0
libgdx,OrthoCachedTiledMapRenderer,renderObjects,MapLayer,0
libgdx,OrthoCachedTiledMapRenderer,renderObject,MapObject,0
libgdx,OrthoCachedTiledMapRenderer,getSpriteCache,SpriteCache,0
libgdx,OrthoCachedTiledMapRenderer,dispose,SpriteCache,0
libgdx,OrthogonalTiledMapRenderer,OrthogonalTiledMapRenderer,TiledMap,0
libgdx,OrthogonalTiledMapRenderer,OrthogonalTiledMapRenderer,TiledMap,0
libgdx,OrthogonalTiledMapRenderer,OrthogonalTiledMapRenderer,TiledMap,0
libgdx,OrthogonalTiledMapRenderer,OrthogonalTiledMapRenderer,TiledMap,0
libgdx,AnimatedTiledMapTile,setTextureRegion,TextureRegion,0
libgdx,AnimatedTiledMapTile,getProperties,MapProperties,0
libgdx,AnimatedTiledMapTile,getObjects,MapObjects,0
libgdx,AnimatedTiledMapTile,AnimatedTiledMapTile,IntArray,0
libgdx,StaticTiledMapTile,getProperties,MapProperties,0
libgdx,StaticTiledMapTile,getObjects,MapObjects,0
libgdx,StaticTiledMapTile,getTextureRegion,TextureRegion,0
libgdx,StaticTiledMapTile,setTextureRegion,TextureRegion,0
libgdx,StaticTiledMapTile,StaticTiledMapTile,TextureRegion,0
libgdx,StaticTiledMapTile,StaticTiledMapTile,StaticTiledMapTile,0
libgdx,Affine2,Affine2,Affine2,0
libgdx,Affine2,set,Affine2,0
libgdx,Affine2,setToProduct,Affine2,0
libgdx,Affine2,mul,Affine2,0
libgdx,Affine2,preMul,Affine2,0
libgdx,Circle,Circle,Vector2,0
libgdx,Circle,Circle,Circle,0
libgdx,Circle,Circle,Vector2,0
libgdx,Ellipse,Ellipse,Ellipse,0
libgdx,Ellipse,Ellipse,Vector2,0
libgdx,Ellipse,Ellipse,Vector2,0
libgdx,Ellipse,Ellipse,Circle,0
libgdx,GridPoint2,GridPoint2,GridPoint2,0
libgdx,GridPoint3,GridPoint3,GridPoint3,0
libgdx,Intersector,intersectPolygons,FloatArray,0
libgdx,Intersector,intersectRayBounds,Vector3,0
libgdx,Intersector,intersectRayOrientedBoundsFast,OrientedBoundingBox,0
libgdx,Intersector,intersectLines,Vector3,0
libgdx,Intersector,intersectRectangles,Vector3,0
libgdx,Intersector,overlaps,Circle,0
libgdx,Intersector,overlaps,Rectangle,0
libgdx,Intersector,overlapConvexPolygons,Polygon,0
libgdx,Intersector,overlapsOnAxisOfShape,Plane,0
libgdx,Intersector,hasOverlap,Plane,0
libgdx,Matrix3,Matrix3,Matrix3,0
libgdx,Matrix3,set,Matrix3,0
libgdx,Matrix4,Matrix4,Matrix4,0
libgdx,Matrix4,Matrix4,Quaternion,0
libgdx,Matrix4,Matrix4,Vector3,0
libgdx,Matrix4,setToRotationRad,Quaternion,0
libgdx,Matrix4,setToRotation,Quaternion,0
libgdx,Matrix4,setToRotationRad,Quaternion,0
libgdx,Matrix4,setToRotation,Quaternion,0
libgdx,Matrix4,set,Matrix3,0
libgdx,Matrix4,getRotation,Quaternion,0
libgdx,Matrix4,getRotation,Quaternion,0
libgdx,Octree,Octree,Vector3,0
libgdx,Plane,Plane,Vector3,0
libgdx,Plane,Plane,Vector3,0
libgdx,Plane,Plane,Vector3,0
libgdx,Plane,getNormal,Vector3,0
libgdx,Polyline,contains,Vector2,0
libgdx,Quaternion,Quaternion,Quaternion,0
libgdx,Quaternion,Quaternion,Vector3,0
libgdx,Quaternion,setFromMatrix,Matrix4,0
libgdx,Quaternion,setFromMatrix,Matrix3,0
libgdx,Rectangle,Rectangle,Rectangle,0
libgdx,Vector2,Vector2,Vector2,0
libgdx,Vector2,rotateAround,Vector2,0
libgdx,Vector2,rotateAroundDeg,Vector2,0
libgdx,Vector2,epsilonEquals,Vector2,0
libgdx,Vector2,isCollinear,Vector2,0
libgdx,Vector2,isCollinearOpposite,Vector2,0
libgdx,Vector2,hasSameDirection,Vector2,0
libgdx,Vector2,hasOppositeDirection,Vector2,0
libgdx,Vector3,isCollinear,Vector3,0
libgdx,Vector3,isCollinearOpposite,Vector3,0
libgdx,Vector3,hasSameDirection,Vector3,0
libgdx,Vector3,hasOppositeDirection,Vector3,0
libgdx,Vector4,isOnLine,Vector4,0
libgdx,Vector4,isCollinear,Vector4,0
libgdx,Vector4,isCollinearOpposite,Vector4,0
libgdx,Vector4,hasSameDirection,Vector4,0
libgdx,Vector4,hasOppositeDirection,Vector4,0
libgdx,BoundingBox,getCenterX,Vector3,0
libgdx,BoundingBox,getCenterY,Vector3,0
libgdx,BoundingBox,getCenterZ,Vector3,0
libgdx,BoundingBox,getWidth,Vector3,0
libgdx,BoundingBox,getHeight,Vector3,0
libgdx,BoundingBox,getDepth,Vector3,0
libgdx,BoundingBox,BoundingBox,BoundingBox,0
libgdx,BoundingBox,BoundingBox,Vector3,0
libgdx,BoundingBox,toString,Vector3,0
libgdx,OrientedBoundingBox,OrientedBoundingBox,BoundingBox,0
libgdx,OrientedBoundingBox,OrientedBoundingBox,Matrix4,0
libgdx,OrientedBoundingBox,getBounds,BoundingBox,0
libgdx,OrientedBoundingBox,getTransform,Matrix4,0
libgdx,Ray,Ray,Vector3,0
libgdx,Ray,toString,Vector3,0
libgdx,Segment,Segment,Vector3,0
libgdx,Sphere,Sphere,Vector3,0
libgdx,NetJavaServerSocketImpl,NetJavaServerSocketImpl,ServerSocketHints,0
libgdx,NetJavaServerSocketImpl,NetJavaServerSocketImpl,ServerSocketHints,0
libgdx,NetJavaServerSocketImpl,accept,SocketHints,0
libgdx,NetJavaSocketImpl,NetJavaSocketImpl,SocketHints,0
libgdx,NetJavaSocketImpl,NetJavaSocketImpl,SocketHints,0
libgdx,NetJavaSocketImpl,applyHints,SocketHints,0
libgdx,Action,setActor,Pool,0
libgdx,Action,getActor,Actor,0
libgdx,Action,setTarget,Actor,0
libgdx,Action,getTarget,Actor,0
libgdx,Action,getPool,Pool,0
libgdx,Action,setPool,Pool,0
libgdx,Actor,getStage,Stage,0
libgdx,Actor,setStage,Stage,0
libgdx,Actor,hasParent,Group,0
libgdx,Actor,getParent,Group,0
libgdx,Actor,setParent,Group,0
libgdx,Actor,getColor,Color,0
libgdx,Actor,stageToLocalCoordinates,Vector2,0
libgdx,Actor,localToStageCoordinates,Vector2,0
libgdx,Actor,drawDebug,ShapeRenderer,0
libgdx,Event,getTarget,Actor,0
libgdx,Event,setTarget,Actor,0
libgdx,Event,getListenerActor,Actor,0
libgdx,Event,setListenerActor,Actor,0
libgdx,Event,setStage,Stage,0
libgdx,Event,getStage,Stage,0
libgdx,Group,drawDebug,ShapeRenderer,0
libgdx,Group,resetTransform,Matrix4,0
libgdx,Group,setCullingArea,Rectangle,0
libgdx,Group,getCullingArea,Rectangle,0
libgdx,Group,removeActor,Actor,0
libgdx,InputEvent,getRelatedActor,Actor,0
libgdx,InputEvent,setRelatedActor,Actor,0
libgdx,InputListener,touchDown,InputEvent,0
libgdx,InputListener,touchUp,InputEvent,0
libgdx,InputListener,touchDragged,InputEvent,0
libgdx,InputListener,mouseMoved,InputEvent,0
libgdx,InputListener,enter,InputEvent,0
libgdx,InputListener,exit,InputEvent,0
libgdx,InputListener,scrolled,InputEvent,0
libgdx,InputListener,keyDown,InputEvent,0
libgdx,InputListener,keyUp,InputEvent,0
libgdx,InputListener,keyTyped,InputEvent,0
libgdx,Stage,Stage,Viewport,0
libgdx,Stage,Stage,Viewport,0
libgdx,Stage,disableDebug,Actor,0
libgdx,Stage,getActors,Group,0
libgdx,Stage,actorRemoved,Actor,0
libgdx,Stage,unfocus,Actor,0
libgdx,Stage,getScrollFocus,Actor,0
libgdx,Stage,getViewport,Viewport,0
libgdx,Stage,setViewport,Viewport,0
libgdx,Stage,getWidth,Viewport,0
libgdx,Stage,getHeight,Viewport,0
libgdx,Stage,getCamera,Viewport,0
libgdx,Stage,getRoot,Group,0
libgdx,Stage,screenToStageCoordinates,Viewport,0
libgdx,Stage,getDebugColor,Color,0
libgdx,Actions,color,Color,0
libgdx,AddAction,getAction,Action,0
libgdx,AddAction,setAction,Action,0
libgdx,AddAction,reset,Action,0
libgdx,AfterAction,setTarget,Actor,0
libgdx,AlphaAction,reset,Color,0
libgdx,AlphaAction,getColor,Color,0
libgdx,AlphaAction,setColor,Color,0
libgdx,ColorAction,update,Color,0
libgdx,ColorAction,reset,Color,0
libgdx,ColorAction,getColor,Color,0
libgdx,ColorAction,setColor,Color,0
libgdx,ColorAction,getEndColor,Color,0
libgdx,DelegateAction,setAction,Action,0
libgdx,DelegateAction,getAction,Action,0
libgdx,DelegateAction,reset,Action,0
libgdx,DelegateAction,setActor,Actor,0
libgdx,DelegateAction,setTarget,Actor,0
libgdx,EventAction,setTarget,Actor,0
libgdx,LayoutAction,setTarget,Actor,0
libgdx,ParallelAction,ParallelAction,Action,0
libgdx,ParallelAction,ParallelAction,Action,0
libgdx,ParallelAction,ParallelAction,Action,0
libgdx,ParallelAction,ParallelAction,Action,0
libgdx,ParallelAction,ParallelAction,Action,0
libgdx,RemoveAction,getAction,Action,0
libgdx,RemoveAction,setAction,Action,0
libgdx,RemoveAction,reset,Action,0
libgdx,SequenceAction,SequenceAction,Action,0
libgdx,SequenceAction,SequenceAction,Action,0
libgdx,SequenceAction,SequenceAction,Action,0
libgdx,SequenceAction,SequenceAction,Action,0
libgdx,SequenceAction,SequenceAction,Action,0
libgdx,TemporalAction,getInterpolation,Interpolation,0
libgdx,TemporalAction,setInterpolation,Interpolation,0
libgdx,Button,Button,Skin,0
libgdx,Button,Button,Skin,0
libgdx,Button,Button,Skin,0
libgdx,Button,Button,Actor,0
libgdx,Button,Button,Skin,0
libgdx,Button,isPressed,ClickListener,0
libgdx,Button,isOver,ClickListener,0
libgdx,Button,getClickListener,ClickListener,0
libgdx,Button,getButtonGroup,ButtonGroup,0
libgdx,Cell,setTable,Table,0
libgdx,Cell,setActor,Actor,0
libgdx,Cell,getActor,Actor,0
libgdx,Cell,hasActor,Actor,0
libgdx,Cell,minWidth,Value,0
libgdx,Cell,minHeight,Value,0
libgdx,Cell,prefWidth,Value,0
libgdx,Cell,prefHeight,Value,0
libgdx,Cell,maxWidth,Value,0
libgdx,Cell,maxHeight,Value,0
libgdx,Cell,spaceTop,Value,0
libgdx,Cell,spaceLeft,Value,0
libgdx,Cell,spaceBottom,Value,0
libgdx,Cell,spaceRight,Value,0
libgdx,Cell,padTop,Value,0
libgdx,Cell,padLeft,Value,0
libgdx,Cell,padBottom,Value,0
libgdx,Cell,padRight,Value,0
libgdx,Cell,getMinHeightValue,Value,0
libgdx,Cell,getPrefHeightValue,Value,0
libgdx,Cell,getMaxHeightValue,Value,0
libgdx,Cell,getSpaceRightValue,Value,0
libgdx,Cell,getPadRightValue,Value,0
libgdx,Cell,row,Table,0
libgdx,Cell,getTable,Table,0
libgdx,Cell,defaults,Cell,0
libgdx,CheckBox,CheckBox,Skin,0
libgdx,CheckBox,CheckBox,Skin,0
libgdx,CheckBox,getImage,Image,0
libgdx,CheckBox,getImageCell,Cell,0
libgdx,Container,setCullingArea,Rectangle,0
libgdx,Container,addActor,Actor,0
libgdx,Container,addActorAt,Actor,0
libgdx,Container,addActorBefore,Actor,0
libgdx,Container,addActorAfter,Actor,0
libgdx,Container,removeActor,Actor,0
libgdx,Container,minWidth,Value,0
libgdx,Container,minHeight,Value,0
libgdx,Container,prefWidth,Value,0
libgdx,Container,prefHeight,Value,0
libgdx,Container,maxWidth,Value,0
libgdx,Container,maxHeight,Value,0
libgdx,Container,padTop,Value,0
libgdx,Container,padLeft,Value,0
libgdx,Container,padBottom,Value,0
libgdx,Container,padRight,Value,0
libgdx,Container,getMinHeightValue,Value,0
libgdx,Container,getPrefHeightValue,Value,0
libgdx,Container,getMaxHeightValue,Value,0
libgdx,Container,getPadRightValue,Value,0
libgdx,Container,getPadRight,Value,0
libgdx,Container,drawDebug,Value,0
libgdx,Dialog,Dialog,Skin,0
libgdx,Dialog,Dialog,Skin,0
libgdx,Dialog,setStage,Stage,0
libgdx,Dialog,getButtonTable,Table,0
libgdx,Dialog,text,Label,0
libgdx,Dialog,button,Button,0
libgdx,Image,Image,Texture,0
libgdx,Image,Image,Skin,0
libgdx,Image,Image,Scaling,0
libgdx,Image,Image,Scaling,0
libgdx,ImageButton,ImageButton,Skin,0
libgdx,ImageButton,ImageButton,Skin,0
libgdx,ImageButton,updateImage,Image,0
libgdx,ImageButton,getImage,Image,0
libgdx,ImageButton,getImageCell,Image,0
libgdx,ImageTextButton,ImageTextButton,Skin,0
libgdx,ImageTextButton,ImageTextButton,Skin,0
libgdx,ImageTextButton,updateImage,Image,0
libgdx,ImageTextButton,getImage,Image,0
libgdx,ImageTextButton,getImageCell,Image,0
libgdx,ImageTextButton,getLabel,Label,0
libgdx,ImageTextButton,getLabelCell,Label,0
libgdx,ImageTextButton,getText,Label,0
libgdx,Label,Label,Skin,0
libgdx,Label,Label,Skin,0
libgdx,Label,Label,Color,0
libgdx,Label,Label,Skin,0
libgdx,Label,setText,StringBuilder,0
libgdx,Label,getText,StringBuilder,0
libgdx,Label,getGlyphLayout,GlyphLayout,0
libgdx,Label,getBitmapFontCache,BitmapFontCache,0
libgdx,List,List,Skin,0
libgdx,List,List,Skin,0
libgdx,List,setCullingArea,Rectangle,0
libgdx,List,getCullingArea,Rectangle,0
libgdx,List,getKeyListener,InputListener,0
libgdx,ParticleEffectActor,ParticleEffectActor,ParticleEffect,0
libgdx,ParticleEffectActor,ParticleEffectActor,TextureAtlas,0
libgdx,ParticleEffectActor,ParticleEffectActor,FileHandle,0
libgdx,ParticleEffectActor,getEffect,ParticleEffect,0
libgdx,ParticleEffectActor,allowCompletion,ParticleEffect,0
libgdx,ParticleEffectActor,dispose,ParticleEffect,0
libgdx,ProgressBar,ProgressBar,Skin,0
libgdx,ProgressBar,ProgressBar,Skin,0
libgdx,ProgressBar,setAnimateInterpolation,Interpolation,0
libgdx,ProgressBar,setVisualInterpolation,Interpolation,0
libgdx,ScrollPane,ScrollPane,Skin,0
libgdx,ScrollPane,ScrollPane,Skin,0
libgdx,ScrollPane,setActor,Actor,0
libgdx,ScrollPane,getActor,Actor,0
libgdx,ScrollPane,setWidget,Actor,0
libgdx,ScrollPane,getWidget,Actor,0
libgdx,ScrollPane,addActor,Actor,0
libgdx,ScrollPane,addActorAt,Actor,0
libgdx,ScrollPane,addActorBefore,Actor,0
libgdx,ScrollPane,addActorAfter,Actor,0
libgdx,ScrollPane,removeActor,Actor,0
libgdx,ScrollPane,setFlickScrollTapSquareSize,ActorGestureListener,0
libgdx,ScrollPane,getScrollWidth,Rectangle,0
libgdx,ScrollPane,getScrollHeight,Rectangle,0
libgdx,ScrollPane,isPanning,ActorGestureListener,0
libgdx,SelectBox,SelectBox,Skin,0
libgdx,SelectBox,SelectBox,Skin,0
libgdx,SelectBox,setStage,Stage,0
libgdx,SelectBox,isOver,ClickListener,0
libgdx,SelectBox,getClickListener,ClickListener,0
libgdx,Skin,Skin,FileHandle,0
libgdx,Skin,Skin,TextureAtlas,0
libgdx,Skin,Skin,TextureAtlas,0
libgdx,Skin,load,FileHandle,0
libgdx,Skin,newDrawable,Color,0
libgdx,Skin,getAtlas,TextureAtlas,0
libgdx,Slider,Slider,Skin,0
libgdx,Slider,Slider,Skin,0
libgdx,Slider,setVisualInterpolationInverse,Interpolation,0
libgdx,SplitPane,SplitPane,Skin,0
libgdx,SplitPane,SplitPane,Skin,0
libgdx,SplitPane,setSecondWidget,Actor,0
libgdx,SplitPane,addActor,Actor,0
libgdx,SplitPane,addActorAt,Actor,0
libgdx,SplitPane,addActorBefore,Actor,0
libgdx,SplitPane,removeActor,Actor,0
libgdx,SplitPane,removeActor,Actor,0
libgdx,Stack,add,Actor,0
libgdx,Table,removeActor,Actor,0
libgdx,Table,defaults,Cell,0
libgdx,Table,getPadRightValue,Value,0
libgdx,Table,getPadRight,Value,0
libgdx,Table,setSkin,Skin,0
libgdx,Table,drawDebug,Value,0
libgdx,Table,drawDebugBounds,ShapeRenderer,0
libgdx,Table,getSkin,Skin,0
libgdx,TextArea,TextArea,Skin,0
libgdx,TextArea,TextArea,Skin,0
libgdx,TextArea,letterUnderCursor,IntArray,0
libgdx,TextArea,moveCursorLine,IntArray,0
libgdx,TextArea,getTextY,BitmapFont,0
libgdx,TextArea,calculateOffsets,IntArray,0
libgdx,TextButton,TextButton,Skin,0
libgdx,TextButton,TextButton,Skin,0
libgdx,TextButton,getLabel,Label,0
libgdx,TextButton,getLabelCell,Label,0
libgdx,TextButton,getText,Label,0
libgdx,TextField,TextField,Skin,0
libgdx,TextField,TextField,Skin,0
libgdx,TextField,getDefaultInputListener,InputListener,0
libgdx,TextTooltip,TextTooltip,Skin,0
libgdx,TextTooltip,TextTooltip,Skin,0
libgdx,TextTooltip,TextTooltip,Skin,0
libgdx,TextTooltip,TextTooltip,Skin,0
libgdx,Tooltip,Tooltip,TooltipManager,0
libgdx,Tooltip,getManager,TooltipManager,0
libgdx,Tooltip,touchDown,TooltipManager,0
libgdx,Tooltip,exit,InputEvent,0
libgdx,Tooltip,hide,TooltipManager,0
libgdx,TooltipManager,getInstance,TooltipManager,0
libgdx,Touchpad,Touchpad,Skin,0
libgdx,Touchpad,Touchpad,Skin,0
libgdx,Touchpad,getKnobX,Vector2,0
libgdx,Touchpad,getKnobY,Vector2,0
libgdx,Touchpad,getKnobPercentX,Vector2,0
libgdx,Touchpad,getKnobPercentY,Vector2,0
libgdx,Tree,Tree,Skin,0
libgdx,Tree,Tree,Skin,0
libgdx,Tree,getClickListener,ClickListener,0
libgdx,Window,Window,Skin,0
libgdx,Window,Window,Skin,0
libgdx,Window,getTitleTable,Table,0
libgdx,Window,getTitleLabel,Label,0
libgdx,ActorGestureListener,touchDown,InputEvent,0
libgdx,ActorGestureListener,touchUp,InputEvent,0
libgdx,ActorGestureListener,tap,InputEvent,0
libgdx,ActorGestureListener,longPress,Actor,0
libgdx,ActorGestureListener,fling,InputEvent,0
libgdx,ActorGestureListener,pan,InputEvent,0
libgdx,ActorGestureListener,panStop,InputEvent,0
libgdx,ActorGestureListener,zoom,InputEvent,0
libgdx,ActorGestureListener,pinch,Vector2,0
libgdx,ActorGestureListener,getGestureDetector,GestureDetector,0
libgdx,ActorGestureListener,getTouchDownTarget,Actor,0
libgdx,ChangeListener,changed,Actor,0
libgdx,ClickListener,touchUp,InputEvent,0
libgdx,ClickListener,enter,InputEvent,0
libgdx,ClickListener,exit,InputEvent,0
libgdx,ClickListener,clicked,InputEvent,0
libgdx,DragAndDrop,getDragActor,Actor,0
libgdx,DragListener,touchDragged,InputEvent,0
libgdx,DragListener,touchUp,InputEvent,0
libgdx,DragListener,dragStart,InputEvent,0
libgdx,DragListener,drag,InputEvent,0
libgdx,DragListener,dragStop,InputEvent,0
libgdx,DragScrollListener,scroll,ScrollPane,0
libgdx,FocusListener,handle,Event,0
libgdx,FocusListener,keyboardFocusChanged,Actor,0
libgdx,FocusListener,scrollFocusChanged,Actor,0
libgdx,NinePatchDrawable,NinePatchDrawable,NinePatch,0
libgdx,NinePatchDrawable,NinePatchDrawable,NinePatchDrawable,0
libgdx,NinePatchDrawable,setPatch,NinePatch,0
libgdx,NinePatchDrawable,getPatch,NinePatch,0
libgdx,ScissorStack,getViewport,Rectangle,0
libgdx,Selection,setActor,Actor,0
libgdx,Selection,fireChangeEvent,Actor,0
libgdx,SpriteDrawable,SpriteDrawable,Sprite,0
libgdx,SpriteDrawable,SpriteDrawable,SpriteDrawable,0
libgdx,SpriteDrawable,getSprite,Sprite,0
libgdx,TextureRegionDrawable,TextureRegionDrawable,Texture,0
libgdx,TextureRegionDrawable,TextureRegionDrawable,TextureRegion,0
libgdx,TextureRegionDrawable,TextureRegionDrawable,TextureRegionDrawable,0
libgdx,TextureRegionDrawable,setRegion,TextureRegion,0
libgdx,TextureRegionDrawable,getRegion,TextureRegion,0
libgdx,TiledDrawable,TiledDrawable,TextureRegion,0
libgdx,TiledDrawable,TiledDrawable,TextureRegionDrawable,0
libgdx,TiledDrawable,getColor,Color,0
libgdx,Bits,Bits,Bits,0
libgdx,BooleanArray,BooleanArray,BooleanArray,0
libgdx,BufferUtils,transform,Matrix4,0
libgdx,BufferUtils,transform,Matrix4,0
libgdx,BufferUtils,transform,Matrix3,0
libgdx,BufferUtils,transform,Matrix3,0
libgdx,ByteArray,ByteArray,ByteArray,0
libgdx,CharArray,CharArray,CharArray,0
libgdx,DelayedRemovalArray,DelayedRemovalArray,Array,0
libgdx,DelayedRemovalArray,end,IntArray,0
libgdx,DelayedRemovalArray,removeIndex,IntArray,0
libgdx,DelayedRemovalArray,removeRange,IntArray,0
libgdx,FloatArray,FloatArray,FloatArray,0
libgdx,I18NBundle,createBundle,FileHandle,0
libgdx,I18NBundle,createBundle,FileHandle,0
libgdx,I18NBundle,createBundle,FileHandle,0
libgdx,I18NBundle,checkFileExistence,FileHandle,0
libgdx,IntArray,IntArray,IntArray,0
libgdx,IntFloatMap,IntFloatMap,IntFloatMap,0
libgdx,IntIntMap,IntIntMap,IntIntMap,0
libgdx,IntSet,IntSet,IntSet,0
libgdx,Json,toJson,JsonWriter,0
libgdx,Json,toJson,JsonWriter,0
libgdx,Json,getWriter,JsonWriter,0
libgdx,Json,setReader,JsonReader,0
libgdx,Json,getReader,JsonReader,0
libgdx,Json,writeValue,JsonWriter,0
libgdx,Json,writeValue,JsonWriter,0
libgdx,Json,writeValue,JsonWriter,0
libgdx,Json,writeValue,JsonWriter,0
libgdx,Json,writeObjectStart,JsonWriter,0
libgdx,Json,writeObjectStart,JsonWriter,0
libgdx,Json,writeObjectStart,JsonWriter,0
libgdx,Json,writeObjectStart,JsonWriter,0
libgdx,Json,writeObjectEnd,JsonWriter,0
libgdx,Json,writeArrayStart,JsonWriter,0
libgdx,Json,writeArrayStart,JsonWriter,0
libgdx,Json,writeArrayEnd,JsonWriter,0
libgdx,Json,writeType,JsonWriter,0
libgdx,Json,fromJson,JsonReader,0
libgdx,Json,fromJson,JsonReader,0
libgdx,Json,readField,JsonValue,0
libgdx,Json,readField,JsonValue,0
libgdx,Json,readValue,JsonValue,0
libgdx,Json,readValue,JsonValue,0
libgdx,Json,readValue,JsonValue,0
libgdx,JsonReader,parse,FileHandle,0
libgdx,JsonSkimmer,parse,FileHandle,0
libgdx,JsonString,getBuffer,StringBuilder,0
libgdx,JsonString,toString,StringBuilder,0
libgdx,JsonValue,JsonValue,JsonValue,0
libgdx,JsonValue,JsonValue,JsonValue,0
libgdx,JsonValue,remove,JsonValue,0
libgdx,JsonValue,parent,JsonValue,0
libgdx,JsonValue,prev,JsonValue,0
libgdx,JsonValue,setPrev,JsonValue,0
libgdx,JsonValue,prettyPrint,StringBuilder,0
libgdx,JsonValue,prettyPrint,JsonValue,0
libgdx,LongArray,LongArray,LongArray,0
libgdx,Pools,freeAll,Array,0
libgdx,QuadTreeFloat,query,FloatArray,0
libgdx,QuadTreeFloat,query,FloatArray,0
libgdx,QuadTreeFloat,findNearestInternal,FloatArray,0
libgdx,QuadTreeFloat,reset,QuadTreeFloat,0
libgdx,ReflectionPool,findConstructor,Constructor,0
libgdx,ReflectionPool,newObject,Constructor,0
libgdx,Select,instance,Select,0
libgdx,Select,selectIndex,QuickSelect,0
libgdx,ShortArray,ShortArray,ShortArray,0
libgdx,SnapshotArray,SnapshotArray,Array,0
libgdx,Sort,instance,Sort,0
libgdx,StringBuilder,StringBuilder,StringBuilder,0
libgdx,StringBuilder,append,StringBuilder,0
libgdx,StringBuilder,append,StringBuilder,0
libgdx,UBJsonReader,parse,FileHandle,0
libgdx,UBJsonWriter,value,JsonValue,0
libgdx,XmlReader,parse,FileHandle,0
libgdx,Decoder,SetDictionarySize,OutWindow,0
libgdx,BitTreeDecoder,Decode,Decoder,0
libgdx,BitTreeDecoder,ReverseDecode,Decoder,0
libgdx,BitTreeDecoder,ReverseDecode,Decoder,0
libgdx,BitTreeEncoder,Encode,Encoder,0
libgdx,ExtendViewport,ExtendViewport,Camera,0
libgdx,ExtendViewport,ExtendViewport,Camera,0
libgdx,ExtendViewport,setScaling,Scaling,0
libgdx,FillViewport,FillViewport,Camera,0
libgdx,FitViewport,FitViewport,Camera,0
libgdx,ScalingViewport,ScalingViewport,Scaling,0
libgdx,ScalingViewport,ScalingViewport,Camera,0
libgdx,ScalingViewport,getScaling,Scaling,0
libgdx,ScalingViewport,setScaling,Scaling,0
libgdx,ScreenViewport,ScreenViewport,Camera,0
libgdx,StretchViewport,StretchViewport,Camera,0
libgdx,Viewport,getCamera,Camera,0
libgdx,Viewport,setCamera,Camera,0
libgdx,AnimationControllerTest,assertSameAnimation,Animation,0
libgdx,LongQueueTest,assertEqualsAndHash,LongQueue,0
libgdx,SortTest,setUp,Sort,0
libgdx,SortTest,testSortEmptyArray,Sort,0
libgdx,SortTest,testSortSingleElementArray,Sort,0
freeplane,NodeEnumerationAction,actionPerformed,NodeModel,0
freeplane,NodeEnumerationAttributeHandler,registerBy,WriteManager,0
freeplane,UnknownElements,getUnknownElements,XMLElement,0
freeplane,StdXMLBuilder,getLastBuiltElement,XMLElement,0
freeplane,StdXMLBuilder,getParentElement,XMLElement,0
freeplane,TreeXmlReader,addAttribute,StdXMLBuilder,0
freeplane,TreeXmlReader,addPCData,StdXMLBuilder,1
freeplane,TreeXmlReader,elementAttributesProcessed,XMLElement,1
freeplane,TreeXmlReader,endElement,XMLElement,1
freeplane,TreeXmlReader,getAttributeLoaders,ReadManager,0
freeplane,TreeXmlReader,getElementHandlers,ReadManager,0
freeplane,TreeXmlReader,load,XMLParser,1
freeplane,TreeXmlReader,newProcessingInstruction,StdXMLBuilder,1
freeplane,TreeXmlReader,startBuilding,XMLElement,0
freeplane,TreeXmlReader,startElement,XMLParser,0
freeplane,TreeXmlWriter,flush,XMLWriter,0
freeplane,TreeXmlWriter,addAttribute,XMLElement,0
freeplane,TreeXmlWriter,addComment,XMLWriter,0
freeplane,TreeXmlWriter,addElement,XMLWriter,0
freeplane,TreeXmlWriter,addElementContent,XMLWriter,0
freeplane,TreeXmlWriter,addExtensionAttributes,WriteManager,1
freeplane,TreeXmlWriter,addExtensionNodes,WriteManager,1
freeplane,TreeXmlWriter,getAttributeWriters,WriteManager,0
freeplane,TreeXmlWriter,getNodeWriters,WriteManager,0
freeplane,ResourceController,addLanguageResources,ResourceBundles,0
freeplane,ResourceController,addLanguageResources,ResourceBundles,0
freeplane,ResourceController,putUserResourceString,ResourceBundles,0
freeplane,ResourceController,putResourceString,ResourceBundles,0
freeplane,ResourceController,loadAnotherLanguage,ResourceBundles,1
freeplane,ResourceController,getResources,ResourceBundles,0
freeplane,ResourceController,getLanguageCode,ResourceBundles,0
freeplane,ResourceController,getDefaultLanguageCode,ResourceBundles,0
freeplane,ResourceController,getAcceleratorManager,ActionAcceleratorManager,0
freeplane,WindowConfigurationStorage,marshallSpecificElements,XMLElement,0
freeplane,ButtonPanelProperty,ButtonPanelProperty,ButtonSelectorPanel,0
freeplane,ButtonPanelProperty,getValue,ButtonSelectorPanel,0
freeplane,ButtonPanelProperty,getPossibleValues,ButtonSelectorPanel,0
freeplane,ButtonPanelProperty,setValue,ButtonSelectorPanel,0
freeplane,ButtonPanelProperty,showButtonPanel,ButtonSelectorPanel,0
freeplane,ColorProperty,chooseColor,JColorButton,0
freeplane,ColorProperty,getValueComponent,JColorButton,0
freeplane,ColorProperty,appendToForm,JColorButton,0
freeplane,ColorProperty,setColorValue,JColorButton,0
freeplane,ColorProperty,setEnabled,JColorButton,0
freeplane,IconProperty,getValue,MindIcon,0
freeplane,IconProperty,setValue,MindIcon,0
freeplane,IconProperty,getIcon,MindIcon,0
freeplane,OptionPanel,addChildControls,BooleanProperty,0
freeplane,OptionPanelBuilder,addCreator,IndexedTree,0
freeplane,OptionPanelBuilder,addCreator,IndexedTree,0
freeplane,OptionPanelBuilder,addTab,IndexedTree,0
freeplane,OptionPanelBuilder,getReadManager,ReadManager,0
freeplane,OptionPanelBuilder,getTree,IndexedTree,0
freeplane,OptionPanelBuilder,initReadManager,ReadManager,0
freeplane,OptionPanelBuilder,load,ReadManager,0
freeplane,AMultipleNodeAction,actionPerformed,NodeModel,0
freeplane,AccelerateableAction,actionPerformed,AFreeplaneAction,0
freeplane,AccelerateableAction,addPropertyChangeListener,AFreeplaneAction,0
freeplane,AccelerateableAction,afterMapChange,AFreeplaneAction,0
freeplane,AccelerateableAction,getValue,AFreeplaneAction,0
freeplane,AccelerateableAction,isEnabled,AFreeplaneAction,0
freeplane,AccelerateableAction,isSelected,AFreeplaneAction,0
freeplane,AccelerateableAction,setSelected,AFreeplaneAction,0
freeplane,AccelerateableAction,getOriginalAction,AFreeplaneAction,0
freeplane,AccelerateableAction,putValue,AFreeplaneAction,0
freeplane,AccelerateableAction,removePropertyChangeListener,AFreeplaneAction,0
freeplane,AccelerateableAction,setEnabled,AFreeplaneAction,0
freeplane,AccelerateableAction,getIconKey,AFreeplaneAction,0
freeplane,ActionAcceleratorManager,key,ModeController,0
freeplane,ActionAcceleratorManager,setAccelerator,ModeController,0
freeplane,ActionAcceleratorManager,setUserDefinedAccelerator,AFreeplaneAction,0
freeplane,ActionAcceleratorManager,removeActionAccelerator,AFreeplaneAction,0
freeplane,ActionAcceleratorManager,removeAccelerator,ModeController,0
freeplane,ActionAcceleratorManager,getAccelerator,AFreeplaneAction,0
freeplane,ActionAcceleratorManager,fireAcceleratorChanged,AFreeplaneAction,0
freeplane,CommandToNode,insertNode,AFreeplaneAction,0
freeplane,CommandToNode,getCommandText,AFreeplaneAction,0
freeplane,AutoHide,stop,MouseInsideListener,0
freeplane,ContainerComboBoxEditor,put,TranslatedObject,0
freeplane,FreeplaneToolBar,createButton,AFreeplaneAction,0
freeplane,MultipleImageIcon,addIcon,IconRow,0
freeplane,MultipleImageIcon,addIcon,IconRow,0
freeplane,MultipleImageIcon,addLinkIcon,IconRow,0
freeplane,MultipleImageIcon,addIcon,IconRow,0
freeplane,MultipleImageIcon,addTag,TagIcon,0
freeplane,MultipleImageIcon,getGraphicalIconHeight,IconRow,0
freeplane,MultipleImageIcon,getGraphicalIconWidth,IconRow,0
freeplane,MultipleImageIcon,getImageCount,IconRow,0
freeplane,MultipleImageIcon,paintIcon,IconRow,0
freeplane,MultipleImageIcon,getUIIconAt,IconRow,0
freeplane,MultipleImageIcon,getIconR,IconRow,0
freeplane,MultipleImageIcon,containsIcons,IconRow,0
freeplane,OptionalDontShowMeAgainDialog,show,NodeModel,0
freeplane,TagIcon,TagIcon,Tag,0
freeplane,TagIcon,TagIcon,Tag,0
freeplane,TagIcon,TagIcon,Tag,0
freeplane,TagIcon,TagIcon,Tag,0
freeplane,TagIcon,paintIcon,Tag,0
freeplane,TagIcon,getTag,Tag,0
freeplane,TagIcon,toString,Tag,0
freeplane,TypedListCellRenderer,getInstance,TypedListCellRenderer,0
freeplane,JCalendar,getDayChooser,JDayChooser,0
freeplane,JCalendar,getDecorationBackgroundColor,JDayChooser,0
freeplane,JCalendar,getMaxDayCharacters,JDayChooser,0
freeplane,JCalendar,getMaxSelectableDate,JDayChooser,0
freeplane,JCalendar,getMinSelectableDate,JDayChooser,0
freeplane,JCalendar,getMonthChooser,JMonthChooser,0
freeplane,JCalendar,getSundayForeground,JDayChooser,0
freeplane,JCalendar,getWeekdayForeground,JDayChooser,0
freeplane,JCalendar,getYearChooser,JYearChooser,0
freeplane,JCalendar,isDecorationBackgroundVisible,JDayChooser,0
freeplane,JCalendar,isDecorationBordersVisible,JDayChooser,0
freeplane,JCalendar,isWeekOfYearVisible,JDayChooser,0
freeplane,JCalendar,setBackground,JDayChooser,0
freeplane,JCalendar,setCalendar,JDayChooser,0
freeplane,JCalendar,setDate,JDayChooser,0
freeplane,JCalendar,setDecorationBackgroundColor,JDayChooser,0
freeplane,JCalendar,setDecorationBackgroundVisible,JDayChooser,0
freeplane,JCalendar,setDecorationBordersVisible,JDayChooser,0
freeplane,JCalendar,setEnabled,JYearChooser,0
freeplane,JCalendar,setFont,JYearChooser,0
freeplane,JCalendar,setForeground,JYearChooser,0
freeplane,JCalendar,setLocale,JMonthChooser,0
freeplane,JCalendar,setMaxDayCharacters,JDayChooser,0
freeplane,JCalendar,setMaxSelectableDate,JDayChooser,0
freeplane,JCalendar,setMinSelectableDate,JDayChooser,0
freeplane,JCalendar,setSelectableDateRange,JDayChooser,0
freeplane,JCalendar,setSundayForeground,JDayChooser,0
freeplane,JCalendar,setTodayBackground,JDayChooser,0
freeplane,JCalendar,setWeekdayForeground,JDayChooser,0
freeplane,JCalendar,setWeekOfYearVisible,JDayChooser,0
freeplane,JCalendar,isTimeVisible,JTimeChooser,0
freeplane,JDayChooser,keyPressed,JMonthChooser,0
freeplane,JDayChooser,setMonthChooser,JMonthChooser,0
freeplane,JDayChooser,setYearChooser,JYearChooser,0
freeplane,JMonthChooser,setDayChooser,JDayChooser,0
freeplane,JMonthChooser,setMonth,JDayChooser,0
freeplane,JMonthChooser,setYearChooser,JYearChooser,0
freeplane,JMonthChooser,stateChanged,JYearChooser,0
freeplane,JTimeChooser,setCalendar,JSpinField,0
freeplane,JTimeChooser,getHour,JSpinField,0
freeplane,JTimeChooser,getMinute,JSpinField,0
freeplane,JTripleCalendar,getCalendar,JCalendar,0
freeplane,JTripleCalendar,propertyChange,JCalendar,0
freeplane,JTripleCalendar,setCalendar,JCalendar,0
freeplane,JTripleCalendar,setDate,JCalendar,0
freeplane,JYearChooser,setDayChooser,JDayChooser,0
freeplane,JYearChooser,setYear,JDayChooser,0
freeplane,GlyphPainterMetricResetter,resetPainter,GlyphPainterMetricResetter,0
freeplane,ScaledEditorKit,create,ScaledEditorKit,0
freeplane,SynchronousScaledEditorKit,create,ScaledEditorKit,0
freeplane,UIComponentVisibilityDispatcher,setResizer,OneTouchCollapseResizer,0
freeplane,UIComponentVisibilityDispatcher,makeComponentVisible,OneTouchCollapseResizer,0
freeplane,XmlEntryStructureBuilder,visit,Entry,0
freeplane,XmlEntryStructureBuilder,shouldSkipChildren,Entry,0
freeplane,MenuStructureXmlHandler,MenuStructureXmlHandler,Entry,0
freeplane,AcceleratorBuilder,AcceleratorBuilder,EntriesForAction,0
freeplane,AcceleratorBuilder,visit,EntriesForAction,0
freeplane,AcceleratorBuilder,shouldSkipChildren,Entry,0
freeplane,AcceleratorDestroyer,AcceleratorDestroyer,EntriesForAction,0
freeplane,AcceleratorDestroyer,visit,EntriesForAction,0
freeplane,AcceleratorDestroyer,shouldSkipChildren,Entry,0
freeplane,ActionFinder,shouldSkipChildren,Entry,0
freeplane,ComponentBuilder,visit,Entry,0
freeplane,ComponentBuilder,shouldSkipChildren,Entry,0
freeplane,EntriesForAction,registerEntry,Entry,0
freeplane,EntriesForAction,unregisterEntry,Entry,0
freeplane,EntriesForAction,entries,AFreeplaneAction,0
freeplane,EntriesForAction,contains,AFreeplaneAction,0
freeplane,AttributeAlreadySetException,AttributeAlreadySetException,Entry,0
freeplane,ChildActionEntryRemover,visit,Entry,0
freeplane,ChildActionEntryRemover,unregisterActions,EntryAccessor,0
freeplane,ChildEntryFilter,shouldRemove,Entry,0
freeplane,ChildEntryFilter,visit,Entry,0
freeplane,ChildEntryFilter,shouldSkipChildren,Entry,0
freeplane,ChildEntryRemover,visit,Entry,0
freeplane,ChildEntryRemover,shouldSkipChildren,Entry,0
freeplane,EmptyEntryVisitor,visit,Entry,0
freeplane,EmptyEntryVisitor,shouldSkipChildren,Entry,0
freeplane,Entry,setAction,AFreeplaneAction,1
freeplane,Entry,addConstraint,Entry,0
freeplane,Entry,addChild,Entry,0
freeplane,Entry,setParent,Entry,0
freeplane,Entry,getParent,Entry,0
freeplane,Entry,getPath,Entry,0
freeplane,Entry,getRoot,Entry,0
freeplane,Entry,remove,Entry,0
freeplane,EntryAccessor,setAction,AFreeplaneAction,0
freeplane,EntryAccessor,setText,Entry,1
freeplane,EntryAccessor,setIcon,Entry,1
freeplane,EntryAccessor,drawMenuIconAlways,Entry,1
freeplane,EntryAccessor,processUiOnPopup,Entry,1
freeplane,EntryAccessor,shouldRemoveMenuIcon,Entry,0
freeplane,EntryAccessor,getAccelerator,Entry,1
freeplane,EntryAccessor,addChildAction,AFreeplaneAction,0
freeplane,EntryAccessor,getLocationDescription,Entry,0
freeplane,EntryAccessor,buildLocationDescription,Entry,0
freeplane,EntryNavigator,instance,EntryNavigator,0
freeplane,EntryNavigator,findChildByPath,Entry,0
freeplane,EntryPopupListenerCollection,childEntriesWillBecomeVisible,Entry,0
freeplane,EntryPopupListenerCollection,childEntriesHidden,Entry,0
freeplane,IllegalEntryVisitor,visit,Entry,0
freeplane,IllegalEntryVisitor,shouldSkipChildren,Entry,0
freeplane,PhaseProcessor,build,Entry,0
freeplane,PhaseProcessor,forChildren,Entry,0
freeplane,PhaseProcessor,withPhase,RecursiveMenuStructureProcessor,1
freeplane,PhaseProcessor,destroy,Entry,0
freeplane,PhaseProcessor,buildChildren,Entry,0
freeplane,RecursiveMenuStructureProcessor,RecursiveMenuStructureProcessor,BuilderDestroyerPair,0
freeplane,RecursiveMenuStructureProcessor,addBuilderPair,BuilderDestroyerPair,0
freeplane,RecursiveMenuStructureProcessor,build,Entry,0
freeplane,RecursiveMenuStructureProcessor,process,Entry,0
freeplane,RecursiveMenuStructureProcessor,process,Entry,0
freeplane,RecursiveMenuStructureProcessor,destroy,Entry,0
freeplane,RecursiveMenuStructureProcessor,shouldProcessOnEvent,Entry,0
freeplane,RecursiveMenuStructureProcessor,shouldProcessUiOnEvent,Entry,0
freeplane,RecursiveMenuStructureProcessor,processChildren,Entry,0
freeplane,RecursiveMenuStructureProcessor,builderDestroyerPair,Entry,0
freeplane,RecursiveMenuStructureProcessor,changeDefaultBuilder,BuilderDestroyerPair,0
freeplane,RecursiveMenuStructureProcessor,visitorToCall,Entry,0
freeplane,RecursiveMenuStructureProcessor,setDefaultBuilder,BuilderDestroyerPair,0
freeplane,RecursiveMenuStructureProcessor,setDefaultBuilderPair,BuilderDestroyerPair,0
freeplane,RecursiveMenuStructureProcessor,setDefaultBuilderPair,BuilderDestroyerPair,0
freeplane,RecursiveMenuStructureProcessor,findSubtreeChildrenDefaultBuilder,BuilderDestroyerPair,0
freeplane,RecursiveMenuStructureProcessor,explicitDefaultBuilderEntry,Entry,0
freeplane,RecursiveMenuStructureProcessor,explicitBuilderName,Entry,0
freeplane,RecursiveMenuStructureProcessor,forChildren,Entry,0
freeplane,SkippingEntryVisitor,visit,Entry,0
freeplane,SkippingEntryVisitor,shouldSkipChildren,Entry,0
freeplane,SubtreeProcessor,setProcessor,PhaseProcessor,0
freeplane,SubtreeProcessor,childEntriesWillBecomeVisible,Entry,0
freeplane,SubtreeProcessor,buildChildren,Entry,0
freeplane,SubtreeProcessor,rebuildEntry,PhaseProcessor,0
freeplane,SubtreeProcessor,forChildren,PhaseProcessor,0
freeplane,SubtreeProcessor,childEntriesHidden,Entry,0
freeplane,SubtreeProcessor,destroyChildren,Entry,0
freeplane,SubtreeProcessor,rebuildChildren,Entry,0
freeplane,ConditionalActionBuilder,visit,Entry,0
freeplane,ConditionalActionBuilder,shouldSkipChildren,Entry,0
freeplane,EmptyMenuItemBuilder,visit,EntryAccessor,0
freeplane,EmptyMenuItemBuilder,getMenuItemContainer,EntryAccessor,0
freeplane,EmptyMenuItemBuilder,shouldSkipChildren,Entry,0
freeplane,IconReplacer,replaceByImageIcon,EntryAccessor,0
freeplane,JBigButton,JBigButton,AFreeplaneAction,0
freeplane,JComponentRemover,visit,Entry,0
freeplane,JComponentRemover,removeMenuComponent,MenuSplitter,0
freeplane,JComponentRemover,shouldSkipChildren,Entry,0
freeplane,JMenuItemBuilder,JMenuItemBuilder,AcceleratebleActionProvider,0
freeplane,JMenuItemBuilder,visit,Entry,0
freeplane,JMenuItemBuilder,containsSubmenu,EntryAccessor,0
freeplane,JMenuItemBuilder,addActionItem,Entry,0
freeplane,JMenuItemBuilder,createActionComponent,EntryAccessor,0
freeplane,JMenuItemBuilder,addComponent,EntryAccessor,0
freeplane,JMenuItemBuilder,addSubmenu,MenuSplitter,0
freeplane,JMenuItemBuilder,setTranslationKey,EntryAccessor,0
freeplane,JMenuItemBuilder,shouldSkipChildren,Entry,0
freeplane,JMenuRadioGroupBuilder,JMenuRadioGroupBuilder,AcceleratebleActionProvider,0
freeplane,JMenuRadioGroupBuilder,visit,AcceleratebleActionProvider,0
freeplane,JMenuRadioGroupBuilder,shouldSkipChildren,Entry,0
freeplane,JMenubarBuilder,visit,Entry,0
freeplane,JMenubarBuilder,shouldSkipChildren,Entry,0
freeplane,JRadioButtonGroupComponentRemover,visit,JComponentRemover,0
freeplane,JRadioButtonGroupComponentRemover,shouldSkipChildren,Entry,0
freeplane,JToolbarBuilder,visit,Entry,0
freeplane,JToolbarBuilder,shouldSkipChildren,Entry,0
freeplane,JToolbarComponentBuilder,visit,Entry,1
freeplane,JToolbarComponentBuilder,layoutConstraintsForEntry,Entry,0
freeplane,JToolbarComponentBuilder,shouldSkipChildren,Entry,0
freeplane,MenuAcceleratorChangeListener,MenuAcceleratorChangeListener,EntriesForAction,0
freeplane,MenuAcceleratorChangeListener,acceleratorChanged,AFreeplaneAction,0
freeplane,MenuActionComponentProvider,MenuActionComponentProvider,AcceleratebleActionProvider,0
freeplane,MenuActionComponentProvider,createComponent,AcceleratebleActionProvider,0
freeplane,MenuBuildProcessFactory,getBuildProcessor,PhaseProcessor,0
freeplane,MenuBuildProcessFactory,getChildProcessor,SubtreeProcessor,0
freeplane,MenuBuildProcessFactory,MenuBuildProcessFactory,EntriesForAction,0
freeplane,MenuRadioActionComponentProvider,MenuRadioActionComponentProvider,AcceleratebleActionProvider,0
freeplane,MenuRadioActionComponentProvider,createComponent,AcceleratebleActionProvider,0
freeplane,PopupBuilder,visit,Entry,0
freeplane,PopupBuilder,shouldSkipChildren,Entry,0
freeplane,PopupMenuListenerForEntry,PopupMenuListenerForEntry,Entry,0
freeplane,PopupMenuListenerForEntry,popupMenuWillBecomeVisible,Entry,0
freeplane,PopupMenuListenerForEntry,popupMenuWillBecomeInvisible,Entry,0
freeplane,PopupMenuListenerForEntry,fireChildEntriesWillBecomeVisible,Entry,0
freeplane,PopupMenuListenerForEntry,fireChildEntriesHidden,Entry,0
freeplane,ToolbarComponentProvider,createComponent,EntryAccessor,0
freeplane,FixedSizeUIIcon,drawImage,FixedSizeUIIcon,0
freeplane,FixedSizeUIIcon,chainedIcon,FixedSizeUIIcon,0
freeplane,TranslatedElementFactory,createButtonWithIcon,AFreeplaneAction,1
freeplane,UITextChanger,UITextChanger,TextChangeHotKeyAction,0
freeplane,SelectionActor,create,SelectionActor,0
freeplane,SelectionActor,hashCode,MapModel,0
freeplane,SelectionActor,restoreSelection,MapModel,0
freeplane,UndoHandler,UndoHandler,MapModel,0
freeplane,FreeplaneVersion,getVersion,FreeplaneVersion,0
freeplane,HtmlUtils,getInstance,HtmlUtils,0
freeplane,LogHandlers,addHandler,Handler,0
freeplane,LogHandlers,removeHandler,Handler,1
freeplane,AttributeBuilder,endElement,AttributeController,0
freeplane,AttributeBuilder,getMap,MapReader,0
freeplane,AttributeBuilder,registerAttributeHandlers,AttributeController,0
freeplane,AttributeBuilder,save,NodeAttributeTableModel,0
freeplane,AttributeBuilder,saveLayout,AttributeTableLayoutModel,0
freeplane,AttributeBuilder,saveAttribute,NodeAttributeTableModel,0
freeplane,AttributeConditionController,canHandle,TranslatedObject,0
freeplane,AttributeConditionController,getFilteredProperties,TranslatedObject,0
freeplane,AttributeConditionController,getValueEditor,TranslatedObject,0
freeplane,AttributeConditionController,getValuesForProperty,ExtendedComboBoxModel,0
freeplane,AttributeConditionController,getValueRenderer,TranslatedObject,0
freeplane,AttributeConditionController,toAttributeObject,TranslatedObject,0
freeplane,AttributeController,getController,ModeController,0
freeplane,AttributeController,registerAttributeClipboardController,ModeController,1
freeplane,AttributeController,performRegistryAttribute,MapModel,0
freeplane,AttributeController,performRegistryAttributeValue,MapModel,0
freeplane,AttributeController,performRemoveAttribute,MapModel,0
freeplane,AttributeController,performRemoveAttributeValue,MapModel,0
freeplane,AttributeController,performReplaceAtributeName,MapModel,0
freeplane,AttributeController,performReplaceAttributeValue,MapModel,0
freeplane,AttributeController,performSetRestriction,MapModel,0
freeplane,AttributeController,performSetVisibility,MapModel,0
freeplane,AttributeController,registerTooltipProvider,ModeController,1
freeplane,AttributeController,registerStateIconProvider,UIIcon,0
freeplane,AttributeRegistry,getRegistry,MapModel,1
freeplane,AttributeRegistry,AttributeRegistry,MapModel,0
freeplane,AttributeRegistry,applyChanges,MapModel,0
freeplane,AttributeRegistry,containsElement,SortedMapVector,0
freeplane,AttributeRegistry,getAttributeController,AttributeController,0
freeplane,AttributeRegistry,getCombinedModel,AttributeRegistryComboBoxColumnModel,0
freeplane,AttributeRegistry,getElement,SortedMapVector,0
freeplane,AttributeRegistry,getElement,SortedMapVector,0
freeplane,AttributeRegistry,getElements,SortedMapVector,0
freeplane,AttributeRegistry,getKey,SortedMapVector,0
freeplane,AttributeRegistry,getTableModel,AttributeRegistryTableModel,0
freeplane,AttributeRegistry,indexOf,SortedMapVector,0
freeplane,AttributeRegistry,removeAtribute,MapModel,0
freeplane,AttributeRegistry,setRestrictionModel,AttributeRegistryTableModel,0
freeplane,AttributeRegistry,setVisibilityModel,AttributeRegistryTableModel,0
freeplane,AttributeRegistry,size,SortedMapVector,0
freeplane,AttributeRegistry,unregistry,SortedMapVector,0
freeplane,AttributeRegistry,getMap,MapModel,0
freeplane,AttributeRegistry,performRegistryAttributeValue,MapModel,0
freeplane,AttributeRegistry,performRemoveAttributeValue,MapModel,0
freeplane,AttributeRegistry,performReplaceAttributeValue,MapModel,0
freeplane,AttributeRegistry,performReplaceAtributeName,MapModel,0
freeplane,AttributeRegistry,performRegistryAttribute,MapModel,0
freeplane,AttributeRegistry,performSetRestriction,MapModel,0
freeplane,AttributeRegistryComboBoxColumnModel,add,AttributeRegistry,0
freeplane,AttributeRegistryComboBoxColumnModel,contains,AttributeRegistry,0
freeplane,AttributeRegistryComboBoxColumnModel,getElementAt,AttributeRegistry,0
freeplane,AttributeRegistryComboBoxColumnModel,getIndexOf,AttributeRegistry,0
freeplane,AttributeRegistryComboBoxColumnModel,getSize,AttributeRegistry,0
freeplane,AttributeRegistryComboBoxColumnModel,remove,AttributeRegistry,0
freeplane,AttributeRegistryComboBoxColumnModel,replace,AttributeRegistry,0
freeplane,AttributeRegistryElement,addValue,AttributeRegistry,0
freeplane,AttributeRegistryElement,removeAllValues,AttributeRegistry,0
freeplane,AttributeRegistryElement,removeValue,AttributeRegistry,0
freeplane,AttributeRegistryElement,replaceValue,AttributeRegistry,0
freeplane,AttributeRegistryElement,setRestriction,AttributeRegistry,0
freeplane,AttributeRegistryElement,setVisibility,AttributeRegistry,0
freeplane,AttributeRegistryTableModel,getRowCount,AttributeRegistry,0
freeplane,AttributeRegistryTableModel,getValueAt,AttributeRegistry,0
freeplane,AttributeRegistryTableModel,setValueAt,AttributeRegistry,0
freeplane,ManagedAttribute,ManagedAttribute,Attribute,0
freeplane,NodeAttribute,NodeAttribute,Attribute,0
freeplane,NodeAttribute,name,Attribute,0
freeplane,NodeAttribute,value,Attribute,0
freeplane,NodeAttribute,attribute,Attribute,0
freeplane,NodeAttributeTableModel,getModel,NodeAttributeTableModel,0
freeplane,NodeAttributeTableModel,addRowNoUndo,NodeModel,0
freeplane,NodeAttributeTableModel,silentlyAddRowNoUndo,NodeModel,1
freeplane,NodeAttributeTableModel,fireTableCellUpdated,NodeModel,1
freeplane,NodeAttributeTableModel,fireTableChanged,NodeModel,0
freeplane,NodeAttributeTableModel,fireTableRowsDeleted,NodeModel,0
freeplane,NodeAttributeTableModel,fireTableRowsInserted,NodeModel,0
freeplane,NodeAttributeTableModel,fireTableRowsUpdated,NodeModel,0
freeplane,NodeAttributeTableModel,getLayout,AttributeTableLayoutModel,0
freeplane,NodeAttributeTableModel,setName,NodeModel,0
freeplane,NodeAttributeTableModel,setValue,NodeModel,0
freeplane,NodeAttributeTableModel,setValueAt,NodeModel,0
freeplane,AttributeClipboardController,toAttributesContent,NodeAttribute,0
freeplane,AddAttributeAction,actionPerformed,AttributeController,0
freeplane,AssignAttributesAction,actionPerformed,AssignAttributeDialog,0
freeplane,AttributeManagerDialog,afterMapChange,AttributeRegistry,0
freeplane,AttributeManagerDialog,applyChanges,AttributeRegistry,0
freeplane,AttributeManagerDialog,resetChanges,AttributeRegistry,0
freeplane,CopyAttributes,CopyAttributes,PasteAttributes,0
freeplane,CopyAttributes,actionPerformed,PasteAttributes,0
freeplane,ImportAttributesDialog,createAttributeSubTrees,AttributeRegistry,0
freeplane,ImportAttributesDialog,createMapSubTrees,AttributeRegistry,0
freeplane,ImportAttributesDialog,performImport,AttributeRegistry,0
freeplane,ListDialog,showDialog,ListDialog,1
freeplane,MAttributeController,performRegistryAttribute,MapModel,0
freeplane,MAttributeController,performRegistryAttributeValue,MapModel,0
freeplane,MAttributeController,performRemoveAttribute,MapModel,0
freeplane,MAttributeController,performRemoveAttributeValue,MapModel,0
freeplane,MAttributeController,performReplaceAtributeName,MapModel,0
freeplane,MAttributeController,performReplaceAttributeValue,MapModel,0
freeplane,MAttributeController,performSetRestriction,MapModel,0
freeplane,MAttributeController,performSetVisibility,MapModel,0
freeplane,MAttributeController,copyAttributesToNode,NodeModel,0
freeplane,ShowAttributeDialogAction,getAttributeDialog,AttributeManagerDialog,0
freeplane,MAttributeClipboardController,MAttributeClipboardController,MAttributeController,0
freeplane,MAttributeClipboardController,delete,MAttributeController,0
freeplane,ClipboardAccessor,getInstance,ClipboardAccessor,0
freeplane,CloudBuilder,writeContentImpl,CloudController,0
freeplane,CloudController,getController,ModeController,0
freeplane,CloudController,getShape,NodeModel,0
freeplane,AcceleratorDescriptionCreator,createAcceleratorDescription,AFreeplaneAction,0
freeplane,CommandSearchAction,createDialog,CommandSearchDialog,0
freeplane,CommandSearchDialog,afterMapChange,MapModel,0
freeplane,CommandSearchDialog,onSelect,NodeModel,0
freeplane,CommandSearchDialog,updateMatches,IconIndexer,0
freeplane,CommandSearchDialog,getListCellRendererComponent,SearchItem,0
freeplane,IconItem,getTextWithAccelerator,AFreeplaneAction,0
freeplane,IconItem,getSearchedText,AFreeplaneAction,0
freeplane,IconItem,execute,AFreeplaneAction,0
freeplane,IconItem,assignNewAccelerator,AFreeplaneAction,0
freeplane,IconItem,checkAndMatch,ItemChecker,0
freeplane,InformationItem,checkAndMatch,ItemChecker,0
freeplane,MenuItem,getTypeIcon,AFreeplaneAction,0
freeplane,MenuItem,getDisplayedText,AFreeplaneAction,0
freeplane,MenuItem,getSearchedText,AFreeplaneAction,0
freeplane,MenuItem,assignNewAccelerator,AFreeplaneAction,0
freeplane,MenuItem,checkAndMatch,ItemChecker,0
freeplane,MenuStructureIndexer,loadMenuItems,EntryAccessor,0
freeplane,MenuStructureIndexer,translateMenuItemComponent,EntryAccessor,0
freeplane,MenuStructureIndexer,processMenuEntry,Entry,1
freeplane,MenuStructureIndexer,computePath,Entry,0
freeplane,MenuStructureIndexer,contributesToPath,Entry,0
freeplane,MenuStructureIndexer,recordLeafMenuEntry,Entry,1
freeplane,PreferencesItem,checkAndMatch,ItemChecker,0
freeplane,SearchItem,assignNewAccelerator,AFreeplaneAction,0
freeplane,SearchItem,compareTo,SearchItem,0
freeplane,SearchItem,checkAndMatch,ItemChecker,0
freeplane,SearchItem,checkAndMatch,ItemChecker,0
freeplane,ShowPreferenceItemAction,ShowPreferenceItemAction,PreferencesItem,0
freeplane,ShowPreferenceItemAction,showPrefsDialog,PreferencesItem,0
freeplane,AutomaticEdgeColorHook,saveExtension,XMLElement,0
freeplane,AutomaticEdgeColorHook,toggle,NodeModel,1
freeplane,EdgeBuilder,writeContent,EdgeController,0
freeplane,EdgeColorsConfigurationFactory,EdgeColorsConfigurationFactory,ModeController,0
freeplane,EdgeColorsConfigurationFactory,create,MapModel,0
freeplane,EdgeColorsConfigurationFactory,createNewConfiguration,ModeController,0
freeplane,EdgeColorsConfigurationFactory,save,EdgeColorConfiguration,0
freeplane,EdgeColorsConfigurationFactory,setConfiguration,ModeController,0
freeplane,EdgeController,getController,ModeController,1
freeplane,EdgeController,getDash,NodeModel,0
freeplane,EdgeController,getDash,NodeModel,0
freeplane,EdgeController,getStyleEdgeColorRule,ModeController,0
freeplane,EdgeController,getNodeColorRule,NodeModel,0
freeplane,EdgeController,areEdgeColorsAvailable,EdgeColorsConfigurationFactory,0
freeplane,EdgeController,getEdgeColor,EdgeColorsConfigurationFactory,0
freeplane,MEdgeController,editEdgeColorConfiguration,MapModel,0
freeplane,EncryptionController,install,EncryptionController,0
freeplane,EncryptionController,registerStateIconProvider,UIIcon,0
freeplane,EncryptionController,doPasswordCheckAndDecryptNode,NodeModel,0
freeplane,EnterPassword,EnterPassword,EncryptionController,0
freeplane,EnterPassword,actionPerformed,EncryptionController,1
freeplane,SwingPasswordStrategy,getPassword,NodeModel,0
freeplane,SwingPasswordStrategy,getPasswordWithConfirmation,NodeModel,0
freeplane,SwingPasswordStrategy,getPassword,NodeModel,0
freeplane,MEncryptionController,MEncryptionController,ModeController,0
freeplane,MEncryptionController,install,MEncryptionController,1
freeplane,RemoveEncryption,RemoveEncryption,MEncryptionController,0
freeplane,RemoveEncryption,actionPerformed,MEncryptionController,0
freeplane,AliasCondition,fillXML,XMLElement,1
freeplane,AliasExistsCondition,checkNode,NodeModel,0
freeplane,Command,getNodes,NodeModel,0
freeplane,CopySuggestedReferenceAction,actionPerformed,MapExplorerController,0
freeplane,GlobalNodes,isContainedInTheMap,NodeModel,0
freeplane,GlobalNodes,contains,NodeModel,0
freeplane,GlobalNodes,writeableOf,MapModel,0
freeplane,GlobalNodes,readableOf,GlobalNodes,0
freeplane,GlobalNodes,makeGlobal,NodeModel,0
freeplane,GlobalNodes,makeGlobal,NodeModel,0
freeplane,GlobalNodes,makeNotGlobal,NodeModel,0
freeplane,GlobalNodes,isGlobal,NodeModel,0
freeplane,MapExplorer,MapExplorer,NodeModel,0
freeplane,MapExplorer,MapExplorer,NodeModel,0
freeplane,MapExplorer,getNodes,NodeModel,0
freeplane,MapExplorerConditionController,getValueEditor,TranslatedObject,0
freeplane,MapExplorerConditionController,getValuesForProperty,ExtendedComboBoxModel,0
freeplane,MapExplorerConditionController,getValueRenderer,TranslatedObject,0
freeplane,MapExplorerController,install,ModeController,0
freeplane,MapExplorerController,MapExplorerController,ModeController,0
freeplane,MapExplorerController,getMapExplorer,NodeModel,0
freeplane,MapExplorerController,getNodeReferenceSuggestion,NodeModel,0
freeplane,MapExplorerController,getNodeAt,NodeModel,0
freeplane,MapExplorerController,getNodeAt,NodeModel,0
freeplane,NodeAlias,setAlias,NodeModel,0
freeplane,NodeAlias,removeAlias,NodeModel,0
freeplane,NodeAliases,NodeAliases,MapModel,0
freeplane,NodeAliases,add,NodeAlias,0
freeplane,NodeAliases,of,MapModel,0
freeplane,NodeMatcher,matches,NodeModel,0
freeplane,NodeMatcher,matches,NodeAlias,0
freeplane,MMapExplorerController,install,TextController,0
freeplane,MMapExplorerController,MMapExplorerController,TextController,0
freeplane,SetNodeAlias,actionPerformed,MMapExplorerController,0
freeplane,ExportAction,actionPerformed,ExportDialog,0
freeplane,ExportBranchesAction,actionPerformed,ExportDialog,0
freeplane,ExportController,install,ExportController,0
freeplane,ExportController,getController,ModeController,0
freeplane,ExportController,checkCurrentMap,MapModel,0
freeplane,ExportToImage,export,MapModel,0
freeplane,ExportToImage,export,NodeModel,0
freeplane,ExportWithXSLT,createImageFromMap,MapModel,0
freeplane,ImageCreator,createBufferedImage,MapModel,0
freeplane,ImageCreator,createBufferedImage,NodeModel,0
freeplane,XsltExportEngineFactory,gatherXsltScripts,ExportController,0
freeplane,XsltExportEngineFactory,addXsltFile,ExportController,0
freeplane,AFilterComposerDialog,AFilterComposerDialog,ConditionalStyleModel,0
freeplane,AFilterComposerDialog,conditionRenderer,FilterConditions,0
freeplane,AFilterComposerDialog,addAction,AFreeplaneAction,0
freeplane,AFilterComposerDialog,afterViewChange,FilterConditionEditor,0
freeplane,AFilterComposerDialog,applyChanges,FilterConditions,0
freeplane,AFilterComposerDialog,applyModel,FilterConditions,0
freeplane,AFilterComposerDialog,initInternalConditionModel,FilterConditions,0
freeplane,ApplyNamedFilterAction,ApplyNamedFilterAction,ASelectableCondition,0
freeplane,ApplyNamedFilterAction,actionPerformed,ASelectableCondition,0
freeplane,ApplyNoFilteringAction,actionPerformed,FilterController,0
freeplane,ApplySelectedViewConditionAction,actionPerformed,FilterController,0
freeplane,ApplyToVisibleAction,actionPerformed,FilterController,0
freeplane,ApplyToVisibleAction,isModelSelected,FilterController,0
freeplane,EditFilterAction,getFilterDialog,AFilterComposerDialog,0
freeplane,Filter,createFilter,Filter,0
freeplane,Filter,Filter,Filter,0
freeplane,Filter,Filter,Filter,0
freeplane,Filter,shouldRemainInvisible,Filter,0
freeplane,Filter,useFilterResultsFrom,Filter,0
freeplane,Filter,accepts,NodeModel,0
freeplane,Filter,showAsMatched,NodeModel,1
freeplane,Filter,showAncestors,NodeModel,1
freeplane,Filter,showDescendants,NodeModel,0
freeplane,Filter,updateFilterResults,NodeModel,0
freeplane,Filter,updateFilterResultsAndAncestors,NodeModel,1
freeplane,Filter,updateDescendantResults,NodeModel,0
freeplane,FilterComposerDialog,FilterComposerDialog,ConditionalStyleModel,0
freeplane,FilterComposerDialog,createModel,FilterConditions,0
freeplane,FilterComposerDialog,initializeModel,FilterConditions,0
freeplane,FilterComposerDialog,applyModel,FilterConditions,0
freeplane,FilterComposerDialog,addCondition,FilterConditions,0
freeplane,FilterComposerDialog,editCondition,ASelectableCondition,0
freeplane,FilterConditionEditor,setValuesEditor,FilterController,0
freeplane,FilterConditionEditor,getCondition,FilterController,0
freeplane,FilterConditionEditor,decorate,ASelectableCondition,0
freeplane,FilterConditionEditor,filterChanged,ExtendedComboBoxModel,0
freeplane,FilterConditions,addElement,ASelectableCondition,0
freeplane,FilterConditions,insertElementAt,ASelectableCondition,0
freeplane,FilterController,getController,Controller,1
freeplane,FilterController,getFilter,MapModel,1
freeplane,FilterController,setFilter,Filter,0
freeplane,FilterController,addStandardConditions,ASelectableCondition,0
freeplane,FilterController,updateUI,FilterConditionEditor,0
freeplane,FilterController,applyFilter,FilterHistory,0
freeplane,FilterController,applyNoFiltering,ASelectableCondition,0
freeplane,FilterController,applyFilter,FilterHistory,0
freeplane,FilterController,refreshMap,MapModel,0
freeplane,FilterController,applySelectedViewCondition,ASelectableCondition,0
freeplane,FilterController,createFilterToolbar,FilterConditionEditor,0
freeplane,FilterController,createActiveFilterConditionBox,ASelectableCondition,1
freeplane,FilterController,getConditionFactory,ConditionFactory,0
freeplane,FilterController,getConditionRenderer,DefaultConditionRenderer,0
freeplane,FilterController,getFilterConditionsModel,FilterConditions,0
freeplane,FilterController,getQuickEditor,FilterConditionEditor,0
freeplane,FilterController,setHighlightCondition,ASelectableCondition,0
freeplane,FilterController,initConditions,FilterConditions,1
freeplane,FilterController,setFilterConditions,FilterMenuBuilder,1
freeplane,FilterController,updateSettingsFromFilter,QuickFilterAction,0
freeplane,FilterController,condition,ASelectableCondition,0
freeplane,FilterController,updateSettingsFromHistory,FilterHistory,0
freeplane,FilterController,findNextInSubtree,Filter,0
freeplane,FilterController,findNext,Filter,0
freeplane,FilterController,redo,FilterHistory,0
freeplane,FilterController,undo,FilterHistory,0
freeplane,FilterController,isNodeHighlighted,ConditionalStyleModel,0
freeplane,FilterController,apply,FilterConditions,0
freeplane,FilterController,getMenuBuilder,FilterMenuBuilder,0
freeplane,FilterController,isFilterActive,ASelectableCondition,0
freeplane,FilterController,mapRootNodeChanged,MapModel,0
freeplane,FilterMenuBuilder,FilterMenuBuilder,FilterController,0
freeplane,FilterMenuBuilder,visit,Controller,0
freeplane,FilterMenuBuilder,shouldSkipChildren,Entry,0
freeplane,FindAction,actionPerformed,NodeModel,0
freeplane,FindAction,findNext,NodeModel,0
freeplane,FindAction,getFindPreviousAction,AFreeplaneAction,0
freeplane,HideMatchingNodesAction,actionPerformed,FilterController,0
freeplane,HideMatchingNodesAction,isModelSelected,FilterController,0
freeplane,QuickAndFilterAction,QuickAndFilterAction,FilterConditionEditor,0
freeplane,QuickAndFilterAction,actionPerformed,FilterController,0
freeplane,QuickFilterAction,QuickFilterAction,FilterConditionEditor,0
freeplane,QuickFilterAction,actionPerformed,FilterController,0
freeplane,QuickFindAction,QuickFindAction,FilterConditionEditor,0
freeplane,QuickFindAction,executeAction,FilterConditionEditor,0
freeplane,QuickFindAllAction,QuickFindAllAction,FilterConditionEditor,0
freeplane,QuickFindAllAction,actionPerformed,FilterController,0
freeplane,QuickHighlightAction,QuickHighlightAction,FilterConditionEditor,0
freeplane,QuickHighlightAction,actionPerformed,FilterController,0
freeplane,QuickHighlightAction,isModelSelected,FilterController,0
freeplane,QuickOrFilterAction,QuickOrFilterAction,FilterConditionEditor,0
freeplane,QuickOrFilterAction,actionPerformed,FilterController,0
freeplane,ReapplyFilterAction,actionPerformed,FilterController,0
freeplane,RedoFilterAction,actionPerformed,FilterController,0
freeplane,ShowAncestorsAction,actionPerformed,FilterController,0
freeplane,ShowAncestorsAction,isModelSelected,FilterController,0
freeplane,ShowDescendantsAction,actionPerformed,FilterController,0
freeplane,ShowDescendantsAction,isModelSelected,FilterController,0
freeplane,UndoFilterAction,actionPerformed,FilterController,0
freeplane,ASelectableCondition,fillXML,XMLElement,0
freeplane,ASelectableCondition,removeCondition,ASelectableCondition,0
freeplane,CombinedConditions,conditionIcons,ASelectableCondition,0
freeplane,CombinedConditions,removeCondition,ASelectableCondition,0
freeplane,CombinedConditions,replaceCondition,ASelectableCondition,0
freeplane,ConditionCache,checkNode,NodeModel,0
freeplane,ConditionFactory,loadAnonymousCondition,DecoratedConditionFactory,0
freeplane,DecoratedCondition,createDescription,ASelectableCondition,0
freeplane,DecoratedCondition,createRenderedIcons,ASelectableCondition,0
freeplane,DecoratedCondition,canBePersisted,ASelectableCondition,0
freeplane,DecoratedCondition,fillXML,ASelectableCondition,0
freeplane,DecoratedCondition,split,ASelectableCondition,0
freeplane,DecoratedCondition,checksParent,ASelectableCondition,0
freeplane,DecoratedCondition,checksAncestors,ASelectableCondition,0
freeplane,DecoratedCondition,checksChildren,ASelectableCondition,0
freeplane,DecoratedCondition,checksDescendants,ASelectableCondition,0
freeplane,DecoratedConditionFactory,createRelativeCondition,ASelectableCondition,0
freeplane,DecoratedConditionFactory,createRelativeCondition,XMLElement,0
freeplane,NoFilteringCondition,createCondition,NoFilteringCondition,0
freeplane,StringConditionAdapter,fillXML,XMLElement,0
freeplane,HiddenNodeContoller,registerModeSpecificActions,MModeController,1
freeplane,HiddenNodeContoller,install,ModeController,1
freeplane,HiddenNodeContoller,registerStateIconProvider,UIIcon,0
freeplane,HideNodeAction,isNotRoot,NodeModel,0
freeplane,FormatController,getController,Controller,0
freeplane,FormatController,addPatternFormat,PatternFormat,0
freeplane,FormattedDate,FormattedDate,FormattedDate,0
freeplane,FormattedObject,getPattern,PatternFormat,0
freeplane,FormattedObject,serialize,PatternFormat,0
freeplane,FormattedObject,hashCode,PatternFormat,0
freeplane,PatternFormat,getIdentityPatternFormat,PatternFormat,0
freeplane,PatternFormat,getStandardPatternFormat,PatternFormat,0
freeplane,Scanner,addParser,Parser,0
freeplane,ScannerController,getController,Controller,1
freeplane,ScannerController,selectScanner,Scanner,0
freeplane,ScannerController,parse,Scanner,0
freeplane,ScannerController,addParsersForStandardFormats,Scanner,0
freeplane,ScannerController,parseScanner,XMLElement,1
freeplane,ScannerController,parseParser,XMLElement,1
freeplane,FilePropertiesAction,countChildren,NodeModel,1
freeplane,OnlineDocumentationAction,actionPerformed,NodeAndMapReference,0
freeplane,HighlightController,getHighlighters,NodeModel,0
freeplane,IconClickedEvent,getNode,NodeModel,0
freeplane,IconConditionController,getValueEditor,TranslatedObject,0
freeplane,IconConditionController,getValuesForProperty,TranslatedObject,0
freeplane,IconConditionController,getValueRenderer,TranslatedObject,0
freeplane,IconContainedCondition,isLinkIconContained,NodeModel,0
freeplane,IconContainedCondition,createRenderedIcons,IconStore,0
freeplane,IconController,getController,ModeController,0
freeplane,IconController,getController,ModeController,0
freeplane,IconController,install,ModeController,0
freeplane,IconController,registerStateIconProvider,UIIcon,0
freeplane,IconController,registerTooltipProvider,ModeController,0
freeplane,IconController,onIconClicked,NodeModel,0
freeplane,IconController,getIconSize,ModeController,0
freeplane,IconController,getTagIcons,ModeController,0
freeplane,IconController,getTagIcons,NodeModel,0
freeplane,IconController,tagIcon,Tag,0
freeplane,IconController,getTagFont,ModeController,0
freeplane,IconController,getTagBackgroundColor,NodeModel,0
freeplane,IconController,getTagTextColor,NodeModel,0
freeplane,IconController,getTagComponentAlignment,ModeController,0
freeplane,IconController,getTagReferences,NodeModel,0
freeplane,IconController,getTags,NodeModel,0
freeplane,IconController,getTagsWithExtendedCategories,NodeModel,0
freeplane,IconController,extendCategories,TagCategories,0
freeplane,IconGroup,IconGroup,MindIcon,0
freeplane,IconGroup,getGroupIcon,MindIcon,0
freeplane,IconGroup,addGroup,MindIcon,0
freeplane,IconRegistry,IconRegistry,TagCategories,0
freeplane,IconRegistry,getTagCategories,TagCategories,0
freeplane,IconRegistry,setTagCategories,TagCategories,0
freeplane,PriorityCompareCondition,createRenderedIcons,IconStore,0
freeplane,PriorityConditionController,getValueEditor,TranslatedObject,0
freeplane,PriorityConditionController,getValuesForProperty,IconStore,0
freeplane,PriorityConditionController,getValueRenderer,TranslatedObject,0
freeplane,Tag,getAlternativeTag,Tag,0
freeplane,Tag,setAlternativeTag,Tag,0
freeplane,Tag,compareTo,Tag,0
freeplane,Tag,qualifiedTag,Tag,0
freeplane,TagCategories,TagCategories,TagCategories,0
freeplane,TagCategories,withoutCategories,Tag,0
freeplane,TagCategories,writeTag,Tag,0
freeplane,TagCategories,readTagCategories,Scanner,0
freeplane,TagCategories,addNewTagReference,Tag,0
freeplane,TagCategories,findUncategorizedTagIndex,Tag,0
freeplane,TagCategories,insertUncategorizedTagNodeSorted,Tag,0
freeplane,TagCategories,removeUncategorizedTagNode,Tag,0
freeplane,TagCategories,load,Scanner,0
freeplane,TagCategories,addChildNode,Tag,0
freeplane,TagCategories,addSiblingNode,Tag,0
freeplane,TagCategories,getNodes,Tag,0
freeplane,TagCategories,registerTagReference,Tag,0
freeplane,TagCategories,registerTagReference,Tag,1
freeplane,TagCategories,getTag,Tag,0
freeplane,TagCategories,getTagColor,Tag,0
freeplane,TagCategories,registerTag,Tag,0
freeplane,TagCategories,tagWithoutCategories,Tag,0
freeplane,TagCategories,registerTagReferenceIfUnknown,Tag,0
freeplane,TagCondition,checkShortTag,Tag,0
freeplane,TagCondition,checkCategorizedTag,Tag,0
freeplane,TagContainsCondition,checkShortTag,Tag,1
freeplane,TagContainsCondition,checkCategorizedTag,Tag,0
freeplane,TagReference,TagReference,Tag,0
freeplane,TagReference,getTag,Tag,0
freeplane,TagReference,setTag,Tag,0
freeplane,TagReference,isEmpty,Tag,0
freeplane,TagReference,exists,Tag,0
freeplane,TagReference,getColor,Tag,0
freeplane,TagReference,getContent,Tag,0
freeplane,TagReference,setColor,Tag,1
freeplane,TagReference,toString,Tag,0
freeplane,Tags,getTagReferences,NodeModel,1
freeplane,Tags,setTagReferences,NodeModel,1
freeplane,UIIcon,getUrl,ResourceController,0
freeplane,UIIconSet,getIcon,MultipleImageIcon,0
freeplane,ZoomedIcon,getIcon,UIIcon,0
freeplane,ZoomedIcon,getZoomedBitmapIcon,UIIcon,0
freeplane,ZoomedIcon,getPath,UIIcon,0
freeplane,ZoomedIcon,getUrl,UIIcon,0
freeplane,GraphicIconFactory,getIcon,UIIcon,0
freeplane,HeadlessIconFactory,getIcon,UIIcon,0
freeplane,HeadlessIconFactory,getIcon,UIIcon,0
freeplane,IconStoreFactory,createIcons,IconStore,0
freeplane,IconStoreFactory,createEmojiIcons,IconStore,0
freeplane,IconStoreFactory,createStateIcons,ResourceController,0
freeplane,IconStoreFactory,createStateIcon,IconStore,0
freeplane,IconStoreFactory,createClassicIcons,IconStore,0
freeplane,IconStoreFactory,findGroupIcon,ResourceController,0
freeplane,IconStoreFactory,getBuiltinGroups,ResourceController,0
freeplane,IconStoreFactory,getBuiltinIcons,ResourceController,0
freeplane,IconStoreFactory,loadUserIcons,ResourceController,0
freeplane,IconStoreFactory,getUserIconsFromDirectory,IconStore,0
freeplane,AccumulatedIcons,setStyleCheckForChange,AccumulatedIcons,0
freeplane,HierarchicalIcons,undoableToggleHook,NodeModel,0
freeplane,HierarchicalIcons,removeAnotherMode,NodeModel,0
freeplane,HierarchicalIcons,onNodeDeleted,NodeDeletionEvent,0
freeplane,HierarchicalIcons,onNodeMoved,NodeMoveEvent,0
freeplane,HierarchicalIcons,onPreNodeDelete,NodeDeletionEvent,0
freeplane,HierarchicalIcons,hierarchicalIconsExtensionOf,NodeModel,0
freeplane,HierarchicalIcons,hierarchicalIconsForSubtree,NodeModel,0
freeplane,HierarchicalIcons,onPreNodeMoved,NodeMoveEvent,0
freeplane,IconUnionHierarchy,removeAnotherMode,NodeModel,0
freeplane,IconIntersectionHierarchy,removeAnotherMode,NodeModel,0
freeplane,EditTagsAction,EditTagsAction,MIconController,0
freeplane,EditTagsAction,actionPerformed,MIconController,0
freeplane,FastAccessableIcons,FastAccessableIcons,ModeController,0
freeplane,FastAccessableIcons,add,IconAction,0
freeplane,FastAccessableIcons,load,ModeController,0
freeplane,IconAction,getDescriptionTranslationKey,MindIcon,0
freeplane,IconAction,getTranslatedDescription,MindIcon,0
freeplane,IconAction,getFile,MindIcon,0
freeplane,IconAction,getMindIcon,MindIcon,0
freeplane,IconAction,getShortcutKey,MindIcon,0
freeplane,IconSelectionPlugin,showDialog,IconSelectionPopupDialog,0
freeplane,JTagTree,JTagTree,TagCategories,0
freeplane,JTagTree,isPathEditable,TagCategories,0
freeplane,JTagTree,cancelEditing,TagCategories,0
freeplane,JTagTree,createTransferable,TagCategories,0
freeplane,MIconController,install,MModeController,0
freeplane,MIconController,addIconByUserAction,FastAccessableIcons,0
freeplane,MIconController,createIconActions,MModeController,0
freeplane,MIconController,updateIconToolbar,FastAccessableIcons,0
freeplane,MIconController,saveRecentlyUsedActions,FastAccessableIcons,0
freeplane,MIconController,createActionPanelWithControlActions,MModeController,0
freeplane,MIconController,setTags,NodeModel,0
freeplane,MIconController,setTagReferences,MModeController,0
freeplane,MIconController,getTagCategories,NodeModel,0
freeplane,MIconController,setTagColor,Tag,0
freeplane,MIconController,editTags,NodeModel,1
freeplane,MIconController,createTagSubmenu,TagCategories,0
freeplane,MIconController,fillTagSubmenuOnSelect,TagCategories,0
freeplane,MIconController,removeTags,NodeModel,0
freeplane,MIconController,addTags,NodeModel,0
freeplane,MIconController,extendCategories,TagCategories,0
freeplane,MIconController,setTagCategories,MModeController,0
freeplane,MIconController,addTagsFromSpec,NodeModel,0
freeplane,TagCategoryEditor,TagCategoryEditor,MapModel,0
freeplane,TagCategoryEditor,TagCategoryEditor,MapModel,0
freeplane,TagCategoryEditor,close,MapModel,0
freeplane,TagCategoryEditor,configureKeyBindings,JTagTree,0
freeplane,TagCategoryEditor,collectSelectedTags,TagCategories,0
freeplane,TagCategoryEditor,addNode,JTagTree,0
freeplane,TagCategoryEditor,saveLastSelectionParentsNodes,TagCategories,0
freeplane,TagCategoryEditor,canSelectionBeRemoved,TagCategories,0
freeplane,TagCategoryEditor,removeNodes,TagCategories,0
freeplane,TagCategoryEditor,pasteNodes,TagCategories,0
freeplane,TagCategoryEditor,modifyTagColor,JTagTree,0
freeplane,TagCategoryEditor,setTagColor,TagCategories,0
freeplane,TagCategoryEditor,getSelectedNode,JTagTree,0
freeplane,TagCategoryEditor,submit,TagCategories,0
freeplane,TagCategoryEditor,updateColorButton,JColorButton,0
freeplane,TagCategoryEditor,insertTransferable,TagCategories,0
freeplane,TagCategoryEditor,countSelectedChildrenAbove,MapModel,0
freeplane,TagCategoryEditor,getTagCategorySeparator,TagCategories,0
freeplane,TagCategoryEditor,getTagCategories,TagCategories,0
freeplane,TagCategoryEditor,getTree,JTagTree,0
freeplane,TagCategoryEditor,createTransferable,JTagTree,0
freeplane,TagCellRenderer,TagCellRenderer,TagCategories,0
freeplane,TagCellRenderer,getTreeCellRendererComponent,TagCategories,0
freeplane,TagEditor,TagEditor,NodeModel,0
freeplane,TagEditor,insertSelectedTagsIntoSelectedNodes,MIconController,0
freeplane,TagEditor,removeSelectedTagsFromSelectedNodes,MIconController,0
freeplane,TagEditor,show,NodeModel,0
freeplane,TagEditor,wasAnyValueModified,NodeModel,0
freeplane,TagEditor,submit,NodeModel,0
freeplane,TagEditor,getCurrentMapTagCategories,NodeModel,0
freeplane,TagEditor,getCurrentTags,TagCategories,0
freeplane,TagEditor,createTagIfAbsent,TagCategories,0
freeplane,TagEditor,createTagTable,TagCategories,0
freeplane,TagEditor,updateColorButton,JColorButton,0
freeplane,TagEditor,updateTagCategorySeparator,TagCategories,0
freeplane,TagPanelManager,TagPanelManager,ModeController,0
freeplane,TagPanelManager,setupFilterField,JTagTree,0
freeplane,TagPanelManager,applyFilter,JTagTree,0
freeplane,TagTreeViewerFactory,TagTreeViewerFactory,TagCategories,0
freeplane,TagTreeViewerFactory,configureKeyBindings,JTagTree,0
freeplane,TagTreeViewerFactory,copyNodes,JTagTree,0
freeplane,TagTreeViewerFactory,getTree,JTagTree,0
freeplane,LayoutController,getController,ModeController,0
freeplane,LayoutController,getController,ModeController,0
freeplane,LayoutController,install,ModeController,0
freeplane,LayoutController,getLayoutProperty,ModeController,0
freeplane,LayoutController,getChildNodesAlignment,NodeModel,0
freeplane,LayoutController,getLayoutOrientation,NodeModel,0
freeplane,LayoutController,getEffectiveChildNodesLayout,NodeModel,1
freeplane,LayoutController,getChildNodesLayout,NodeModel,0
freeplane,LayoutController,withNodeChangeEventOnLayoutChange,NodeModel,0
freeplane,LayoutController,getEffectiveLayoutOrientation,NodeModel,0
freeplane,LayoutController,isTopOrLeft,NodeModel,0
freeplane,LayoutController,suggestNewChildSide,NodeModel,0
freeplane,LayoutController,sidesOf,NodeModel,0
freeplane,LayoutModel,getModel,LayoutModel,0
freeplane,ChangeChildNodesLayoutActor,act,NodeModel,0
freeplane,ChangeChildNodesLayoutActor,setSides,NodeModel,0
freeplane,ChangeChildNodesLayoutActor,undo,NodeModel,0
freeplane,ChildNodesLayoutButtonPanelProperty,setStyleOnExternalChange,NodeModel,0
freeplane,ChildNodesLayoutButtonPanelProperty,displayedValue,NodeModel,0
freeplane,MLayoutController,setChildNodesLayout,NodeModel,0
freeplane,SelectNodeChildrenLayoutAction,applySelectedLayout,ButtonSelectorPanel,0
freeplane,ConnectorExistsCondition,fillXML,XMLElement,0
freeplane,ConnectorModel,ConnectorModel,NodeModel,0
freeplane,ConnectorModel,isVisible,Filter,0
freeplane,ConnectorModel,getShape,ConnectorProperties,0
freeplane,ConnectorModel,setShape,ConnectorProperties,0
freeplane,ConnectorModel,getDash,ConnectorProperties,0
freeplane,ConnectorModel,setDash,ConnectorProperties,0
freeplane,ConnectorModel,getColor,ConnectorProperties,0
freeplane,ConnectorModel,getEndInclination,ConnectorProperties,0
freeplane,ConnectorModel,getSourceLabel,ConnectorProperties,0
freeplane,ConnectorModel,getMiddleLabel,ConnectorProperties,0
freeplane,ConnectorModel,getTargetLabel,ConnectorProperties,0
freeplane,ConnectorModel,getStartInclination,ConnectorProperties,0
freeplane,ConnectorModel,getWidth,ConnectorProperties,0
freeplane,ConnectorModel,setColor,ConnectorProperties,0
freeplane,ConnectorModel,getStyle,ConnectorProperties,0
freeplane,ConnectorModel,setStyle,ConnectorProperties,0
freeplane,ConnectorModel,getArrows,ConnectorProperties,0
freeplane,ConnectorModel,setArrows,ConnectorProperties,0
freeplane,ConnectorModel,setEndInclination,ConnectorProperties,0
freeplane,ConnectorModel,setMiddleLabel,ConnectorProperties,0
freeplane,ConnectorModel,setSourceLabel,ConnectorProperties,0
freeplane,ConnectorModel,setStartInclination,ConnectorProperties,0
freeplane,ConnectorModel,setTargetLabel,ConnectorProperties,0
freeplane,ConnectorModel,setWidth,ConnectorProperties,0
freeplane,ConnectorModel,setAlpha,ConnectorProperties,0
freeplane,ConnectorModel,getAlpha,ConnectorProperties,0
freeplane,ConnectorModel,getLabelFontFamily,ConnectorProperties,0
freeplane,ConnectorModel,setLabelFontFamily,ConnectorProperties,0
freeplane,ConnectorModel,getLabelFontSize,ConnectorProperties,0
freeplane,ConnectorModel,setLabelFontSize,ConnectorProperties,0
freeplane,ConnectorModel,changeInclination,ConnectorProperties,0
freeplane,ConnectorModel,hashCode,ConnectorProperties,0
freeplane,ConnectorModel,cloneForSource,ConnectorProperties,0
freeplane,ConnectorModel,cloneForSource,NodeModel,0
freeplane,Connectors,add,ConnectorModel,1
freeplane,Connectors,getLinksFrom,NodeModel,0
freeplane,Connectors,getLinksTo,NodeModel,0
freeplane,GotoLinkNodeAction,configureText,NodeModel,0
freeplane,GotoLinkNodeAction,appendPath,NodeModel,0
freeplane,GotoLinkNodeAction,actionPerformed,NodeModel,0
freeplane,HyperLinkCondition,fillXML,XMLElement,0
freeplane,HyperLinkExistsCondition,fillXML,XMLElement,0
freeplane,HyperTextLinkModel,cloneForSource,NodeModel,0
freeplane,HyperTextLinkModel,cloneForSource,NodeModel,0
freeplane,LinkBuilder,registerAttributeHandlers,LinkController,0
freeplane,LinkBuilder,endElement,XMLElement,0
freeplane,LinkBuilder,fixSelfLoopedConnectorShape,ConnectorModel,0
freeplane,LinkConditionController,getValueEditor,TranslatedObject,0
freeplane,LinkConditionController,getValuesForProperty,TranslatedObject,0
freeplane,LinkConditionController,getValueRenderer,TranslatedObject,0
freeplane,LinkController,getController,ModeController,0
freeplane,LinkController,getController,ModeController,0
freeplane,LinkController,install,ModeController,0
freeplane,LinkController,LinkController,ModeController,0
freeplane,LinkController,toLink,NodeModel,0
freeplane,LinkController,init,ModeController,0
freeplane,LinkController,createActions,ModeController,0
freeplane,LinkController,getProperty,ConnectorModel,0
freeplane,LinkController,getOpacity,ConnectorModel,0
freeplane,LinkController,getMiddleLabel,ConnectorModel,0
freeplane,LinkController,getSourceLabel,ConnectorModel,0
freeplane,LinkController,getTargetLabel,ConnectorModel,0
freeplane,LinkController,getLabelFontFamily,ConnectorModel,0
freeplane,LinkController,getLabelFontSize,ConnectorModel,0
freeplane,LinkController,getShape,ConnectorModel,0
freeplane,LinkController,getArrows,ConnectorModel,0
freeplane,LinkController,getLinkedNode,ModeController,0
freeplane,LinkController,getLinkShortText,ModeController,0
freeplane,LinkController,hasNodeLinks,MapModel,0
freeplane,LinkController,getLinksTo,NodeModel,0
freeplane,LinkController,getLinksFrom,NodeModel,0
freeplane,LinkController,getLinksFrom,NodeModel,0
freeplane,LinkController,loadLinkFormat,NodeModel,0
freeplane,LinkController,loadURL,ModeController,0
freeplane,LinkController,loadHyperlink,Hyperlink,0
freeplane,LinkController,loadURL,ModeController,0
freeplane,LinkController,addLinkDecorationIcons,NodeModel,0
freeplane,LinkController,containsLinkDecorationIcon,NodeModel,0
freeplane,LinkController,addIconsBasedOnLinkType,NodeModel,0
freeplane,LinkController,formatNodeAsHyperlink,ModeController,0
freeplane,LinkController,loadURI,Hyperlink,0
freeplane,LinkController,getStartInclination,ConnectorModel,0
freeplane,LinkController,getEndInclination,ConnectorModel,0
freeplane,LinkMenuBuilder,LinkMenuBuilder,LinkController,0
freeplane,LinkMenuBuilder,visit,ModeController,0
freeplane,LinkMenuBuilder,shouldSkipChildren,Entry,0
freeplane,LinkTransformer,LinkTransformer,ModeController,0
freeplane,LinkTransformer,transformContent,ModeController,0
freeplane,NodeLinkModel,getSource,NodeModel,0
freeplane,NodeLinkModel,cloneForSource,NodeModel,0
freeplane,NodeLinkModel,cloneForSource,NodeModel,0
freeplane,NodeLinkModel,toString,NodeModel,0
freeplane,NodeLinks,getHyperLink,Hyperlink,0
freeplane,NodeLinks,getSelfConnector,NodeModel,0
freeplane,NodeLinks,setHyperLink,Hyperlink,0
freeplane,NodeLinks,setLocalHyperlink,Hyperlink,0
freeplane,NodeLinks,replaceMapLinksForDeletedSourceNode,NodeModel,0
freeplane,NodeViewDecorator,NodeViewDecorator,LinkDecorationConfig,0
freeplane,NodeViewDecorator,getIconsForLink,Hyperlink,0
freeplane,NodeViewDecorator,setDecorationConfig,LinkDecorationConfig,0
freeplane,NodeViewDecorator,findMatchingResults,LinkDecorationConfig,0
freeplane,ChangeConnectorDashAction,actionPerformed,ConnectorModel,0
freeplane,ChangeConnectorShapeAction,actionPerformed,ConnectorModel,0
freeplane,ConnectorColorAction,actionPerformed,ConnectorModel,0
freeplane,MLinkController,MLinkController,ModeController,0
freeplane,MLinkController,createActions,SetLinkByTextFieldAction,0
freeplane,MLinkController,setConnectorStyle,ConnectorModel,1
freeplane,MLinkController,setLink,Hyperlink,0
freeplane,MLinkController,setLinkByFileChooser,SetLinkByFileChooserAction,0
freeplane,MLinkController,loadURI,Hyperlink,0
freeplane,MLinkController,fireNodeConnectorChange,ConnectorModel,0
freeplane,MLinkController,setNodeDependantStyle,ConnectorModel,0
freeplane,MLinkController,setConnectorStyleSameAsNodeStyleIfAvailable,NodeModel,0
freeplane,RemoveConnectorAction,actionPerformed,ConnectorModel,0
freeplane,RemoveConnectorAction,getArrowLink,ConnectorModel,0
freeplane,RemoveConnectorAction,setArrowLink,ConnectorModel,0
freeplane,ConnectorArrowsControlGroup,updateValue,ConnectorModel,0
freeplane,ConnectorArrowsControlGroup,addControlGroup,ComboProperty,0
freeplane,ConnectorColorControlGroup,updateValue,ConnectorModel,0
freeplane,ConnectorColorControlGroup,addControlGroup,ColorProperty,0
freeplane,ConnectorDashControlGroup,updateValue,ConnectorModel,0
freeplane,ConnectorDashControlGroup,addControlGroup,ComboProperty,0
freeplane,ConnectorEditorPanel,ConnectorEditorPanel,ConnectorModel,0
freeplane,ConnectorEditorPanel,init,ConnectorModel,0
freeplane,ConnectorEditorPanel,updateValues,ConnectorModel,0
freeplane,ConnectorEditorPanel,createStyleSelector,MLinkController,0
freeplane,ConnectorShapeControlGroup,updateValue,ConnectorModel,0
freeplane,ConnectorShapeControlGroup,addControlGroup,ComboProperty,0
freeplane,ConnectorWidthControlGroup,updateValue,ConnectorModel,0
freeplane,ConnectorWidthControlGroup,addControlGroup,NumberProperty,0
freeplane,FontNameControlGroup,updateValue,ConnectorModel,0
freeplane,FontSizeControlGroup,updateValue,ConnectorModel,0
freeplane,OpacityControlGroup,updateValue,ConnectorModel,0
freeplane,OpacityControlGroup,addControlGroup,NumberSliderProperty,0
freeplane,AlwaysUnfoldedNode,createExtension,XMLElement,0
freeplane,AlwaysUnfoldedNode,add,NodeModel,0
freeplane,CloneConditionController,getValueEditor,TranslatedObject,0
freeplane,CloneConditionController,getValuesForProperty,TranslatedObject,0
freeplane,CloneConditionController,getValueRenderer,TranslatedObject,0
freeplane,Cloner,Cloner,NodeModel,0
freeplane,Cloner,cloneTree,NodeModel,0
freeplane,Cloner,cloneStructure,NodeModel,1
freeplane,DetachedNodeList,DetachedNodeList,NodeModel,0
freeplane,DetachedNodeList,forClone,NodeModel,0
freeplane,DetachedNodeList,DetachedNodeList,NodeModel,0
freeplane,DetachedNodeList,attach,NodeModel,0
freeplane,DetachedNodeList,detach,NodeModel,0
freeplane,DetachedNodeList,add,NodeModel,0
freeplane,DetachedNodeList,contains,NodeModel,0
freeplane,DetachedNodeList,otherThan,NodeModel,0
freeplane,EncryptionModel,getModel,NodeModel,0
freeplane,EncryptionModel,decrypt,NodeModel,0
freeplane,EncryptionModel,calculateEncryptedContent,NodeModel,0
freeplane,EncryptionModel,pasteXML,NodeModel,0
freeplane,EncryptionModel,unlock,NodeModel,0
freeplane,EncryptionModel,lock,NodeModel,0
freeplane,FirstGroupNode,createExtension,XMLElement,0
freeplane,FoldingController,createFoldingPopupMenu,NodeModel,0
freeplane,FreeNode,createExtension,XMLElement,0
freeplane,FreeNode,undoableToggleHook,NodeModel,0
freeplane,LeafCondition,checkNode,NodeModel,0
freeplane,LeafCondition,load,XMLElement,0
freeplane,MapChangeEvent,getMap,MapModel,0
freeplane,MapController,MapController,ModeController,0
freeplane,MapController,createMapClipboardController,ModeController,0
freeplane,MapController,unfoldAndScroll,Filter,0
freeplane,MapController,setFolded,Filter,0
freeplane,MapController,toggleFolded,Filter,0
freeplane,MapController,toggleFoldedAndScroll,Filter,0
freeplane,MapController,toggleFoldedAndScroll,Filter,0
freeplane,MapController,unfold,Filter,0
freeplane,MapController,isCurrentSelectionRoot,NodeModel,0
freeplane,MapController,unfoldHiddenChildren,NodeModel,0
freeplane,MapController,canBeUnfoldedOnCurrentView,Filter,0
freeplane,MapController,unfoldUpToVisibleChild,Filter,0
freeplane,MapController,createActions,ModeController,0
freeplane,MapController,displayNode,ModeController,0
freeplane,MapController,getMapReader,MapReader,0
freeplane,MapController,getMapWriter,MapWriter,0
freeplane,MapController,getReadManager,ReadManager,0
freeplane,MapController,getWriteManager,WriteManager,0
freeplane,MapController,getNodeAt,ModeController,0
freeplane,MapController,createMapView,ModeController,0
freeplane,MapController,duplicator,ModeController,0
freeplane,MapController,forceViewChange,ModeController,0
freeplane,MapController,select,ModeController,0
freeplane,MapController,toggleFolded,Filter,0
freeplane,MapController,canBeUnfoldedOnCurrentView,Filter,0
freeplane,MapController,getModeController,ModeController,0
freeplane,MapController,suggestNewChildSide,NodeModel,0
freeplane,MapModel,MapModel,IconRegistry,0
freeplane,MapModel,createNewRoot,NodeModel,0
freeplane,MapModel,addExtension,ExtensionContainer,0
freeplane,MapModel,addExtension,ExtensionContainer,0
freeplane,MapModel,putExtension,ExtensionContainer,0
freeplane,MapModel,putExtension,ExtensionContainer,0
freeplane,MapModel,containsExtension,ExtensionContainer,0
freeplane,MapModel,getExtension,ExtensionContainer,0
freeplane,MapModel,getExtensions,ExtensionContainer,0
freeplane,MapModel,getIconRegistry,IconRegistry,0
freeplane,MapModel,setIconRegistry,IconRegistry,0
freeplane,MapModel,getRootNode,NodeModel,0
freeplane,MapModel,removeExtension,ExtensionContainer,0
freeplane,MapModel,removeExtension,ExtensionContainer,0
freeplane,MapModel,setRoot,NodeModel,0
freeplane,MapModel,duplicate,NodeModel,0
freeplane,MapNavigationUtils,findNext,NodeModel,0
freeplane,MapNavigationUtils,atEnd,NodeModel,0
freeplane,MapNavigationUtils,findPrevious,NodeModel,0
freeplane,MapNavigationUtils,hasChildren,NodeModel,0
freeplane,MapWriter,writeNode,NodeWriter,0
freeplane,MapWriter,createTreeWriter,WriteManager,0
freeplane,MultipleNodeList,add,NodeModel,0
freeplane,MultipleNodeList,remove,NodeModel,0
freeplane,MultipleNodeList,detach,NodeModel,1
freeplane,MultipleNodeList,contains,NodeModel,0
freeplane,NodeAbsolutePath,NodeAbsolutePath,NodeModel,0
freeplane,NodeBuilder,getMap,MapReader,0
freeplane,NodeBuilder,getMapChild,MapReader,0
freeplane,NodeBuilder,registerAttributeHandlers,MapReader,0
freeplane,NodeBuilder,setMapChild,MapReader,0
freeplane,NodeChangeEvent,forNode,NodeModel,0
freeplane,NodeDeletionEvent,NodeDeletionEvent,NodeModel,0
freeplane,NodeLevelConditionController,getValueEditor,TranslatedObject,0
freeplane,NodeLevelConditionController,getValuesForProperty,TranslatedObject,0
freeplane,NodeLevelConditionController,getValueRenderer,TranslatedObject,0
freeplane,NodeModel,getUserObject,SharedNodeData,0
freeplane,NodeModel,NodeModel,NodeModel,0
freeplane,NodeModel,addIcon,MapModel,0
freeplane,NodeModel,fireNodeInserted,NodeModel,0
freeplane,NodeModel,fireNodeMoved,NodeMoveEvent,0
freeplane,NodeModel,fireNodeRemoved,NodeDeletionEvent,0
freeplane,NodeModel,fireNodeRemoved,NodeDeletionEvent,0
freeplane,NodeModel,getHistoryInformation,SharedNodeData,0
freeplane,NodeModel,getMap,MapModel,0
freeplane,NodeModel,getNodeLevel,Filter,0
freeplane,NodeModel,getNodeLevel,NodeModel,0
freeplane,NodeModel,getParentNode,NodeModel,0
freeplane,NodeModel,getXmlText,SharedNodeData,0
freeplane,NodeModel,isDescendantOf,NodeModel,0
freeplane,NodeModel,isTopOrLeft,NodeModel,0
freeplane,NodeModel,wouldBeTopOrLeft,NodeModel,0
freeplane,NodeModel,suggestNewChildSide,NodeModel,0
freeplane,NodeModel,hasVisibleContent,Filter,0
freeplane,NodeModel,satisfies,Filter,0
freeplane,NodeModel,isVisible,Filter,0
freeplane,NodeModel,setHistoryInformation,SharedNodeData,0
freeplane,NodeModel,setMap,MapModel,0
freeplane,NodeModel,setParent,NodeModel,0
freeplane,NodeModel,setText,SharedNodeData,0
freeplane,NodeModel,setUserObject,SharedNodeData,0
freeplane,NodeModel,setXmlText,SharedNodeData,0
freeplane,NodeModel,getVisibleAncestorOrSelf,Filter,0
freeplane,NodeModel,getExtensionContainer,SharedNodeData,0
freeplane,NodeModel,getIconModel,SharedNodeData,0
freeplane,NodeModel,getSharedData,SharedNodeData,0
freeplane,NodeModel,convertToClone,SharedNodeData,0
freeplane,NodeModel,subtreeContainsCloneOf,NodeModel,0
freeplane,NodeModel,isSubtreeCloneOf,NodeModel,0
freeplane,NodeModel,isCloneTreeRoot,NodeModel,0
freeplane,NodeModel,isSubtreeRootOrContentClone,NodeModel,0
freeplane,NodeModel,isCloneTreeRootOrContentClone,NodeModel,0
freeplane,NodeModel,isCloneTreeNode,NodeModel,0
freeplane,NodeModel,nextNodeIndex,NodeModel,0
freeplane,NodeModel,previousNodeIndex,NodeModel,0
freeplane,NodeModel,nextNodeIndex,NodeModel,0
freeplane,NodeModel,previousNode,NodeModel,0
freeplane,NodeModel,swapData,SharedNodeData,0
freeplane,NodeModel,subtreeHasVisibleContent,Filter,0
freeplane,NodeModel,childSubtreesHaveVisibleContent,Filter,0
freeplane,NodeModel,duplicate,MapModel,0
freeplane,NodeMoveEvent,NodeMoveEvent,NodeModel,0
freeplane,NodeRelativePath,NodeRelativePath,NodeModel,0
freeplane,NodeRelativePath,NodeRelativePath,NodeAbsolutePath,0
freeplane,NodeRelativePath,commonAncestor,NodeModel,0
freeplane,NodeRelativePath,pathBegin,NodeModel,0
freeplane,NodeRelativePath,pathEnd,NodeModel,0
freeplane,NodeRelativePath,relativeNode,NodeModel,0
freeplane,NodeRelativePath,ancestorForBegin,NodeModel,0
freeplane,NodeRelativePath,ancestor,NodeModel,0
freeplane,NodeRelativePath,equalPathsTo,NodeRelativePath,0
freeplane,NodeRelativePath,beginPathElement,NodeModel,0
freeplane,NodeRelativePath,endPathElement,NodeModel,0
freeplane,NodeStream,bottomUpOf,NodeModel,0
freeplane,NodeStream,of,NodeModel,0
freeplane,NodeWriter,NodeWriter,LinkBuilder,0
freeplane,NodeWriter,writeAttributesGenerateContent,LinkBuilder,0
freeplane,NodeWriter,writeReferenceNodeId,NodeModel,0
freeplane,NodeWriter,writeContent,XMLElement,0
freeplane,NodeWriter,registerBy,WriteManager,0
freeplane,NodeWriter,unregisterFrom,WriteManager,0
freeplane,PeriodicLevelCondition,checkNode,NodeModel,1
freeplane,PeriodicLevelCondition,load,XMLElement,1
freeplane,PeriodicLevelCondition,fillXML,XMLElement,0
freeplane,RootCondition,checkNode,NodeModel,0
freeplane,RootCondition,load,XMLElement,0
freeplane,SharedNodeData,getExtensionContainer,ExtensionContainer,0
freeplane,SharedNodeData,getHistoryInformation,HistoryInformationModel,0
freeplane,SharedNodeData,setHistoryInformation,HistoryInformationModel,0
freeplane,SharedNodeData,getIcons,NodeIconSetModel,0
freeplane,SingleNodeList,SingleNodeList,NodeModel,0
freeplane,SingleNodeList,add,NodeModel,0
freeplane,SingleNodeList,remove,NodeModel,0
freeplane,SingleNodeList,iterator,NodeModel,0
freeplane,SingleNodeList,detach,NodeModel,0
freeplane,SingleNodeList,toCollection,NodeModel,0
freeplane,SingleNodeList,contains,NodeModel,0
freeplane,SingleNodeList,head,NodeModel,0
freeplane,SummaryLevels,SummaryLevels,NodeModel,0
freeplane,SummaryLevels,of,NodeModel,0
freeplane,SummaryLevels,ignoringChildNodes,NodeModel,0
freeplane,SummaryLevels,SummaryLevels,Filter,0
freeplane,SummaryLevels,sidesOf,NodeModel,0
freeplane,SummaryLevels,summarizedNodes,NodeModel,1
freeplane,SummaryLevels,findSummaryNode,NodeModel,0
freeplane,SummaryLevels,findSummaryNodeIndex,NodeModel,0
freeplane,SummaryLevels,findGroupBeginNode,NodeModel,0
freeplane,SummaryLevels,findGroupBeginNodeIndex,NodeModel,0
freeplane,SummaryLevels,canInsertSummaryNode,NodeModel,0
freeplane,SummaryNode,createExtension,XMLElement,0
freeplane,SummaryNode,getSummaryLevel,NodeModel,1
freeplane,MapClipboardController,MapClipboardController,ModeController,0
freeplane,MapClipboardController,createActions,ModeController,0
freeplane,MapClipboardController,duplicate,ModeController,0
freeplane,MindMapHTMLWriter,setDefaultsFrom,NodeStyleController,0
freeplane,MindMapHTMLWriter,writeHTML,TextController,0
freeplane,MindMapHTMLWriter,startBodyWithBackgroundColor,MapModel,0
freeplane,MindMapHTMLWriter,getCloudColor,CloudController,0
freeplane,MindMapHTMLWriter,getWrittenCloudColor,CloudController,0
freeplane,MindMapHTMLWriter,getWrittenBackgroundColor,NodeStyleController,0
freeplane,MindMapHTMLWriter,writeHTML,NodeStyleController,0
freeplane,MindMapHTMLWriter,writeModelContent,TextController,0
freeplane,SingleCopySource,SingleCopySource,NodeModel,0
freeplane,SingleCopySource,getUserObject,NodeModel,0
freeplane,SingleCopySource,containsExtension,NodeModel,0
freeplane,SingleCopySource,createID,NodeModel,0
freeplane,SingleCopySource,fireNodeChanged,NodeChangeEvent,0
freeplane,SingleCopySource,getAllowsChildren,NodeModel,0
freeplane,SingleCopySource,getExtension,NodeModel,0
freeplane,SingleCopySource,getSharedExtensions,NodeModel,0
freeplane,SingleCopySource,getHistoryInformation,NodeModel,0
freeplane,SingleCopySource,getIcon,NodeModel,0
freeplane,SingleCopySource,getIcons,NodeModel,0
freeplane,SingleCopySource,getID,NodeModel,0
freeplane,SingleCopySource,getIndex,NodeModel,0
freeplane,SingleCopySource,getMap,NodeModel,0
freeplane,SingleCopySource,getNodeLevel,NodeModel,0
freeplane,SingleCopySource,getParentNode,NodeModel,0
freeplane,SingleCopySource,getPathToRoot,NodeModel,0
freeplane,SingleCopySource,getText,NodeModel,0
freeplane,SingleCopySource,getViewers,NodeModel,0
freeplane,SingleCopySource,hasID,NodeModel,0
freeplane,SingleCopySource,isDescendantOf,NodeModel,0
freeplane,SingleCopySource,isLeaf,NodeModel,0
freeplane,SingleCopySource,isRoot,NodeModel,0
freeplane,SingleCopySource,isVisible,NodeModel,0
freeplane,SingleCopySource,hasVisibleContent,NodeModel,0
freeplane,SingleCopySource,isHiddenSummary,NodeModel,0
freeplane,SingleCopySource,setHistoryInformation,HistoryInformationModel,0
freeplane,SingleCopySource,setMap,MapModel,0
freeplane,SingleCopySource,setParent,NodeModel,0
freeplane,SingleCopySource,toString,NodeModel,0
freeplane,SingleCopySource,depth,NodeModel,0
freeplane,SingleCopySource,insert,NodeModel,0
freeplane,SingleCopySource,getVisibleAncestorOrSelf,NodeModel,0
freeplane,FMapController,FMapController,FModeController,0
freeplane,ChangeNodeLevelController,ChangeNodeLevelController,MModeController,0
freeplane,ChangeNodeLevelController,moveUpwards,NodeModel,1
freeplane,ChangeNodeLevelController,findMovedChildren,NodeModel,1
freeplane,ChangeNodeLevelController,changeNodeLevelLefts,NodeModel,0
freeplane,ChangeNodeLevelController,changeNodeLevelRights,NodeModel,0
freeplane,MMapController,MMapController,ModeController,0
freeplane,MMapController,addNewSummaryNodeStartEditing,NodeModel,0
freeplane,MMapController,createActions,ModeController,1
freeplane,MMapController,deleteNode,NodeModel,0
freeplane,MMapController,deleteSingleNodeWithClones,NodeModel,1
freeplane,MMapController,deleteSingleSummaryNode,NodeModel,1
freeplane,MMapController,moveNode,NodeModel,0
freeplane,MMapController,moveNodeAndItsClones,NodeModel,1
freeplane,MMapController,moveNodesInGivenDirection,NodeModel,0
freeplane,MMapController,getSiblingsSortedOnSide,NodeModel,0
freeplane,MMapController,createModel,NodeModel,0
freeplane,MMapController,addLoadedMap,MMapModel,0
freeplane,MMapController,setProperty,NodeModel,0
freeplane,MMapController,removeProperty,NodeModel,0
freeplane,MMapController,setProperty,NodeModel,0
freeplane,MMapModel,getLockManager,LockManager,0
freeplane,NodeSorter,sortNodes,NodeModel,0
freeplane,RemoveAllAlwaysUnfoldedNodeFlagsAction,RemoveAllAlwaysUnfoldedNodeFlagsAction,AlwaysUnfoldedNode,0
freeplane,RemoveAllAlwaysUnfoldedNodeFlagsAction,removeAlwaysUnfoldedNodeFlags,AlwaysUnfoldedNode,0
freeplane,SetAlwaysUnfoldedNodeFlagsAction,SetAlwaysUnfoldedNodeFlagsAction,AlwaysUnfoldedNode,0
freeplane,SetAlwaysUnfoldedNodeFlagsAction,setAlwaysUnfoldedNodeFlags,AlwaysUnfoldedNode,0
freeplane,SummaryNodeMapUpdater,SummaryNodeMapUpdater,MMapController,0
freeplane,SummaryNodeMapUpdater,onCreate,MModeController,0
freeplane,SummaryNodeMapUpdater,updateSummaryNodes,MMapController,0
freeplane,MMapClipboardController,MMapClipboardController,MModeController,0
freeplane,MMapClipboardController,pasteStringWithoutRedisplay,NodeModel,0
freeplane,MMapClipboardController,addAttribute,NodeModel,0
freeplane,MMapClipboardController,addNode,NodeModel,0
freeplane,MMapClipboardController,insertNode,NodeModel,0
freeplane,MMapClipboardController,insertNewNodes,NodeModel,0
freeplane,MapIO,MapIO,MapController,0
freeplane,MapIO,install,MapController,1
freeplane,MapIO,loadCatchExceptions,UrlManager,0
freeplane,MapIO,load,UrlManager,0
freeplane,MapIO,openMap,MapController,0
freeplane,MMapIO,getInstance,MMapIO,0
freeplane,MMapIO,MMapIO,MMapController,0
freeplane,MMapIO,install,MMapIO,0
freeplane,MMapIO,load,MFileManager,0
freeplane,MMapIO,loadCatchExceptions,MFileManager,0
freeplane,MMapIO,loadSafeAndLock,MFileManager,0
freeplane,MMapIO,open,MFileManager,0
freeplane,MMapIO,openUntitledMap,MFileManager,0
freeplane,MMapIO,save,MFileManager,0
freeplane,MMapIO,save,MFileManager,0
freeplane,MMapIO,saveAs,MFileManager,0
freeplane,MMapIO,writeToFile,MFileManager,0
freeplane,MMapIO,loadTree,MFileManager,0
freeplane,MMapIO,newMapFromDefaultTemplate,MFileManager,0
freeplane,MMapIO,newMap,MMapController,0
freeplane,MMapIO,createUntitledMap,MFileManager,0
freeplane,MMapIO,readMap,MFileManager,0
freeplane,MMapIO,openMap,MMapController,0
freeplane,MMapIO,openDocumentationMap,MMapController,0
freeplane,MMapIO,restoreCurrentMap,MMapController,0
freeplane,AController,addActionIfNotAlreadySet,AFreeplaneAction,1
freeplane,Controller,Controller,ResourceController,0
freeplane,Controller,addExtension,ExtensionContainer,0
freeplane,Controller,addModeController,ModeController,0
freeplane,Controller,getExtension,ExtensionContainer,0
freeplane,Controller,getModeController,ModeController,0
freeplane,Controller,selectMode,ModeController,0
freeplane,Controller,shutdown,ExtensionContainer,0
freeplane,Controller,getCurrentController,Controller,0
freeplane,Controller,setCurrentController,Controller,0
freeplane,Controller,selectModeForBuild,ModeController,0
freeplane,Controller,getResourceController,ResourceController,0
freeplane,Controller,getOptionPanelController,OptionPanelController,0
freeplane,Controller,onCreate,MapModel,0
freeplane,Controller,onRemove,MapModel,0
freeplane,ModeController,addAction,MapController,0
freeplane,ModeController,addExtension,ExtensionContainer,0
freeplane,ModeController,addUiBuilder,BuilderDestroyerPair,0
freeplane,ModeController,canEdit,MapModel,0
freeplane,ModeController,userRole,MapModel,0
freeplane,ModeController,getController,Controller,0
freeplane,ModeController,getExtension,ExtensionContainer,0
freeplane,ModeController,containsExtension,ExtensionContainer,0
freeplane,ModeController,removeExtension,ExtensionContainer,0
freeplane,ModeController,getMapController,MapController,0
freeplane,ModeController,hasOneVisibleChild,Filter,0
freeplane,ModeController,removeAction,MapController,0
freeplane,ModeController,setMapController,MapController,0
freeplane,ModeController,setVisible,MapController,0
freeplane,ModeController,canEdit,NodeModel,0
freeplane,PersistentNodeHook,removeMapExtensions,NodeModel,1
freeplane,PersistentNodeHook,moveExtension,MapModel,0
freeplane,SelectBranchAction,actionPerformed,NodeModel,0
freeplane,LoadAcceleratorPresetsAction,install,ModeController,0
freeplane,MModeController,delayedCommit,MapModel,0
freeplane,MModeController,delayedRollback,MapModel,0
freeplane,MModeController,createActions,RedoAction,0
freeplane,MModeController,createOptionPanelControls,OptionPanelBuilder,0
freeplane,MModeController,createShowPreferencesAction,OptionPanelBuilder,0
freeplane,MModeController,createShowPreferencesAction,OptionPanelBuilder,0
freeplane,MModeController,getOptionPanelBuilder,OptionPanelBuilder,0
freeplane,MModeController,undo,UndoAction,0
freeplane,MModeController,resetRedo,RedoAction,0
freeplane,MModeController,userRole,MapModel,0
freeplane,LocationController,getController,ModeController,0
freeplane,LocationController,getHorizontalShift,NodeModel,0
freeplane,LocationController,getVerticalShift,NodeModel,0
freeplane,LocationController,getCommonVGapBetweenChildren,NodeModel,0
freeplane,LocationController,getBaseHGapToChildren,NodeModel,0
freeplane,LocationModel,getModel,LocationModel,0
freeplane,ChangeBaseHGapActor,act,NodeModel,0
freeplane,ChangeBaseHGapActor,setBaseHgap,NodeModel,0
freeplane,ChangeBaseHGapActor,undo,NodeModel,0
freeplane,ChangeShiftXActor,act,NodeModel,0
freeplane,ChangeShiftXActor,setShiftX,NodeModel,0
freeplane,ChangeShiftXActor,undo,NodeModel,0
freeplane,ChangeShiftYActor,act,NodeModel,0
freeplane,ChangeShiftYActor,setShiftY,NodeModel,0
freeplane,ChangeShiftYActor,undo,NodeModel,0
freeplane,ChangeVGapActor,act,NodeModel,0
freeplane,ChangeVGapActor,setVGap,NodeModel,0
freeplane,ChangeVGapActor,undo,NodeModel,0
freeplane,MLocationController,createActions,ModeController,0
freeplane,MLocationController,setHorizontalShift,NodeModel,0
freeplane,MLocationController,setVerticalShift,NodeModel,0
freeplane,MLocationController,setCommonVGapBetweenChildren,NodeModel,0
freeplane,MLocationController,setBaseHGapToChildren,NodeModel,0
freeplane,NodeBorderModel,copyTo,NodeBorderModel,0
freeplane,NodeCssHook,saveExtension,XMLElement,0
freeplane,NodeSizeModel,setMaxNodeWidth,NodeModel,0
freeplane,NodeSizeModel,setNodeMinWidth,NodeModel,0
freeplane,NodeSizeModel,getMaxNodeWidth,NodeModel,0
freeplane,NodeSizeModel,getMinNodeWidth,NodeModel,0
freeplane,NodeSizeModel,copyTo,NodeSizeModel,0
freeplane,NodeStyleBuilder,writeAttributes,NodeStyleController,0
freeplane,NodeStyleBuilder,writeAttributes,NodeStyleController,0
freeplane,NodeStyleBuilder,writeAttributes,NodeStyleController,0
freeplane,NodeStyleBuilder,writeContent,NodeStyleController,0
freeplane,NodeStyleController,getController,ModeController,0
freeplane,NodeStyleController,getController,ModeController,0
freeplane,NodeStyleController,install,ModeController,0
freeplane,NodeStyleController,getStyleSheet,ModeController,0
freeplane,NodeStyleController,getShapeConfiguration,NodeModel,0
freeplane,NodeStyleController,getNodeFormat,ModeController,0
freeplane,NodeStyleController,getNodeNumbering,ModeController,0
freeplane,NodeStyleController,getMaxWidth,ModeController,0
freeplane,NodeStyleController,getMinWidth,ModeController,0
freeplane,NodeStyleController,getModeController,ModeController,0
freeplane,NodeStyleController,getBorderWidthMatchesEdgeWidth,ModeController,0
freeplane,NodeStyleController,getBorderDashMatchesEdgeDash,ModeController,0
freeplane,NodeStyleController,getBorderWidth,ModeController,0
freeplane,NodeStyleController,getBorderDash,ModeController,0
freeplane,NodeStyleController,getBorderColorMatchesEdgeColor,ModeController,0
freeplane,NodeStyleController,getBorderColor,ModeController,0
freeplane,NodeStyleController,isStrikedThrough,NodeModel,0
freeplane,NodeStyleModel,getNodeNumbering,NodeModel,0
freeplane,NodeStyleModel,isStrikedThrough,NodeModel,0
freeplane,NodeStyleModel,setNodeNumbering,NodeModel,0
freeplane,NodeStyleModel,getShapeConfiguration,NodeGeometryModel,0
freeplane,NodeStyleModel,setShapeConfiguration,NodeGeometryModel,0
freeplane,CopyFormat,getPattern,NodeModel,0
freeplane,CopyFormat,copyFormat,NodeModel,0
freeplane,MNodeStyleController,copyCss,NodeModel,0
freeplane,MNodeStyleController,setStyleSheet,NodeModel,1
freeplane,MNodeStyleController,setShapeHorizontalMargin,NodeModel,0
freeplane,MNodeStyleController,setShapeVerticalMargin,NodeModel,0
freeplane,MNodeStyleController,setUniformShape,NodeModel,0
freeplane,NoteController,getController,ModeController,0
freeplane,NoteController,getController,ModeController,0
freeplane,NoteController,install,ModeController,0
freeplane,NoteController,getNoteContentType,ModeController,0
freeplane,NoteController,registerNoteTooltipProvider,ModeController,0
freeplane,NoteController,registerStateIconProvider,UIIcon,0
freeplane,NoteController,showNotesInMap,MapModel,0
freeplane,NoteStyleAccessor,NoteStyleAccessor,NodeModel,0
freeplane,NoteStyleAccessor,getNoteStyleSheet,NodeCss,0
freeplane,NoteWriter,writeAttributes,NoteController,0
freeplane,MNoteController,getModeController,MModeController,0
freeplane,MNoteController,MNoteController,MModeController,0
freeplane,MNoteController,createActions,MModeController,0
freeplane,MNoteController,hideNotesPanel,NotePanel,0
freeplane,MNoteController,onWrite,NoteManager,0
freeplane,MNoteController,setNote,NoteModel,1
freeplane,MNoteController,showNotesPanel,NotePanel,0
freeplane,MNoteController,stopEditing,MModeController,0
freeplane,MNoteController,isEditing,NotePanel,0
freeplane,MNoteController,shutdownController,NotePanel,0
freeplane,MNoteController,startupController,NoteManager,0
freeplane,MNoteController,getNotePanel,NotePanel,0
freeplane,NoteManager,onRemove,MapModel,0
freeplane,NoteManager,stopEditing,NodeModel,0
freeplane,NoteManager,onSelect,NodeModel,0
freeplane,NoteManager,updateEditor,NodeModel,0
freeplane,NoteManager,afterMapChange,MNoteController,0
freeplane,NoteManager,saveNote,MNoteController,0
freeplane,NoteManager,getNode,NodeModel,0
freeplane,NoteManager,saveNote,NodeModel,0
freeplane,NoteManager,propertyChanged,NodeModel,0
freeplane,NotePanel,NotePanel,NoteManager,0
freeplane,NotePanel,createHtmlEditorComponent,NoteManager,0
freeplane,NotePanel,saveNote,NoteManager,0
freeplane,RemoveNoteAction,removeNote,MNoteController,0
freeplane,SelectNoteAction,actionPerformed,MNoteController,0
freeplane,ShowHideNoteAction,actionPerformed,MNoteController,0
freeplane,ShowHideNoteAction,setSelected,MNoteController,0
freeplane,EscapeKeyEventDispatcher,EscapeKeyEventDispatcher,PresentationState,0
freeplane,EscapeKeyEventDispatcher,dispatchKeyEvent,PresentationState,0
freeplane,NavigationKeyEventDispatcher,NavigationKeyEventDispatcher,PresentationState,0
freeplane,NavigationKeyEventDispatcher,dispatchKeyEvent,PresentationState,0
freeplane,NavigationPanelController,setPresentation,Presentation,0
freeplane,NavigationPanelController,updateUi,AFreeplaneAction,0
freeplane,NavigationPanelController,createNavigationBox,AFreeplaneAction,0
freeplane,NavigationPanelController,registerActions,AFreeplaneAction,0
freeplane,PresentationAutomation,PresentationAutomation,PresentationState,0
freeplane,PresentationAutomation,onPresentationStateChange,PresentationStateChangeEvent,0
freeplane,PresentationBuilder,register,MapController,0
freeplane,PresentationWriter,PresentationWriter,MapModel,0
freeplane,PresentationWriter,writePresentation,Presentation,0
freeplane,PresentationWriter,writeSlide,Slide,1
freeplane,PresentationController,install,PresentationState,0
freeplane,PresentationController,registerActions,ModeController,0
freeplane,PresentationController,PresentationController,ModeController,0
freeplane,PresentationController,addMapSelectionListener,ModeController,0
freeplane,PresentationController,getPresentations,ModeController,0
freeplane,PresentationController,getPresentationFactory,PresentationState,0
freeplane,PresentationController,getSlideFactory,PresentationState,0
freeplane,PresentationController,createPanel,PresentationState,0
freeplane,PresentationEditorController,setPresentations,SlideEditorController,0
freeplane,PresentationEditorController,createPanel,NavigationPanelController,0
freeplane,PresentationEditorController,createActionPanel,ModeController,0
freeplane,PresentationEditorController,registerActions,NavigationPanelController,0
freeplane,PresentationPngExporter,exportPresentation,PresentationState,0
freeplane,PresentationPngExporter,exportPresentations,PresentationState,0
freeplane,PresentationPngExporter,PresentationPngExporter,PresentationState,0
freeplane,PresentationPngExporter,exportAllPresentations,PresentationState,0
freeplane,PresentationPngExporter,exportSinglePresentation,PresentationState,0
freeplane,PresentationPngExporter,restorePreviousPresentation,PresentationState,0
freeplane,PresentationPngExporter,exportPresentation,Presentation,0
freeplane,PresentationPngExporter,exportSlide,Slide,0
freeplane,PresentationState,changePresentation,Presentation,0
freeplane,PresentationState,showPresentation,Slide,0
freeplane,PresentationState,stopPresentation,Slide,0
freeplane,PresentationState,isPresentationRunning,Slide,0
freeplane,PresentationState,showNextSlide,Presentation,0
freeplane,PresentationState,showLastSlide,Presentation,0
freeplane,PresentationState,showPreviousSlide,Presentation,0
freeplane,PresentationState,showFirstSlide,Presentation,0
freeplane,PresentationState,currentPresentationHasNextSlide,Presentation,0
freeplane,PresentationState,canShowCurrentSlide,Presentation,0
freeplane,PresentationState,currentPresentationHasPreviousSlide,Presentation,0
freeplane,PresentationState,shouldHighlightNodeContainedOnSlide,Presentation,0
freeplane,PresentationState,isSlideRoot,Presentation,0
freeplane,PresentationState,shouldHighlightNodeFoldedOnSlide,Presentation,0
freeplane,PresentationStateChangeEvent,PresentationStateChangeEvent,PresentationState,0
freeplane,Slide,saveAs,ASelectableCondition,0
freeplane,Slide,Slide,ASelectableCondition,0
freeplane,Slide,isNodeFolded,NodeModel,0
freeplane,Slide,isNodeVisible,NodeModel,0
freeplane,Slide,getFilterCondition,ASelectableCondition,0
freeplane,Slide,setFilterCondition,ASelectableCondition,0
freeplane,Slide,displayDescendantsOnCurrentView,NodeModel,0
freeplane,Slide,getEffectiveFilterCondition,ASelectableCondition,0
freeplane,Slide,isFoldedOnCurrentView,NodeModel,0
freeplane,Slide,displayOnCurrentView,NodeModel,0
freeplane,Slide,setFoldedOnCurrentView,NodeModel,0
freeplane,SlideChangeEvent,SlideChangeEvent,Slide,0
freeplane,SlideChangeEvent,of,Slide,0
freeplane,SlideEditorController,SlideEditorController,PresentationState,0
freeplane,SlideEditorController,createNodePositionToggleButton,Slide,0
freeplane,SlideEditorController,createSetSlideRootButton,Slide,0
freeplane,SlideEditorController,createSetSelectedNodeButton,Slide,0
freeplane,SlideEditorController,createAddSelectedNodeButton,Slide,0
freeplane,SlideEditorController,createRemoveSelectedNodeButton,Slide,0
freeplane,SlideEditorController,createSetZoomToggleButton,Slide,0
freeplane,SlideEditorController,createPlacesSelectedNodeToggleButton,Slide,0
freeplane,SlideEditorController,createOnlySelectedNodesCheckBox,Slide,0
freeplane,SlideEditorController,createShowAncestorsCheckBox,Slide,0
freeplane,SlideEditorController,createShowDescendantsCheckBox,Slide,0
freeplane,SlideEditorController,createSetFilterToggleButton,Slide,0
freeplane,SlideEditorController,createSelectNodesButton,Slide,0
freeplane,SlideEditorController,createSetFoldingStateToggleButton,Slide,0
freeplane,SlideEditorController,setSlide,Slide,0
freeplane,SlideEditorController,updateUI,Slide,0
freeplane,SlideEditorController,updateFilter,Slide,0
freeplane,UndoableNamedElementCollection,UndoableNamedElementCollection,MapModel,0
freeplane,UndoableNamedElementCollection,add,MapModel,0
freeplane,UndoableNamedElementCollection,add,MapModel,0
freeplane,UndoableNamedElementCollection,removeCurrentElement,MapModel,0
freeplane,UndoableNamedElementCollection,moveCurrentElementTo,MapModel,0
freeplane,UndoableNamedElementCollection,copyCurrentElement,MapModel,0
freeplane,UndoableSlide,of,Slide,0
freeplane,UndoableSlide,UndoableSlide,Slide,0
freeplane,UndoableSlide,setName,MapModel,0
freeplane,UndoableSlide,setRootNodeId,MapModel,0
freeplane,UndoableSlide,setSelectedNodeIds,MapModel,0
freeplane,UndoableSlide,addSelectedNodeIds,MapModel,0
freeplane,UndoableSlide,removeSelectedNodeIds,MapModel,0
freeplane,UndoableSlide,setPlacedNodeId,MapModel,0
freeplane,UndoableSlide,setPlacedNodePosition,MapModel,0
freeplane,UndoableSlide,setChangesZoom,MapModel,0
freeplane,UndoableSlide,setZoom,MapModel,0
freeplane,UndoableSlide,setShowsOnlySpecificNodes,MapModel,0
freeplane,UndoableSlide,setShowsAncestors,MapModel,0
freeplane,UndoableSlide,setShowsDescendants,MapModel,0
freeplane,UndoableSlide,setFilterCondition,MapModel,0
freeplane,UndoableSlide,setCurrentFoldedNodeIDs,MapModel,0
freeplane,UndoableSlide,unsetFoldsNodes,MapModel,0
freeplane,AbstractPrintAction,getPrintController,PrintController,0
freeplane,BrowseAction,actionPerformed,Preview,1
freeplane,BrowseAction,getPageIndexText,Preview,0
freeplane,Preview,getPageFormat,PrintController,0
freeplane,PrintController,acquirePrinterJobAndPageFormat,PageAction,0
freeplane,ZoomAction,actionPerformed,Preview,1
freeplane,SpellCheckerController,install,SpellCheckerController,0
freeplane,AutomaticLayoutController,getStyleNode,MapModel,0
freeplane,AutomaticLayoutController,toggle,NodeModel,1
freeplane,AutomaticLayoutController,isAutomaticLevelStyle,NodeModel,1
freeplane,ConditionalStyleModel,createConditionalStyleModel,NodeModel,1
freeplane,ConditionalStyleModel,ConditionalStyleModel,ConditionalStyleModel,0
freeplane,ConditionalStyleModel,getStyles,NodeModel,0
freeplane,ConditionalStyleModel,addCondition,ASelectableCondition,0
freeplane,ConditionalStyleModel,insertCondition,ASelectableCondition,0
freeplane,ConditionalStyleModel,setCondition,ASelectableCondition,0
freeplane,ConditionalStyleModel,addDifferentConditions,ConditionalStyleModel,0
freeplane,LogicalStyleController,LogicalStyleController,ModeController,0
freeplane,LogicalStyleController,getResursively,NodeModel,1
freeplane,LogicalStyleController,addAll,MapStyleModel,0
freeplane,LogicalStyleController,add,NodeModel,1
freeplane,LogicalStyleController,add,MapStyleModel,0
freeplane,LogicalStyleController,getController,ModeController,1
freeplane,LogicalStyleController,addConditionalStyle,ASelectableCondition,0
freeplane,LogicalStyleController,insertConditionalStyle,ASelectableCondition,0
freeplane,LogicalStyleController,setConditionForConditionalStyle,ASelectableCondition,0
freeplane,LogicalStyleController,getNodeStyleNames,NodeModel,1
freeplane,LogicalStyleController,getMapStyleNames,NodeModel,1
freeplane,LogicalStyleController,conditionalStylesOf,NodeModel,1
freeplane,LogicalStyleFilterController,getValueEditor,TranslatedObject,0
freeplane,LogicalStyleFilterController,getValuesForProperty,TranslatedObject,1
freeplane,LogicalStyleFilterController,getValueRenderer,TranslatedObject,0
freeplane,MapStyle,loadConditionalStyles,XMLElement,1
freeplane,MapStyle,saveConditionalStyles,XMLElement,1
freeplane,MapStyle,getBackgroundImage,MapModel,0
freeplane,MapStyle,allowsCompactLayout,MapModel,0
freeplane,MapStyle,isAutoCompactLayoutEnabled,MapModel,0
freeplane,MapStyle,tagLocation,MapModel,1
freeplane,MapStyle,iconLocation,MapModel,1
freeplane,MapStyle,getBooleanProperty,MapModel,1
freeplane,MapStyle,replaceStyles,MapModel,1
freeplane,MapStyle,undoableCopyStyleToAssociatedExternalTemplate,MapModel,1
freeplane,MapStyle,undoableCopyStyleToExternalMap,MapModel,1
freeplane,MapStyle,undoableCopyStyleToLoadedMap,NodeModel,1
freeplane,MapStyle,undoableCopyStyle,MapModel,1
freeplane,MapStyle,undoableCopyStyleToTargetFile,MapModel,1
freeplane,MapStyle,copyStyles,MapModel,1
freeplane,MapStyle,followedTemplate,MapStyleModel,0
freeplane,MapStyle,normalizeOldFormatTemplateLocation,MapStyleModel,1
freeplane,MapStyle,saveProperties,XMLElement,1
freeplane,MapStyle,saveTagProperties,XMLElement,1
freeplane,MapStyle,showsTagCategories,MapModel,1
freeplane,MapStyleModel,isDefaultStyleNode,NodeModel,1
freeplane,MapStyleModel,isStyleNode,NodeModel,1
freeplane,MapStyleModel,isUserStyleNode,StyleTranslatedObject,0
freeplane,MapStyleModel,isPredefinedStyleNode,StyleTranslatedObject,0
freeplane,MapStyleModel,getStyleMap,MapModel,0
freeplane,MapStyleModel,getConditionalStyleModel,ConditionalStyleModel,0
freeplane,MapStyleModel,insertStyleMap,MapModel,1
freeplane,MapStyleModel,refreshStyles,NodeModel,1
freeplane,MapStyleModel,createStyleMap,MapModel,1
freeplane,MapStyleModel,createStyleGroupNode,MapModel,1
freeplane,MapStyleModel,initStylesComboBoxModel,MapModel,1
freeplane,MapStyleModel,getStyleNodeSafe,NodeModel,1
freeplane,MapStyleModel,getDefaultStyleNode,NodeModel,0
freeplane,MapStyleModel,getNodeStyles,MapModel,1
freeplane,MapStyleModel,setStylesFrom,MapStyleModel,0
freeplane,MapStyleModel,setBackgroundFrom,MapStyleModel,1
freeplane,MapStyleModel,setStylesFrom,ConditionalStyleModel,1
freeplane,MapStyleModel,setNonStyleUserPropertiesFrom,MapStyleModel,1
freeplane,MapStyleModel,addUserStylesFrom,MapModel,1
freeplane,MapStyleModel,addConditionalStylesFrom,ConditionalStyleModel,0
freeplane,MapStyleModel,setConditionalStylesIfEmpty,MapStyleModel,0
freeplane,MapStyleModel,getStyleNodeGroup,NodeModel,1
freeplane,MapStyleModel,getStyleNodeGroup,MapModel,1
freeplane,MapStyleModel,copyStyle,MapModel,1
freeplane,StyleExchange,StyleExchange,MapModel,0
freeplane,StyleExchange,replaceMapStylesAndAutomaticStyle,MapModel,1
freeplane,StyleExchange,copyMapStyles,MapModel,1
freeplane,StyleExchange,copyMapStylesNoUndoNoRefresh,MapModel,1
freeplane,StyleExchange,makeUndoableAndRefreshView,MapModel,1
freeplane,StyleExchange,moveStyle,MapModel,1
freeplane,StyleFactory,create,TranslatedObject,0
freeplane,StyleMapModel,StyleMapModel,AttributeRegistry,0
freeplane,StyleNode,getNode,NodeModel,0
freeplane,StyleNode,StyleNode,NodeModel,0
freeplane,StyleNode,toString,NodeModel,0
freeplane,StyleTranslatedObject,StyleTranslatedObject,TranslatedObject,0
freeplane,StyleTranslatedObject,equals,TranslatedObject,1
freeplane,StyleTranslatedObject,hashCode,TranslatedObject,1
freeplane,StyleTranslatedObject,toString,TranslatedObject,0
freeplane,StyleTranslatedObject,getObject,TranslatedObject,0
freeplane,ConditionalStyleTable,ConditionalStyleTable,ConditionalStyleModel,0
freeplane,ConditionalStyleTable,getStyles,MapStyleModel,0
freeplane,ConditionalStyleTable,filterComposer,FilterComposerDialog,0
freeplane,ConditionalStyleTable,createFilterComposer,FilterComposerDialog,1
freeplane,CopyStyleExtensionsAction,actionPerformed,NodeModel,0
freeplane,EditablePatternComboProperty,EditablePatternComboProperty,PatternFormat,0
freeplane,EditablePatternComboProperty,toValueObject,PatternFormat,1
freeplane,MLogicalStyleController,MLogicalStyleController,ModeController,0
freeplane,MLogicalStyleController,initS,ModeController,1
freeplane,MLogicalStyleController,initM,ModeController,1
freeplane,MLogicalStyleController,setStyle,ModeController,1
freeplane,MLogicalStyleController,setStyle,ModeController,1
freeplane,MLogicalStyleController,addConditionalStyle,ASelectableCondition,0
freeplane,MLogicalStyleController,insertConditionalStyle,ASelectableCondition,0
freeplane,MUIFactory,onNodeDeleted,NodeDeletionEvent,0
freeplane,MUIFactory,onNodeMoved,NodeMoveEvent,0
freeplane,MUIFactory,onPreNodeDelete,NodeDeletionEvent,0
freeplane,MUIFactory,onPreNodeMoved,NodeMoveEvent,0
freeplane,ManageAssociatedMindMapsDialog,createUnfollowButton,MapModel,0
freeplane,ManageAssociatedMindMapsDialog,createReplaceStylesButton,MapModel,0
freeplane,ManageAssociatedMindMapsDialog,createCopyStylesButton,MapModel,0
freeplane,ManageAssociatedMindMapsDialog,createChangeMapButton,MapModel,0
freeplane,ManageAssociatedMindMapsDialog,updateAssociatedMap,MapModel,0
freeplane,NewNodeStyle,assignStyleToNewNode,NodeModel,0
freeplane,BorderColorAndColorMatchesEdgeControlGroup,addBorderColorControl,RevertingProperty,0
freeplane,BorderColorAndColorMatchesEdgeControlGroup,addBorderColorMatchesEdgeColorControl,RevertingProperty,0
freeplane,BorderColorAndColorMatchesEdgeControlGroup,setStyle,NodeModel,1
freeplane,BorderColorAndColorMatchesEdgeControlGroup,enableOrDisableBorderColorControls,ColorProperty,0
freeplane,BorderDashAndDashMatchesEdgeControlGroup,addBorderDashControl,RevertingProperty,0
freeplane,BorderDashAndDashMatchesEdgeControlGroup,addBorderDashMatchesEdgeDashControl,RevertingProperty,0
freeplane,BorderDashAndDashMatchesEdgeControlGroup,setStyle,NodeModel,1
freeplane,BorderDashAndDashMatchesEdgeControlGroup,enableOrDisableBorderDashControls,ComboProperty,0
freeplane,BorderWidthAndBorderWidthMatchesEdgeControlGroup,addBorderWidthControl,RevertingProperty,0
freeplane,BorderWidthAndBorderWidthMatchesEdgeControlGroup,addBorderWidthMatchesEdgeWidthControl,RevertingProperty,0
freeplane,BorderWidthAndBorderWidthMatchesEdgeControlGroup,enableOrDisableBorderWidthControls,RevertingProperty,0
freeplane,BorderWidthAndBorderWidthMatchesEdgeControlGroup,setStyle,NodeModel,0
freeplane,ChildHorizontalGapControlGroup,addControlGroup,RevertingProperty,0
freeplane,ChildHorizontalGapControlGroup,setStyle,NodeModel,0
freeplane,ChildNodesLayoutControlGroup,addControlGroup,RevertingProperty,0
freeplane,ChildNodesLayoutControlGroup,setStyle,NodeModel,1
freeplane,ChildVerticalGapControlGroup,addControlGroup,RevertingProperty,0
freeplane,ChildVerticalGapControlGroup,setStyle,NodeModel,1
freeplane,CloudColorShapeControlGroup,addCloudColorControl,RevertingProperty,0
freeplane,CloudColorShapeControlGroup,addCloudShapeControl,ComboProperty,0
freeplane,CloudColorShapeControlGroup,setStyle,NodeModel,1
freeplane,ControlGroupChangeListener,applyValue,NodeModel,0
freeplane,ControlGroupChangeListener,propertyChange,RevertingProperty,0
freeplane,ControlGroupChangeListener,setStyle,NodeModel,0
freeplane,ControlGroupChangeListener,setStyleOnExternalChange,NodeModel,0
freeplane,ControlGroupChangeListener,adjustForStyle,NodeModel,0
freeplane,CssControlGroup,CssControlGroup,ModeController,0
freeplane,CssControlGroup,addCssControl,RevertingProperty,0
freeplane,CssControlGroup,setStyle,NodeModel,1
freeplane,DetailContentTypeControlGroup,setStyle,NodeModel,1
freeplane,DetailContentTypeControlGroup,addControlGroup,RevertingProperty,0
freeplane,EdgeColorControlGroup,addControlGroup,RevertingProperty,0
freeplane,EdgeColorControlGroup,setStyle,NodeModel,1
freeplane,EdgeDashControlGroup,setStyle,NodeModel,1
freeplane,EdgeDashControlGroup,addControlGroup,RevertingProperty,0
freeplane,EdgeStyleControlGroup,addControlGroup,RevertingProperty,0
freeplane,EdgeStyleControlGroup,setStyle,NodeModel,1
freeplane,EdgeWidthControlGroup,addControlGroup,RevertingProperty,0
freeplane,EdgeWidthControlGroup,setStyle,NodeModel,1
freeplane,FontBoldControlGroup,setStyle,NodeModel,1
freeplane,FontBoldControlGroup,addControlGroup,RevertingProperty,0
freeplane,FontItalicControlGroup,setStyle,NodeModel,1
freeplane,FontItalicControlGroup,addControlGroup,RevertingProperty,0
freeplane,FontNameControlGroup,setStyle,NodeModel,1
freeplane,FontNameControlGroup,addControlGroup,RevertingProperty,0
freeplane,FontSizeControlGroup,setStyle,NodeModel,1
freeplane,FontSizeControlGroup,addControlGroup,RevertingProperty,0
freeplane,FontStrikeThroughControlGroup,setStyle,NodeModel,1
freeplane,FontStrikeThroughControlGroup,addControlGroup,RevertingProperty,0
freeplane,FormatControlGroup,setStyle,NodeModel,1
freeplane,FormatControlGroup,addControlGroup,RevertingProperty,0
freeplane,GroupSeparator,setStyle,NodeModel,0
freeplane,IconSizeControlGroup,addControlGroup,RevertingProperty,0
freeplane,IconSizeControlGroup,setStyle,NodeModel,1
freeplane,MaxNodeWidthControlGroup,addControlGroup,RevertingProperty,0
freeplane,MaxNodeWidthControlGroup,setStyle,NodeModel,1
freeplane,MinNodeWidthControlGroup,addControlGroup,RevertingProperty,0
freeplane,MinNodeWidthControlGroup,setStyle,NodeModel,1
freeplane,NextColumnControlGroup,setStyle,NodeModel,0
freeplane,NextLineControlGroup,setStyle,NodeModel,0
freeplane,NodeBackgroundColorControlGroup,setStyle,NodeModel,1
freeplane,NodeBackgroundColorControlGroup,addControlGroup,RevertingProperty,0
freeplane,NodeColorControlGroup,addControlGroup,RevertingProperty,0
freeplane,NodeColorControlGroup,setStyle,NodeModel,1
freeplane,NodeFontHyperLinkControlGroup,addControlGroup,RevertingProperty,0
freeplane,NodeFontHyperLinkControlGroup,setStyle,NodeModel,1
freeplane,NodeHorizontalTextAlignmentControlGroup,addControlGroup,RevertingProperty,0
freeplane,NodeHorizontalTextAlignmentControlGroup,setStyle,NodeModel,1
freeplane,NodeNumberingControlGroup,setStyle,NodeModel,1
freeplane,NodeNumberingControlGroup,addControlGroup,RevertingProperty,0
freeplane,NodeShapeControlGroup,addControlGroup,BooleanProperty,0
freeplane,NodeShapeControlGroup,setStyle,NodeModel,1
freeplane,NodeShapeControlGroup,enableShapeConfigurationProperties,BooleanProperty,0
freeplane,NodeTextWritingDirectionControlGroup,addControlGroup,RevertingProperty,0
freeplane,NodeTextWritingDirectionControlGroup,setStyle,NodeModel,1
freeplane,NoteContentTypeControlGroup,setStyle,NodeModel,1
freeplane,NoteContentTypeControlGroup,addControlGroup,RevertingProperty,0
freeplane,StyleControlGroup,StyleControlGroup,ModeController,0
freeplane,StyleControlGroup,setStyle,TranslatedObject,0
freeplane,StyleControlGroup,addControlGroup,ModeController,1
freeplane,StyleControlGroup,updateTemplateName,MapModel,1
freeplane,StyleControlGroup,addStyleBox,RevertingProperty,0
freeplane,StyleControlGroup,addAutomaticLayoutControls,TranslatedObject,0
freeplane,StyleControlGroup,addEdgeColoringControls,ModeController,1
freeplane,StyleEditorPanel,createControlGroups,ModeController,0
freeplane,StyleEditorPanel,updatePanel,NodeModel,0
freeplane,StyleEditorPanel,addListeners,ModeController,0
freeplane,StylePropertyAdjuster,adjustPropertyControl,NodeModel,0
freeplane,FormatContentTransformer,transformContent,TextController,0
freeplane,FormatContentTransformer,addNumbers,NodeModel,1
freeplane,NodeTextBuilder,writeRichContent,RichTextModel,1
freeplane,NodeTextConditionController,getValueEditor,TranslatedObject,0
freeplane,NodeTextConditionController,getValuesForProperty,TranslatedObject,0
freeplane,NodeTextConditionController,getValueRenderer,TranslatedObject,0
freeplane,SetShortenerStateAction,actionPerformed,NodeModel,1
freeplane,TextController,getController,ModeController,1
freeplane,TextController,getController,ModeController,1
freeplane,TextController,install,ModeController,0
freeplane,TextController,getText,NodeModel,0
freeplane,TextController,getTransformedObject,NodeModel,1
freeplane,TextController,getTransformedObjectNoThrow,NodeModel,1
freeplane,TextController,isMinimized,NodeModel,1
freeplane,TextController,getPlainTransformedText,NodeModel,1
freeplane,TextController,getPlainTransformedTextWithoutNodeNumber,NodeModel,1
freeplane,TextController,getTransformedTextNoThrow,NodeModel,1
freeplane,TextController,getShortPlainText,ModeController,1
freeplane,TextController,getShortPlainText,NodeModel,0
freeplane,TextController,getDetailsContentType,ModeController,1
freeplane,TextController,setDetailsHidden,NodeModel,1
freeplane,TextController,registerDetailsTooltip,ModeController,1
freeplane,TextController,registerNodeTextTooltip,ModeController,1
freeplane,TextController,setIsMinimized,NodeModel,1
freeplane,TextController,getNodeFormat,ModeController,1
freeplane,TextController,getNodeNumbering,ModeController,1
freeplane,TextController,getModeController,ModeController,0
freeplane,TextController,toLink,ModeController,0
freeplane,ToggleDetailsAction,actionPerformed,NodeModel,1
freeplane,ConditionalContentTransformer,transformContent,TextController,0
freeplane,ConditionalContentTransformer,createEditor,NodeModel,0
freeplane,ConditionalContentTransformer,createTextEditorPane,NodeModel,0
freeplane,CoreTextEditorHolder,CoreTextEditorHolder,NodeModel,0
freeplane,DetailTextEditorHolder,DetailTextEditorHolder,NodeModel,0
freeplane,EditNodeBase,getNode,NodeModel,0
freeplane,EditNodeDialog,EditNodeDialog,NodeModel,0
freeplane,EditorHolder,EditorHolder,NodeModel,0
freeplane,EditorHolder,hierarchyChanged,NodeModel,0
freeplane,MTextController,MTextController,ModeController,0
freeplane,MTextController,setDetails,DetailModel,0
freeplane,MTextController,stopInlineEditing,EditNodeBase,0
freeplane,MTextController,getEventQueue,EventBuffer,0
freeplane,MTextController,setCurrentBlockingEditor,EditNodeBase,0
freeplane,MTextController,unsetCurrentBlockingEditor,EditNodeBase,0
freeplane,NoteTextEditorHolder,NoteTextEditorHolder,NodeModel,0
freeplane,SplitToWordsAction,actionPerformed,NodeModel,1
freeplane,CreationModificationDatePresenter,getMessageArguments,NodeModel,1
freeplane,CreationModificationDatePresenter,showStatusInfo,NodeModel,1
freeplane,TimeComboBoxEditor,getItem,FormattedDate,0
freeplane,TimeComboBoxEditor,setItem,FormattedDate,0
freeplane,TimeComboBoxEditor,updateDate,FormattedDate,1
freeplane,TimeCondition,create,FormattedDate,0
freeplane,TimeCondition,getDate,FormattedDate,0
freeplane,TimeConditionController,getValueEditor,TranslatedObject,0
freeplane,TimeConditionController,getValuesForProperty,TranslatedObject,1
freeplane,TimeConditionController,getValueRenderer,TranslatedObject,0
freeplane,FrameController,FrameController,Controller,0
freeplane,FrameController,init,Controller,0
freeplane,FrameController,openDocument,Hyperlink,0
freeplane,FrameController,setFreeplaneMenuBar,FreeplaneMenuBar,0
freeplane,FrameController,setFullScreenOnMac,Controller,0
freeplane,FrameController,setFullScreenOnNonMac,Controller,0
freeplane,LastChoosenDirectory,get,MapModel,0
freeplane,LastChoosenDirectory,set,MapModel,1
freeplane,MapVersionInterpreter,getVersionInterpreter,MapVersionInterpreter,0
freeplane,MapVersionInterpreter,addMapVersionInterpreter,MapVersionInterpreter,0
freeplane,MapVersionInterpreter,isOlderThan,MapModel,1
freeplane,UrlManager,loadHyperlink,Hyperlink,0
freeplane,UrlManager,selectNode,NodeModel,0
freeplane,UrlManager,loadOtherHyperlink,Hyperlink,0
freeplane,UrlManager,save,MapModel,0
freeplane,DoAutomaticSave,actionPerformed,MapModel,1
freeplane,ExternalMapChangeMonitor,install,ExternalMapChangeMonitor,0
freeplane,ExternalMapChangeMonitor,afterMapChange,MapModel,0
freeplane,ExternalMapChangeMonitor,checkForExternalChange,MapModel,1
freeplane,ExternalMapChangeMonitor,reloadMap,MapModel,1
freeplane,MFileManager,MFileManager,MMapController,0
freeplane,MFileManager,createPreferences,MMapController,1
freeplane,MFileManager,createActions,MMapController,1
freeplane,MFileManager,getLinkByFileChooser,MMapController,1
freeplane,MFileManager,loadTreeImpl,MMapController,1
freeplane,MFileManager,openInputStream,MapVersionInterpreter,0
freeplane,MFileManager,openUntitledMap,MMapController,1
freeplane,MFileManager,save,MMapController,1
freeplane,MFileManager,writeToFile,MMapController,1
freeplane,MFileManager,getController,ModeController,1
freeplane,MapLoader,MapLoader,ModeController,0
freeplane,MapLoader,getMap,ModeController,1
freeplane,MapLoader,enableAutosave,MMapModel,0
freeplane,MapLoader,createMapView,MMapModel,1
freeplane,MapLoader,loadMapContent,ModeController,1
freeplane,MapLoader,fileManager,ModeController,1
freeplane,MapLoader,mapController,ModeController,1
freeplane,MapLoader,controller,ModeController,0
freeplane,OpenCurrentMapDirAction,mapChanged,MapChangeEvent,1
freeplane,TemplateChooser,chosenTemplateFile,TemplateManager,1
freeplane,AddOnProperties,AddOnProperties,XMLElement,0
freeplane,AddOnProperties,getFreeplaneVersionFrom,FreeplaneVersion,0
freeplane,AddOnProperties,setFreeplaneVersionFrom,FreeplaneVersion,0
freeplane,AddOnProperties,getFreeplaneVersionTo,FreeplaneVersion,0
freeplane,AddOnProperties,setFreeplaneVersionTo,FreeplaneVersion,0
freeplane,AddOnProperties,toXml,FreeplaneVersion,0
freeplane,AddOnProperties,addAsChildWithContent,XMLElement,1
freeplane,AddOnProperties,addTranslationsAsChild,XMLElement,1
freeplane,AddOnProperties,addDefaultPropertiesAsChild,XMLElement,1
freeplane,AddOnProperties,addImagesAsChild,XMLElement,1
freeplane,AddOnProperties,addDeinstallationRulesAsChild,XMLElement,1
freeplane,AddOnsController,getController,AddOnsController,0
freeplane,AddOnsController,getLanguageResources,AddOnProperties,0
freeplane,AddOnsController,deinstall,AddOnProperties,1
freeplane,AppletViewController,AppletViewController,Controller,0
freeplane,AppletViewController,getFreeplaneMenuBar,FreeplaneApplet,0
freeplane,AppletViewController,init,FreeplaneApplet,0
freeplane,AppletViewController,openDocument,FreeplaneApplet,0
freeplane,AppletViewController,setFreeplaneMenuBar,FreeplaneApplet,0
freeplane,AppletViewController,setWaitingCursor,FreeplaneApplet,0
freeplane,AppletViewController,getCurrentRootComponent,FreeplaneApplet,0
freeplane,AppletViewController,getMenuComponent,FreeplaneApplet,0
freeplane,BModeControllerFactory,createModeController,BModeController,1
freeplane,BToolbarContributor,setURLField,PersistentEditableComboBox,0
freeplane,BToolbarContributor,visit,PersistentEditableComboBox,0
freeplane,BToolbarContributor,shouldSkipChildren,Entry,0
freeplane,FreeplaneApplet,init,Controller,0
freeplane,FreeplaneApplet,addGlassPane,Controller,0
freeplane,FreeplaneApplet,updateLookAndFeel,ResourceController,0
freeplane,FreeplaneApplet,findComponentAt,Controller,0
freeplane,FreeplaneApplet,setPropertyByParameter,ResourceController,0
freeplane,ApplicationResourceController,getLastOpenedList,LastOpenedList,0
freeplane,ApplicationResourceController,init,LastOpenedList,0
freeplane,ApplicationViewController,ApplicationViewController,Controller,0
freeplane,ApplicationViewController,changeNoteWindowLocation,ApplicationResourceController,0
freeplane,ApplicationViewController,getAdjustableProperty,ApplicationResourceController,0
freeplane,ApplicationViewController,resetDividerLocation,ApplicationResourceController,0
freeplane,ApplicationViewController,saveProperties,ApplicationResourceController,0
freeplane,ApplicationViewController,saveSplitPanePosition,ApplicationResourceController,0
freeplane,ApplicationViewController,setTitle,MapViewDockingWindows,0
freeplane,ApplicationViewController,viewNumberChanged,NavigationNextMapAction,0
freeplane,ApplicationViewController,init,MapViewDockingWindows,0
freeplane,ApplicationViewController,openMapsOnStart,MapViewDockingWindows,0
freeplane,ApplicationViewController,focusTo,MapViewDockingWindows,0
freeplane,ApplicationViewController,previousMapView,MapViewDockingWindows,0
freeplane,ApplicationViewController,nextMapView,MapViewDockingWindows,0
freeplane,ApplicationViewController,getMapViewVector,MapViewDockingWindows,0
freeplane,CloseAllMapsAction,CloseAllMapsAction,MMapViewController,0
freeplane,CloseAllMapsAction,actionPerformed,MMapViewController,0
freeplane,CloseAllOtherMapsAction,CloseAllOtherMapsAction,MMapViewController,0
freeplane,CloseAllOtherMapsAction,actionPerformed,MMapViewController,0
freeplane,FreeplaneGUIStarter,createController,ApplicationViewController,0
freeplane,FreeplaneGUIStarter,createModeControllers,ApplicationResourceController,0
freeplane,FreeplaneGUIStarter,createFrame,ApplicationViewController,0
freeplane,FreeplaneGUIStarter,getResourceController,ApplicationResourceController,0
freeplane,LastOpenedList,onNodeDeleted,NodeDeletionEvent,0
freeplane,LastOpenedList,onNodeMoved,NodeMoveEvent,0
freeplane,LastOpenedList,onPreNodeDelete,NodeDeletionEvent,0
freeplane,LastOpenedList,updateMenus,Entry,0
freeplane,LastOpenedList,createOpenMapItemName,AFreeplaneAction,0
freeplane,LastOpenedList,onPreNodeMoved,NodeMoveEvent,0
freeplane,MapViewDockingWindows,addDockedWindow,MapViewSerializer,0
freeplane,MapViewDockingWindows,loadLayout,MapViewSerializer,0
freeplane,OpenLastOpenedAction,actionPerformed,LastOpenedList,0
freeplane,FreeplaneSurveyProperties,setNextSurveyDay,ResourceController,1
freeplane,FreeplaneSurveyProperties,markSurveyAsFilled,ResourceController,1
freeplane,FreeplaneSurveyProperties,setNeverShowSurvey,ResourceController,1
freeplane,FreeplaneSurveyProperties,mayAskUserToFillSurveys,ResourceController,1
freeplane,FreeplaneSurveyProperties,isLanguageSupported,ResourceController,1
freeplane,FreeplaneSurveyProperties,hasUserAlreadyFilled,ResourceController,1
freeplane,FreeplaneSurveyProperties,getSurveyUrl,ResourceController,0
freeplane,FreeplaneSurveyProperties,activateRemindMeLater,ResourceController,1
freeplane,SurveyRunner,SurveyRunner,FreeplaneSurveyProperties,0
freeplane,SurveyRunner,runServey,FreeplaneSurveyProperties,1
freeplane,SurveyStarter,SurveyStarter,SurveyRunner,0
freeplane,SurveyStarter,configureAndRunSurvey,SurveyRunner,0
freeplane,FModeControllerFactory,createModeController,FModeController,0
freeplane,FreeplaneHeadlessStarter,createController,HeadlessUIController,0
freeplane,FreeplaneHeadlessStarter,getResourceController,ApplicationResourceController,0
freeplane,HeadlessMModeControllerFactory,getInstance,HeadlessMModeControllerFactory,0
freeplane,HeadlessMModeControllerFactory,createAddIns,MModeController,0
freeplane,HeadlessMModeControllerFactory,createModeControllerImpl,MModeController,0
freeplane,HeadlessMModeControllerFactory,createStandardControllers,MModeController,1
freeplane,HeadlessMapViewController,changeToMap,MapModel,0
freeplane,HeadlessMapViewController,changeToMap,MapModel,0
freeplane,HeadlessMapViewController,closeWithoutSaving,MapModel,0
freeplane,HeadlessMapViewController,createImage,NodeModel,0
freeplane,HeadlessMapViewController,getBackgroundColor,NodeModel,0
freeplane,HeadlessMapViewController,getComponent,NodeModel,0
freeplane,HeadlessMapViewController,getFont,NodeModel,0
freeplane,HeadlessMapViewController,getMap,MapModel,0
freeplane,HeadlessMapViewController,newMapView,ModeController,0
freeplane,HeadlessMapViewController,scrollNodeToVisible,NodeModel,0
freeplane,HeadlessMapViewController,getViews,MapModel,0
freeplane,HeadlessMapViewController,containsView,MapModel,0
freeplane,HeadlessMapViewController,closeAllMaps,MapModel,0
freeplane,HeadlessMapViewController,isFoldedOnCurrentView,NodeModel,0
freeplane,HeadlessMapViewController,setFoldedOnCurrentView,NodeModel,0
freeplane,HeadlessMapViewController,displayOnCurrentView,NodeModel,0
freeplane,HeadlessMapViewController,isChildHidden,NodeModel,0
freeplane,HeadlessMapViewController,getHiddenChildCount,NodeModel,0
freeplane,HeadlessMapViewController,hasHiddenChildren,NodeModel,0
freeplane,HeadlessMapViewController,unfoldHiddenChildren,NodeModel,0
freeplane,HeadlessMapViewController,hideChildren,NodeModel,0
freeplane,HeadlessMapViewController,showHiddenNode,NodeModel,0
freeplane,HeadlessMapViewController,setViewRoot,NodeModel,0
freeplane,HeadlessMapViewController,setMap,MapModel,0
freeplane,HeadlessUIController,HeadlessUIController,Controller,0
freeplane,HeadlessUIController,init,Controller,0
freeplane,HeadlessUIController,openDocument,Hyperlink,0
freeplane,HeadlessUIController,selectMode,ModeController,0
freeplane,HeadlessUIController,setFreeplaneMenuBar,FreeplaneMenuBar,0
freeplane,HttpVersionClient,parseProperties,FreeplaneVersion,0
freeplane,HttpVersionClient,parseHistory,FreeplaneVersion,0
freeplane,HttpVersionClient,parseHistory,FreeplaneVersion,0
freeplane,HttpVersionClient,getRemoteVersion,FreeplaneVersion,0
freeplane,MModeControllerFactory,getInstance,MModeControllerFactory,0
freeplane,MModeControllerFactory,createAddIns,MModeController,0
freeplane,MModeControllerFactory,createAttributesPanel,MModeController,0
freeplane,MModeControllerFactory,createModeControllerImpl,MModeController,0
freeplane,MModeControllerFactory,createStandardControllers,MModeController,0
freeplane,UpdateCheckAction,updateButton,Controller,0
freeplane,UpdateCheckAction,checkForUpdates,Controller,0
freeplane,DialogController,DialogController,Controller,0
freeplane,EditStylesAction,actionPerformed,SModeController,0
freeplane,EditStylesAction,commit,MapModel,0
freeplane,EditStylesAction,getModeController,SModeController,0
freeplane,EditStylesAction,init,MapModel,0
freeplane,SModeController,canEdit,NodeModel,0
freeplane,SModeControllerFactory,getInstance,SModeControllerFactory,0
freeplane,SModeControllerFactory,createController,SModeController,0
freeplane,SModeControllerFactory,install,SModeController,0
freeplane,StdXMLBuilder,addPCData,XMLElement,0
freeplane,StdXMLBuilder,finalize,XMLElement,0
freeplane,StdXMLBuilder,getResult,XMLElement,0
freeplane,StdXMLBuilder,startBuilding,XMLElement,0
freeplane,StdXMLBuilder,startElement,XMLElement,1
freeplane,XMLElement,addChild,XMLElement,1
freeplane,XMLElement,finalize,XMLElement,1
freeplane,XMLElement,getParent,XMLElement,0
freeplane,XMLElement,insertChild,XMLElement,1
freeplane,FitToPage,actionPerformed,MapView,0
freeplane,FitToPage,scroll,MapView,0
freeplane,FitToPage,zoom,MapView,0
freeplane,ExternalImagePopupMenu,getRemove,NodeModel,1
freeplane,ExternalImagePopupMenu,getOpen,NodeModel,0
freeplane,ExternalImagePopupMenu,getChange,NodeModel,1
freeplane,ExternalImagePopupMenu,getResetZoom,NodeModel,1
freeplane,ExternalImagePopupMenu,maybeShowPopup,ViewerController,0
freeplane,ImageAdder,attachImageToNode,MMapController,0
freeplane,MindMapPreviewWithOptions,MindMapPreviewWithOptions,MindMapPreview,0
freeplane,ViewerController,createViewer,MExternalImageDropListener,0
freeplane,ViewerLayoutManager,ViewerLayoutManager,ExternalResource,0
freeplane,ViewerLayoutManager,calculatePreferredSize,ExternalResource,0
freeplane,BackAction,actionPerformed,NodeHistory,0
freeplane,BackAction,setEnabled,NodeHistory,0
freeplane,ForwardAction,actionPerformed,NodeHistory,0
freeplane,ForwardAction,setEnabled,NodeHistory,0
freeplane,NodeHistory,install,Controller,0
freeplane,NodeHistory,install,ForwardAction,0
freeplane,NodeHistory,getLinkSelectionListener,NodeHolder,0
freeplane,NodeHistory,go,NodeHolder,1
freeplane,NodeHistory,go,NodeHolder,1
freeplane,NodeHistory,onNodeSelect,NodeHolder,0
freeplane,ProgressFactory,installActions,ModeController,0
freeplane,ProgressIcons,updateExtendedProgressIcons,MindIcon,0
freeplane,ReminderCondition,getDate,FormattedDate,0
freeplane,ReminderConditionController,getValueEditor,TranslatedObject,0
freeplane,ReminderConditionController,getValuesForProperty,TranslatedObject,0
freeplane,ReminderConditionController,getValueRenderer,TranslatedObject,0
freeplane,ReminderExtension,getExtension,NodeModel,1
freeplane,ReminderExtension,ReminderExtension,ReminderHook,0
freeplane,ReminderExtension,getNode,NodeModel,0
freeplane,ReminderExtension,reminderAdded,NodeModel,1
freeplane,ReminderExtension,scheduleTimer,NodeModel,1
freeplane,ReminderExtension,runScript,NodeModel,1
freeplane,ReminderExtension,onPreNodeDelete,NodeDeletionEvent,0
freeplane,ReminderExtension,onPreNodeMoved,NodeMoveEvent,0
freeplane,ReminderExtension,onRemove,ReminderHook,0
freeplane,ReminderHook,ReminderHook,ModeController,0
freeplane,ReminderHook,registerStateIconProvider,ModeController,0
freeplane,ReminderHook,getBellIcon,UIIcon,0
freeplane,ReminderHook,getClockIcon,UIIcon,0
freeplane,ReminderHook,getFlagIcon,UIIcon,0
freeplane,ReminderHook,registerTooltipProvider,ModeController,0
freeplane,ReminderHook,createCalendarPanel,ModeController,0
freeplane,ReminderHook,toggle,NodeModel,1
freeplane,ReminderHook,remove,ModeController,0
freeplane,ReminderHook,getModeController,ModeController,0
freeplane,ReminderHook,showNotificationPopup,ModeController,0
freeplane,TimeManagement,disposeDialog,TimeManagement,0
freeplane,TimeManagement,getCalendarDate,PatternFormat,0
freeplane,TimeManagement,showDialog,TimeManagement,0
freeplane,TimeManagement,createDateFormatChooser,PatternFormat,0
freeplane,TimeManagement,insertTime,PatternFormat,0
freeplane,AllMapsNodeListAction,actionPerformed,NodeList,0
freeplane,CoreTextAccessor,CoreTextAccessor,NodeModel,0
freeplane,CoreTextAccessor,getText,NodeModel,0
freeplane,CoreTextAccessor,setText,NodeModel,0
freeplane,CoreTextAccessor,getNode,NodeModel,0
freeplane,DetailTextAccessor,DetailTextAccessor,NodeModel,0
freeplane,DetailTextAccessor,getText,NodeModel,1
freeplane,DetailTextAccessor,setText,NodeModel,1
freeplane,DetailTextAccessor,getNode,NodeModel,0
freeplane,FlatNodeTableFilterModel,FlatNodeTableFilterModel,TableColumnVisibilityChanger,0
freeplane,IconsHolder,initialize,NodeModel,1
freeplane,NodeList,disposeDialog,TableColumnVisibilityChanger,0
freeplane,NodeList,initializeUI,FlatNodeTableFilterModel,0
freeplane,NodeListWithReminders,runScript,ReminderExtension,0
freeplane,NodeListWithReminders,removeReminder,ReminderExtension,0
freeplane,NoteTextAccessor,NoteTextAccessor,NodeModel,0
freeplane,NoteTextAccessor,getText,NodeModel,1
freeplane,NoteTextAccessor,setText,NodeModel,0
freeplane,NoteTextAccessor,getNode,NodeModel,0
freeplane,OldReminderListAction,actionPerformed,NodeList,0
freeplane,ReminderListAction,actionPerformed,NodeList,0
freeplane,ShowPastRemindersOnce,addNode,NodeModel,1
freeplane,TagsHolder,initialize,NodeModel,0
freeplane,BubblePainter,BubblePainter,NodeGeometryModel,0
freeplane,ClickableImageCreator,createArea,NodeModel,0
freeplane,ClickableImageCreator,createArea,MapView,0
freeplane,CloudHeightCalculator,getAdditionalCloudHeight,NodeViewLayoutHelper,0
freeplane,ContentSizeCalculator,calculateContentSize,NodeViewLayoutHelper,0
freeplane,DrawableNothing,draw,NodeView,0
freeplane,DrawableShape,draw,NodeView,0
freeplane,DrawableShape,drawShape,NodeView,0
freeplane,DrawableShape,getEdgeColor,NodeView,0
freeplane,DrawableShape,getFillColor,NodeView,0
freeplane,FoldingCircle,draw,NodeView,0
freeplane,ForkPainter,ForkPainter,MainView,0
freeplane,MainView,foldingMarkType,NodeView,1
freeplane,MainView,paintBackgound,MainViewPainter,0
freeplane,MainView,updateCss,NodeView,1
freeplane,MainView,updateHorizontalTextAlignment,NodeView,1
freeplane,MainView,updateTextWritingDirection,NodeView,1
freeplane,MainView,updateText,NodeModel,1
freeplane,MainView,convertTextToHtmlLink,NodeModel,1
freeplane,MainView,isInFoldingRegion,MainViewPainter,0
freeplane,MainView,getFoldingRectangleBounds,MainViewPainter,0
freeplane,MainView,paintFoldingRectangleImmediately,MainViewPainter,0
freeplane,MainView,updateBorder,NodeView,0
freeplane,MainView,getConnectorPoint,MainViewPainter,0
freeplane,MainView,getConnectorPoint,MainViewPainter,0
freeplane,MainView,getLeftPoint,MainViewPainter,0
freeplane,MainView,getRightPoint,MainViewPainter,0
freeplane,MainView,getShapeConfiguration,MainViewPainter,0
freeplane,MainView,getZoomedInsets,MainViewPainter,0
freeplane,MainView,getInsets,MainViewPainter,0
freeplane,MainView,getInsets,MainViewPainter,0
freeplane,MainView,getPreferredSize,MainViewPainter,0
freeplane,MainView,setBounds,MainViewPainter,0
freeplane,MainView,getSingleChildShift,MainViewPainter,0
freeplane,MainView,paintDecoration,MainViewPainter,0
freeplane,MainView,setPainter,MainViewPainter,0
freeplane,MainViewPainter,MainViewPainter,MainView,0
freeplane,MainViewPainter,getMainViewHeightWithFoldingMark,MainView,1
freeplane,MainViewPainter,getCenterPoint,MainView,1
freeplane,MainViewPainter,getTopPoint,MainView,0
freeplane,MainViewPainter,getBottomPoint,MainView,1
freeplane,MainViewPainter,paintComponent,MainView,0
freeplane,MainViewPainter,paintDecoration,MainView,0
freeplane,MainViewPainter,paintFoldingMark,MainView,1
freeplane,MainViewPainter,getFoldingRectangleBounds,MainView,1
freeplane,MainViewPainter,getZoomedInsets,MainView,0
freeplane,MainViewPainter,getInsets,MainView,0
freeplane,MainViewPainter,getInsets,MainView,0
freeplane,MainViewPainter,getPreferredSize,MainView,0
freeplane,MainViewPainter,setBounds,MainView,1
freeplane,MapScroller,MapScroller,MapView,0
freeplane,MapScroller,anchorToNode,NodeView,0
freeplane,MapScroller,scrollBy,MapView,0
freeplane,MapScroller,scrollNode,NodeView,0
freeplane,MapScroller,scrollNodeToCenter,NodeView,0
freeplane,MapScroller,scrollNode,NodeView,0
freeplane,MapScroller,calculateOptimalVisibleRectangle,MapView,0
freeplane,MapScroller,scrollNodeNow,NodeView,0
freeplane,MapScroller,setAnchorView,NodeView,0
freeplane,MapScroller,getAnchorCenterPoint,MapView,0
freeplane,MapScroller,scrollNodeToVisible,NodeView,0
freeplane,MapScroller,scrollToRootNode,MapView,0
freeplane,MapScroller,scrollView,MapView,0
freeplane,MapScroller,showSelectedAfterScroll,MapView,0
freeplane,MapScroller,scrollNodeTreeToVisible,MapView,0
freeplane,MapScroller,anchorToRoot,MapView,0
freeplane,MapScroller,keepShowingSelectedAfterScroll,MapView,0
freeplane,MapView,getSearchRoot,NodeModel,0
freeplane,MapView,setMap,MapModel,1
freeplane,MapView,addNotify,ModeController,1
freeplane,MapView,removeNotify,ModeController,1
freeplane,MapView,updateIconsRecursively,NodeView,0
freeplane,MapView,getInnerBounds,NodeView,0
freeplane,MapView,getModeController,ModeController,0
freeplane,MapView,getMap,MapModel,0
freeplane,MapView,getDisplayedNodeView,NodeView,0
freeplane,MapView,getRoot,NodeView,0
freeplane,MapView,initRoot,NodeView,0
freeplane,MapView,mapChanged,MapModel,0
freeplane,MapView,loadBackgroundImage,MapModel,0
freeplane,MapView,synchronizeSelection,ModeController,0
freeplane,MapView,updateContentStyle,NodeCss,0
freeplane,MapView,select,ModeController,0
freeplane,MapView,selectSingleNode,NodeView,0
freeplane,MapView,selectPreservingSiblingMaxLevel,NodeView,0
freeplane,MapView,getNextVisibleSibling,Filter,0
freeplane,MapView,suggestNewSelectedSummary,NodeView,0
freeplane,MapView,selectDescendant,NodeView,0
freeplane,MapView,unfoldInDirection,Filter,0
freeplane,MapView,paint,AntiAliasingConfigurator,0
freeplane,MapView,isConnectorVisibleOnView,NodeView,1
freeplane,MapView,requiredBackground,MapModel,0
freeplane,MapView,selectAsTheOnlyOneSelected,MapScroller,0
freeplane,MapView,selectContinuous,MapScroller,0
freeplane,MapView,setSiblingMaxLevel,NodeView,0
freeplane,MapView,setZoom,MapScroller,0
freeplane,MapView,setZoom,MapScroller,0
freeplane,MapView,toggleSelected,MapScroller,0
freeplane,MapView,validateSelecteds,MapScroller,0
freeplane,MapView,selectVisibleAncestorOrSelf,NodeView,0
freeplane,MapView,getDetailCss,NodeCss,0
freeplane,MapView,getNoteCss,NodeCss,0
freeplane,MapView,scrollViewAfterLayout,MapScroller,0
freeplane,MapView,scrollBy,MapScroller,1
freeplane,MapView,scrollNodeToVisible,MapScroller,1
freeplane,MapView,setAnchorContentLocation,MapScroller,0
freeplane,MapView,preserveRootNodeLocationOnScreen,MapScroller,0
freeplane,MapView,preserveNodeLocationOnScreen,NodeView,1
freeplane,MapView,preserveNodeLocationOnScreen,MapScroller,0
freeplane,MapView,setShowsSelectedAfterScroll,MapScroller,0
freeplane,MapView,display,NodeView,1
freeplane,MapView,getFilter,Filter,0
freeplane,MapView,onEditingStarted,ZoomableLabel,0
freeplane,MapView,onEditingFinished,ZoomableLabel,0
freeplane,MapView,isRoot,NodeView,0
freeplane,MapView,isSearchRoot,NodeModel,1
freeplane,MapView,setSearchRoot,NodeModel,1
freeplane,MapView,setRootNode,NodeView,1
freeplane,MapView,usePreviousViewRoot,NodeView,1
freeplane,MapView,calculateCurrentRootNodePosition,NodeView,1
freeplane,MapView,restoreRootNode,NodeView,1
freeplane,MapView,fireRootChanged,ModeController,1
freeplane,MapView,setRootNode,NodeView,0
freeplane,MapView,foldingWasSet,NodeView,1
freeplane,MapViewChangeObserverCompound,mapViewCreated,MapView,0
freeplane,MapViewChangeObserverCompound,fireMapViewDisplayedLater,MapView,0
freeplane,MapViewChangeObserverCompound,fireMapViewCreatedAfterItIsDisplayed,MapView,0
freeplane,MapViewChangeObserverCompound,fireMapViewCreated,MapView,0
freeplane,MapViewChangeObserverCompound,fireMapViewDisplayed,MapView,0
freeplane,MapViewController,MapViewController,Controller,0
freeplane,MapViewController,getController,Controller,0
freeplane,MapViewController,addMapSelectionListener,MapViewChangeObserverCompound,0
freeplane,MapViewController,addMapViewChangeListener,MapViewChangeObserverCompound,0
freeplane,MapViewController,addToOrChangeInMapViews,MapView,1
freeplane,MapViewController,changeToMap,MapModel,1
freeplane,MapViewController,changeToMapView,MapViewChangeObserverCompound,0
freeplane,MapViewController,changeToMode,MapView,1
freeplane,MapViewController,remove,MapViewChangeObserverCompound,0
freeplane,MapViewController,createImage,NodeModel,0
freeplane,MapViewController,getComponent,MapView,0
freeplane,MapViewController,isFoldedOnCurrentView,MapView,0
freeplane,MapViewController,displayOnCurrentView,NodeModel,0
freeplane,MapViewController,setFoldedOnCurrentView,MapView,0
freeplane,MapViewController,getMapView,MapView,0
freeplane,MapViewController,newMapView,MapView,0
freeplane,MapViewController,removeMapSelectionListener,MapViewChangeObserverCompound,0
freeplane,MapViewController,removeMapViewChangeListener,MapViewChangeObserverCompound,0
freeplane,MapViewController,scrollNodeToVisible,MapView,0
freeplane,MapViewController,setZoom,Controller,0
freeplane,MapViewController,containsView,MapModel,0
freeplane,MapViewController,afterViewChange,Controller,0
freeplane,MapViewController,beforeViewChange,Controller,0
freeplane,MapViewController,setFrameTitle,Controller,0
freeplane,MapViewController,onRemove,MapModel,0
freeplane,MapViewController,isChildHidden,MapView,0
freeplane,MapViewController,hasHiddenChildren,MapView,0
freeplane,MapViewController,getHiddenChildCount,MapView,0
freeplane,MapViewController,unfoldHiddenChildren,MapView,0
freeplane,MapViewController,hideChildren,MapView,0
freeplane,MapViewController,showHiddenNode,MapView,0
freeplane,MapViewController,isSpotlightEnabled,MapView,0
freeplane,MapViewController,setViewRoot,MapView,0
freeplane,MapViewController,usePreviousViewRoot,MapView,0
freeplane,MapViewController,setMap,MapViewChangeObserverCompound,0
freeplane,NarrowHexagonPainter,NarrowHexagonPainter,NodeGeometryModel,0
freeplane,NodeTooltipManager,getSharedInstance,NodeTooltipManager,0
freeplane,NodeTooltipManager,getSharedInstance,NodeTooltipManager,1
freeplane,NodeTooltipManager,setTooltipDelays,NodeTooltipManager,1
freeplane,NodeTooltipManager,showTipWindow,MouseInsideListener,0
freeplane,NodeTooltipManager,hideTipWindow,MouseInsideListener,0
freeplane,NodeView,calcShiftY,MapView,0
freeplane,NodeView,contains,MapView,0
freeplane,NodeView,convertPointToMap,MapView,0
freeplane,NodeView,createAttributeView,AttributeView,0
freeplane,NodeView,focused,MainView,0
freeplane,NodeView,getAttributeView,AttributeView,0
freeplane,NodeView,getBackgroundColor,MapView,0
freeplane,NodeView,getContent,MainView,0
freeplane,NodeView,getContentPane,MainView,0
freeplane,NodeView,restoreFocusToMainView,MainView,0
freeplane,NodeView,getHGap,MapView,0
freeplane,NodeView,getLinkPoint,MapView,0
freeplane,NodeView,getMainView,MainView,0
freeplane,NodeView,getRelativeLocation,MainView,0
freeplane,NodeView,getRelativeLocation,NodeView,0
freeplane,NodeView,getMap,MapView,0
freeplane,NodeView,getNode,NodeModel,0
freeplane,NodeView,getNextVisibleSiblingSameParent,MapView,0
freeplane,NodeView,getNextVisibleSibling,MapView,0
freeplane,NodeView,getParentNodeView,MapView,0
freeplane,NodeView,getPreferredVisibleChild,NodeView,0
freeplane,NodeView,selectNearest,NodeView,0
freeplane,NodeView,getPreviousVisibleSiblingSameParent,MapView,0
freeplane,NodeView,getPreviousVisibleSibling,MapView,0
freeplane,NodeView,getShift,MapView,0
freeplane,NodeView,getTextBackground,NodeModel,0
freeplane,NodeView,getBlendedBackgroundColor,MapView,0
freeplane,NodeView,getTextColor,NodeModel,0
freeplane,NodeView,getMinimalDistanceBetweenChildren,MapView,0
freeplane,NodeView,getBaseDistanceToChildren,MapView,0
freeplane,NodeView,getMinimumDistanceConsideringHandles,MainView,0
freeplane,NodeView,addChildView,MapView,0
freeplane,NodeView,onFilterResultUpdate,MapView,0
freeplane,NodeView,isRight,MapView,0
freeplane,NodeView,isRoot,MapView,0
freeplane,NodeView,isSearchRoot,MapView,0
freeplane,NodeView,isSelected,MapView,0
freeplane,NodeView,updateFilterResults,MapView,0
freeplane,NodeView,updateChangedNode,NodeModel,0
freeplane,NodeView,updateNumbering,NodeModel,0
freeplane,NodeView,setFolded,MapView,0
freeplane,NodeView,fireFoldingChanged,NodeModel,0
freeplane,NodeView,onPreNodeDeleted,NodeDeletionEvent,0
freeplane,NodeView,adjustLastSelectedChild,NodeView,0
freeplane,NodeView,onNodeDeleted,MapView,0
freeplane,NodeView,onNodeInserted,NodeModel,1
freeplane,NodeView,paintComponent,MapView,0
freeplane,NodeView,paintEdges,NodeView,0
freeplane,NodeView,getZoomed,MapView,0
freeplane,NodeView,getZoomed,MapView,0
freeplane,NodeView,paintDecoration,MapView,0
freeplane,NodeView,highlightNode,MapView,0
freeplane,NodeView,remove,MapView,0
freeplane,NodeView,repaintEdge,MainView,0
freeplane,NodeView,requestFocus,MainView,0
freeplane,NodeView,scrollNodeToVisible,MapView,0
freeplane,NodeView,setMainView,MainView,0
freeplane,NodeView,setViewedNode,NodeModel,0
freeplane,NodeView,setText,MainView,0
freeplane,NodeView,syncronizeAttributeView,AttributeView,0
freeplane,NodeView,treeStructureChanged,MapView,0
freeplane,NodeView,update,NodeModel,0
freeplane,NodeView,updateIcons,MainView,0
freeplane,NodeView,updateTagIcons,MainView,0
freeplane,NodeView,getModeController,MapView,0
freeplane,NodeView,updateEdge,NodeModel,1
freeplane,NodeView,getEdgeColor,MapView,0
freeplane,NodeView,updateCloud,NodeModel,0
freeplane,NodeView,updateLayoutProperties,NodeModel,0
freeplane,NodeView,hasStandardLayoutWithRootNode,MapView,0
freeplane,NodeView,updateSide,NodeModel,0
freeplane,NodeView,useSelectionColors,MapView,0
freeplane,NodeView,automaticallyAlignChildrenWidths,MapView,0
freeplane,NodeView,isChildHidden,NodeModel,1
freeplane,NodeView,hideChildren,NodeModel,1
freeplane,NodeView,showHiddenNode,NodeModel,1
freeplane,NodeView,getInnerBounds,MapView,0
freeplane,NodeView,getLayoutHelper,NodeViewLayoutHelper,0
freeplane,NodeView,revalidate,MapView,0
freeplane,NodeView,isAutoCompactLayoutEnabled,MapView,0
freeplane,NodeView,allowsCompactLayout,MapView,0
freeplane,NodeViewFactory,getInstance,NodeViewFactory,0
freeplane,NodeViewFactory,createViewPainter,NodeGeometryModel,1
freeplane,NodeViewFactory,shapeConfiguration,NodeView,1
freeplane,NodeViewFactory,updateNoteViewer,NodeView,1
freeplane,NodeViewFactory,updateDetails,NodeView,1
freeplane,NodeViewFolder,foldingWasSet,NodeView,0
freeplane,NodeViewLayout,getInstance,NodeViewLayout,0
freeplane,NodeViewLayoutHelper,NodeViewLayoutHelper,NodeView,0
freeplane,NodeViewLayoutHelper,calculateContentSize,NodeView,0
freeplane,NodeViewLayoutHelper,getAdditionalCloudHeight,NodeView,0
freeplane,NodeViewLayoutHelper,getComponentCount,NodeView,0
freeplane,NodeViewLayoutHelper,getComponent,NodeView,0
freeplane,NodeViewLayoutHelper,getMap,NodeView,0
freeplane,NodeViewLayoutHelper,getNode,NodeView,0
freeplane,NodeViewLayoutHelper,getView,NodeView,0
freeplane,NodeViewLayoutHelper,getMinimalDistanceBetweenChildren,NodeView,0
freeplane,NodeViewLayoutHelper,getBaseDistanceToChildren,NodeView,0
freeplane,NodeViewLayoutHelper,getSpaceAround,NodeView,0
freeplane,NodeViewLayoutHelper,getChildNodesAlignment,NodeView,0
freeplane,NodeViewLayoutHelper,getContentX,NodeView,0
freeplane,NodeViewLayoutHelper,getContentY,NodeView,0
freeplane,NodeViewLayoutHelper,getContentWidth,NodeView,0
freeplane,NodeViewLayoutHelper,getContentHeight,NodeView,0
freeplane,NodeViewLayoutHelper,setContentBounds,NodeView,0
freeplane,NodeViewLayoutHelper,setContentVisible,NodeView,0
freeplane,NodeViewLayoutHelper,isContentVisible,NodeView,0
freeplane,NodeViewLayoutHelper,isSummary,NodeView,0
freeplane,NodeViewLayoutHelper,isFirstGroupNode,NodeView,0
freeplane,NodeViewLayoutHelper,usesHorizontalLayout,NodeView,0
freeplane,NodeViewLayoutHelper,isLeft,NodeView,0
freeplane,NodeViewLayoutHelper,isRight,NodeView,0
freeplane,NodeViewLayoutHelper,isRoot,NodeView,0
freeplane,NodeViewLayoutHelper,getHGap,NodeView,0
freeplane,NodeViewLayoutHelper,getShift,NodeView,0
freeplane,NodeViewLayoutHelper,isFree,NodeView,0
freeplane,NodeViewLayoutHelper,getParentView,NodeView,0
freeplane,NodeViewLayoutHelper,getZoomed,NodeView,0
freeplane,NodeViewLayoutHelper,getHeight,NodeView,0
freeplane,NodeViewLayoutHelper,getWidth,NodeView,0
freeplane,NodeViewLayoutHelper,getX,NodeView,0
freeplane,NodeViewLayoutHelper,getY,NodeView,0
freeplane,NodeViewLayoutHelper,describeComponent,NodeView,0
freeplane,NodeViewLayoutHelper,getText,NodeView,0
freeplane,NodeViewLayoutHelper,usesHorizontallayout,NodeView,0
freeplane,NodeViewLayoutHelper,getMinimumDistanceConsideringHandles,NodeView,0
freeplane,NodeViewLayoutHelper,toString,NodeView,0
freeplane,NodeViewLayoutHelper,childrenSides,NodeView,0
freeplane,NodeViewLayoutHelper,isSubtreeVisible,NodeView,0
freeplane,NodeViewLayoutHelper,calculateMinimumChildContentWidth,NodeView,0
freeplane,NodeViewLayoutHelper,setMinimumContentWidth,NodeView,0
freeplane,NodeViewLayoutHelper,hasChildViews,NodeView,0
freeplane,NodeViewLayoutHelper,isAligned,NodeView,0
freeplane,NodeViewLayoutHelper,isConsideredForAlignment,NodeView,1
freeplane,NodeViewLayoutHelper,isAutoCompactLayoutEnabled,NodeView,0
freeplane,OutlineLayout,placeChildren,NodeView,0
freeplane,OvalPainter,OvalPainter,NodeGeometryModel,0
freeplane,RectanglePainter,RectanglePainter,NodeGeometryModel,0
freeplane,SelectableLayout,getInstance,SelectableLayout,0
freeplane,SummaryEdgePainter,SummaryEdgePainter,NodeView,0
freeplane,SummaryEdgePainter,addChild,NodeView,0
freeplane,SummaryEdgePainter,updateLevelValues,NodeView,0
freeplane,SummaryEdgePainter,resetLevelValuesForStart,NodeView,0
freeplane,SummaryEdgePainter,setCurrentLevel,NodeView,0
freeplane,SummaryEdgePainter,paintSummaryEdge,NodeView,0
freeplane,TextualTooltipRendererFactory,getTooltipRenderer,JRestrictedSizeScrollPane,0
freeplane,VariableInsetsPainter,VariableInsetsPainter,NodeGeometryModel,0
freeplane,VerticalNodeViewLayoutStrategy,VerticalNodeViewLayoutStrategy,NodeView,0
freeplane,VerticalNodeViewLayoutStrategy,layoutChildViews,NodeViewLayoutHelper,0
freeplane,VerticalNodeViewLayoutStrategy,setFreeChildNodes,NodeViewLayoutHelper,0
freeplane,VerticalNodeViewLayoutStrategy,calculateLayoutData,SummaryLevels,0
freeplane,VerticalNodeViewLayoutStrategy,calculateLayoutX,SummaryLevels,0
freeplane,VerticalNodeViewLayoutStrategy,calculateChildHorizontalGap,NodeViewLayoutHelper,0
freeplane,VerticalNodeViewLayoutStrategy,assignRegularChildHorizontalPosition,NodeViewLayoutHelper,1
freeplane,VerticalNodeViewLayoutStrategy,assignSummaryChildHorizontalPosition,NodeViewLayoutHelper,1
freeplane,VerticalNodeViewLayoutStrategy,placeChildXCoordinate,NodeViewLayoutHelper,1
freeplane,VerticalNodeViewLayoutStrategy,calculateLayoutY,NodeViewLayoutHelper,0
freeplane,VerticalNodeViewLayoutStrategy,calculateRelativeCoordinatesForContentAndBothSides,NodeViewLayoutHelper,0
freeplane,VerticalNodeViewLayoutStrategy,calculateAddedDistanceFromParentToChildren,NodeViewLayoutHelper,0
freeplane,VerticalNodeViewLayoutStrategy,isNextNodeSummaryNode,SummaryLevels,0
freeplane,VerticalNodeViewLayoutStrategy,assignFreeChildVerticalPosition,NodeViewLayoutHelper,0
freeplane,VerticalNodeViewLayoutStrategy,assignRegularChildVerticalPosition,NodeViewLayoutHelper,0
freeplane,VerticalNodeViewLayoutStrategy,calculateAvailableSpaceForCompactLayout,NodeViewLayoutHelper,0
freeplane,VerticalNodeViewLayoutStrategy,adjustTotalShiftForAlignment,NodeViewLayoutHelper,0
freeplane,VerticalNodeViewLayoutStrategy,getContentTop,NodeViewLayoutHelper,0
freeplane,VerticalNodeViewLayoutStrategy,updateGapsAndBoundaries,NodeViewLayoutHelper,0
freeplane,VerticalNodeViewLayoutStrategy,calculateNextVGap,SummaryLevels,0
freeplane,VerticalNodeViewLayoutStrategy,assignSummaryChildVerticalPosition,NodeViewLayoutHelper,0
freeplane,VerticalNodeViewLayoutStrategy,adjustForAutoCompactLayout,NodeViewLayoutHelper,0
freeplane,VerticalNodeViewLayoutStrategy,handleNegativeDeltaY,NodeViewLayoutHelper,0
freeplane,VerticalNodeViewLayoutStrategy,updateBottomBoundary,NodeViewLayoutHelper,0
freeplane,VerticalNodeViewLayoutStrategy,calculateSummaryChildVerticalPosition,NodeViewLayoutHelper,0
freeplane,VerticalNodeViewLayoutStrategy,updateSummaryGroupBounds,NodeViewLayoutHelper,0
freeplane,VerticalNodeViewLayoutStrategy,applyLayoutToChildComponents,NodeViewLayoutHelper,0
freeplane,VerticalNodeViewLayoutStrategy,calculateMinYFree,NodeViewLayoutHelper,0
freeplane,VerticalNodeViewLayoutStrategy,calculateMinYRegular,NodeViewLayoutHelper,0
freeplane,VerticalNodeViewLayoutStrategy,arrangeChildComponents,NodeViewLayoutHelper,0
freeplane,VerticalNodeViewLayoutStrategy,calculateAndSetBoundaries,NodeViewLayoutHelper,0
freeplane,VerticalNodeViewLayoutStrategy,calculateTopBoundary,NodeViewLayoutHelper,0
freeplane,WideHexagonPainter,WideHexagonPainter,NodeGeometryModel,0
freeplane,ZoomInAction,actionPerformed,MapViewController,0
freeplane,ZoomOutAction,actionPerformed,MapViewController,0
freeplane,ZoomableLabelUI,createUI,ZoomableLabelUI,0
freeplane,ZoomableLabelUI,paintIcon,ZoomableLabel,1
freeplane,ZoomableLabelUI,paintIcons,ZoomableLabel,1
freeplane,ZoomableLabelUI,updateRendererOnPropertyChange,ZoomableLabel,0
freeplane,ZoomableLabelUI,getIconR,ZoomableLabel,1
freeplane,ZoomableLabelUI,getTextR,ZoomableLabel,1
freeplane,ZoomableLabelUI,getAvailableTextR,ZoomableLabel,1
freeplane,ZoomableLabelUI,layoutZoomed,ZoomableLabel,1
freeplane,ZoomableLabelUI,layoutIgnoringZoom,ZoomableLabel,0
freeplane,ZoomableLabelUI,preserveLayout,ZoomableLabel,1
freeplane,ZoomableLabelUI,releaseLayout,ZoomableLabel,0
freeplane,AttributePopupMenu,firePopupMenuWillBecomeInvisible,AttributeTable,0
freeplane,AttributePopupMenu,firePopupMenuWillBecomeVisible,AttributeTable,0
freeplane,AttributePopupMenu,getDelete,AttributeTable,0
freeplane,AttributePopupMenu,getDown,AttributeTable,0
freeplane,AttributePopupMenu,getInsert,AttributeTable,0
freeplane,AttributePopupMenu,getInsertFileLink,AttributeTable,0
freeplane,AttributePopupMenu,getInsertLink,AttributeTable,0
freeplane,AttributePopupMenu,getInsertNodeLink,AttributeTable,0
freeplane,AttributePopupMenu,getInsertAnchoredLink,AttributeTable,0
freeplane,AttributePopupMenu,getOptimalWidth,AttributeTable,0
freeplane,AttributePopupMenu,getTable,AttributeTable,0
freeplane,AttributePopupMenu,getUp,AttributeTable,0
freeplane,AttributePopupMenu,make,AttributeTable,0
freeplane,AttributePopupMenu,maybeShowPopup,AttributeTable,0
freeplane,AttributePopupMenu,selectTable,AttributeTable,0
freeplane,AttributePopupMenu,setVisible,AttributeTable,0
freeplane,AttributeSelectionChangeListener,focusGained,AttributeTable,0
freeplane,AttributeSelectionChangeListener,focusLost,AttributeTable,0
freeplane,AttributeSelectionChangeListener,getSelectedAttributes,AttributeTable,0
freeplane,AttributeTable,getSelectedTable,AttributeSelectionChangeListener,0
freeplane,AttributeTable,adaptActionMap,AttributeTable,1
freeplane,AttributeTable,initializeTooltipManager,AttributeView,1
freeplane,AttributeTable,columnWidthChanged,AttributeView,0
freeplane,AttributeTable,getAttributeView,AttributeView,0
freeplane,AttributeTable,toHyperlink,AttributeView,1
freeplane,AttributeTable,getModeController,AttributeView,1
freeplane,AttributeTable,getCellRenderer,AttributeTableCellRenderer,0
freeplane,AttributeTable,getZoom,AttributeView,1
freeplane,AttributeTable,isVisible,AttributeView,1
freeplane,AttributeTable,createToolTip,AttributeView,0
freeplane,AttributeTable,processKeyBinding,AttributeView,0
freeplane,AttributeTable,setOptimalColumnWidths,AttributeTableCellRenderer,0
freeplane,AttributeTable,updateGridColor,AttributeView,0
freeplane,AttributeTable,updateComponentFontAndColors,AttributeView,0
freeplane,AttributeTable,viewRemoved,NodeView,0
freeplane,AttributeTable,paintComponent,AttributeView,0
freeplane,AttributeTableCellRenderer,isAttributeManaged,AttributeTable,1
freeplane,AttributeTableCellRenderer,isAttributeHighlighted,AttributeTable,1
freeplane,AttributeTableModel,getAttributeController,AttributeController,0
freeplane,AttributeTableModel,getAttributeRegistry,AttributeRegistry,0
freeplane,AttributeTableModel,getNode,NodeModel,0
freeplane,AttributeTableModel,getNodeAttributeModel,NodeAttributeTableModel,0
freeplane,AttributeTableModel,setAttributeRegistry,AttributeRegistry,0
freeplane,AttributeTableModel,setNodeAttributeModel,NodeAttributeTableModel,1
freeplane,AttributeTableModel,cacheTransformedValue,NodeAttributeTableModel,0
freeplane,AttributeTableModel,viewRemoved,NodeView,0
freeplane,AttributeView,addTableListeners,AttributeTable,0
freeplane,AttributeView,areAttributesVisible,AttributeTableModel,0
freeplane,AttributeView,getCurrentAttributeTableModel,AttributeTableModel,0
freeplane,AttributeView,getExtendedAttributeTableModel,ExtendedAttributeTableModelDecorator,0
freeplane,AttributeView,getNodeView,NodeView,0
freeplane,AttributeView,getViewType,ReducedAttributeTableModelDecorator,0
freeplane,AttributeView,isPopupShown,AttributeTable,0
freeplane,AttributeView,provideAttributeTable,AttributeTable,0
freeplane,AttributeView,isReduced,ReducedAttributeTableModelDecorator,0
freeplane,AttributeView,removeListeners,AttributePopupMenu,0
freeplane,AttributeView,setViewType,AttributeTable,0
freeplane,AttributeView,startEditingTable,AttributeTable,0
freeplane,AttributeView,stateChanged,ReducedAttributeTableModelDecorator,0
freeplane,AttributeView,stopEditing,AttributeTable,0
freeplane,AttributeView,update,AttributeTable,0
freeplane,AttributeView,updateComponentAlignment,NodeView,0
freeplane,AttributeView,viewRemoved,AttributeTable,0
freeplane,AttributeView,addRow,AttributeTable,0
freeplane,AttributeView,getAttributeTable,AttributeTable,0
freeplane,AttributeView,mapChanged,MapChangeEvent,0
freeplane,ExtendedAttributeTableModelDecorator,areAttributesVisible,AttributeView,0
freeplane,NodeSelector,getNode,NodeModel,0
freeplane,NodeSelector,nodeSelected,NodeModel,0
freeplane,NodeSelector,show,NodeModel,0
freeplane,ArcCloudView,ArcCloudView,NodeView,0
freeplane,CloudView,getAdditionalHeight,NodeView,0
freeplane,CloudView,getColor,NodeView,0
freeplane,CloudView,getMap,NodeView,0
freeplane,CloudView,getModel,CloudModel,0
freeplane,CloudView,getWidth,NodeView,0
freeplane,CloudView,getCoordinates,NodeView,0
freeplane,CloudViewFactory,createCloudView,NodeView,0
freeplane,RectangleCloudView,RectangleCloudView,NodeView,0
freeplane,StarCloudView,StarCloudView,NodeView,0
freeplane,AutomaticEdgeStyle,AutomaticEdgeStyle,NodeView,0
freeplane,BezierEdgeView,BezierEdgeView,NodeView,0
freeplane,EdgeView,createStart,NodeView,0
freeplane,EdgeView,getColor,NodeView,0
freeplane,EdgeView,getSource,NodeView,0
freeplane,EdgeView,getTarget,NodeView,0
freeplane,EdgeView,getWidth,NodeView,0
freeplane,EdgeView,getDash,NodeView,0
freeplane,EdgeViewFactory,getInstance,EdgeViewFactory,0
freeplane,HiddenEdgeView,HiddenEdgeView,NodeView,0
freeplane,HiddenOutlineEdgeView,HiddenOutlineEdgeView,NodeView,0
freeplane,HorizontalEdgeView,HorizontalEdgeView,NodeView,0
freeplane,LinearEdgeView,LinearEdgeView,NodeView,0
freeplane,OutlineEdgeView,OutlineEdgeView,NodeView,0
freeplane,SharpBezierEdgeView,SharpBezierEdgeView,NodeView,0
freeplane,SharpEdgeView,SharpEdgeView,NodeView,0
freeplane,SharpLinearEdgeView,SharpLinearEdgeView,NodeView,0
freeplane,SummaryEdgeView,SummaryEdgeView,NodeView,0
freeplane,AConnectorView,getMap,NodeView,0
freeplane,AConnectorView,getSource,NodeView,0
freeplane,AConnectorView,getTarget,NodeView,0
freeplane,AConnectorView,isSourceVisible,NodeView,0
freeplane,AConnectorView,isTargetVisible,NodeView,0
freeplane,ConnectorView,paint,LinkController,0
freeplane,ConnectorView,paintConnector,LinkController,0
freeplane,ConnectorView,drawLabels,LinkController,0
freeplane,EdgeLinkView,detectCollision,EdgeView,0
freeplane,EdgeLinkView,paint,EdgeView,0
freeplane,InclinationRecommender,InclinationRecommender,ConnectorView,0
freeplane,InclinationRecommender,calcStartInclination,ConnectorModel,0
freeplane,InclinationRecommender,calcEndInclination,ConnectorModel,0
freeplane,OutlineLinkView,OutlineLinkView,NodeView,0
freeplane,EditNodeTextField,layout,NodeView,0
freeplane,EditNodeTextField,hideMe,ZoomableLabel,0
freeplane,EditNodeTextField,createPopupMenu,CharacterColorAction,0
freeplane,EditNodeTextField,show,ZoomableLabel,0
freeplane,EditNodeTextField,preserveRootNodeLocationOnScreen,NodeView,0
freeplane,MMapViewController,MMapViewController,Controller,0
freeplane,MMapViewController,createTextEditorPane,NodeModel,0
freeplane,MMapViewController,saveAllModifiedMapsExcept,MapModel,0
freeplane,MapOverviewImage,MapOverviewImage,MapView,0
freeplane,MapOverviewImage,paintComponent,MapView,0
freeplane,MapOverviewImage,drawZoomLevel,MapView,0
freeplane,MapOverviewImage,createOverviewImage,MapView,0
freeplane,MapOverviewImage,highlightViewport,MapView,0
freeplane,MapOverviewImageMouseHandler,MapOverviewImageMouseHandler,MapView,0
freeplane,MapOverviewImageMouseHandler,mouseWheelMoved,MapView,0
freeplane,MapOverviewImageMouseHandler,scrollTo,MapView,0
freeplane,MapViewPane,mapChanged,MapChangeEvent,0
freeplane,MapViewPane,updateMapOverview,MapOverviewImage,0
freeplane,MapViewPane,getMapViewBackground,MapView,0
freeplane,DefaultMapMouseListener,isMapViewWithOriginalConectosAvailable,MapView,0
freeplane,DefaultMapMouseListener,mouseReleased,RectangleMemorizer,0
freeplane,DefaultMapMouseListener,mouseDragged,RectangleMemorizer,0
freeplane,DefaultNodeMouseMotionListener,mouseClicked,NodeSelector,0
freeplane,DefaultNodeMouseMotionListener,loadLink,NodeModel,0
freeplane,DefaultNodeMouseMotionListener,mouseDragged,NodeSelector,0
freeplane,DefaultNodeMouseMotionListener,mouseEntered,NodeSelector,0
freeplane,DefaultNodeMouseMotionListener,mouseExited,NodeSelector,0
freeplane,DefaultNodeMouseMotionListener,mouseMoved,NodeSelector,0
freeplane,DefaultNodeMouseMotionListener,mousePressed,DoubleClickTimer,0
freeplane,DefaultNodeMouseMotionListener,mouseReleased,NodeSelector,0
freeplane,DefaultNodeMouseMotionListener,showPopupMenu,NodeSelector,1
freeplane,DefaultNodeMouseMotionListener,showFoldingPopup,NodeSelector,0
freeplane,DetailsViewMouseListener,mouseClicked,NodeSelector,0
freeplane,DetailsViewMouseListener,canEdit,TextController,0
freeplane,DetailsViewMouseListener,mouseDragged,NodeSelector,1
freeplane,DetailsViewMouseListener,mouseExited,NodeSelector,1
freeplane,NodePopupMenuDisplayer,showMenuAndConsumeEvent,ControllerPopupMenuListener,0
freeplane,NodeSelector,isRelevant,MovedMouseEventFilter,0
freeplane,NodeSelector,trackWindowForComponent,MovedMouseEventFilter,0
freeplane,RectangleMemorizer,mouseReleased,MapView,0
freeplane,RectangleMemorizer,mouseDragged,MapView,0
freeplane,UserInputListenerFactory,getMenuBar,FreeplaneMenuBar,0
freeplane,UserInputListenerFactory,getNodeKeyListener,DefaultNodeKeyListener,0
freeplane,UserInputListenerFactory,getNodeInputMethodListener,DefaultNodeKeyListener,0
freeplane,UserInputListenerFactory,setMenuBar,FreeplaneMenuBar,0
freeplane,UserInputListenerFactory,setNodeKeyListener,DefaultNodeKeyListener,0
freeplane,UserInputListenerFactory,createModeActions,ModeController,0
freeplane,UserInputListenerFactory,createMapActions,ModeController,0
freeplane,UserInputListenerFactory,rebuildMenu,Entry,0
freeplane,UserInputListenerFactory,rebuildMenus,Entry,0
freeplane,UserInputListenerFactory,updateMenus,Entry,0
freeplane,UserInputListenerFactory,filterPlugins,Entry,0
freeplane,UserInputListenerFactory,outputUnusedActions,Entry,0
freeplane,UserInputListenerFactory,addUiBuilder,BuilderDestroyerPair,0
freeplane,UserInputListenerFactory,getGenericMenuStructure,Entry,0
freeplane,GlassPaneNodeSelector,mouseClickedOnNode,MainView,1
freeplane,MMapMouseListener,mouseDragged,ConnectorView,1
freeplane,MMapMouseListener,mousePressed,ConnectorView,1
freeplane,MMapMouseListener,mouseReleased,ConnectorView,0
freeplane,MNodeDragListener,addDragListener,MainView,0
freeplane,MNodeDragListener,addDragListener,IconListComponent,0
freeplane,MNodeDragListener,dragGestureRecognized,NodeViewFolder,0
freeplane,MNodeDragListener,startTagDrag,NodeViewFolder,0
freeplane,MNodeDragListener,removeTag,Tag,0
freeplane,MNodeDragListener,startNodeDrag,NodeViewFolder,0
freeplane,MNodeDragListener,createDropListener,NodeViewFolder,0
freeplane,MNodeDropListener,MNodeDropListener,NodeViewFolder,0
freeplane,MNodeDropListener,addDropListener,MainView,0
freeplane,MNodeDropListener,addDropListener,MapViewIconListComponent,0
freeplane,MNodeDropListener,dragExit,NodeViewFolder,0
freeplane,MNodeDropListener,adjustFoldingOnDrop,NodeViewFolder,0
freeplane,MNodeMotionListener,mousePressed,NodeView,0
freeplane,MNodeMotionListener,mouseDragged,NodeView,0
freeplane,MNodeMotionListener,mouseReleased,NodeView,0
freeplane,MNodeMotionListener,getNode,NodeView,0
freeplane,MNodeMotionListener,adjustNodeIndices,NodeView,0
freeplane,MNodeMotionListener,getRefY,NodeView,1
freeplane,MNodeMotionListener,resetDragStartingPoint,NodeView,0
jsprit,AlgorithmUtil,addCoreConstraints,StateManager,0
jsprit,InsertionInitialSolutionFactory,getUnassignedJobs,VehicleRoutingProblem,1
jsprit,PrettyAlgorithmBuilder,newInstance,ConstraintManager,0
jsprit,PrettyAlgorithmBuilder,PrettyAlgorithmBuilder,ConstraintManager,0
jsprit,PrettyAlgorithmBuilder,setRandom,SearchStrategyManager,1
jsprit,PrettyAlgorithmBuilder,withStrategy,SearchStrategyManager,0
jsprit,PrettyAlgorithmBuilder,build,VehicleRoutingProblem,0
jsprit,PrettyAlgorithmBuilder,addArbitraryListener,VehicleRoutingAlgorithm,0
jsprit,PrettyAlgorithmBuilder,searchSchrimpfAndRegister,VehicleRoutingAlgorithm,0
jsprit,SearchStrategy,run,VehicleRoutingProblem,1
jsprit,SearchStrategyManager,addStrategy,SearchStrategy,1
jsprit,VehicleRoutingAlgorithm,VehicleRoutingAlgorithm,SearchStrategyManager,0
jsprit,VehicleRoutingAlgorithm,VehicleRoutingAlgorithm,SearchStrategyManager,0
jsprit,VehicleRoutingAlgorithm,VehicleRoutingAlgorithm,SearchStrategyManager,0
jsprit,VehicleRoutingAlgorithm,addInitialSolution,VehicleRoutingProblemSolution,1
jsprit,VehicleRoutingAlgorithm,verifyAndAdaptSolution,VehicleRoutingProblem,1
jsprit,VehicleRoutingAlgorithm,getSearchStrategyManager,SearchStrategyManager,0
jsprit,VehicleRoutingAlgorithm,searchSolutions,VehicleRoutingProblem,1
jsprit,VehicleRoutingAlgorithm,log,VehicleRoutingProblemSolution,1
jsprit,VehicleRoutingAlgorithm,memorizeIfBestEver,VehicleRoutingProblemSolution,0
jsprit,VehicleRoutingAlgorithm,selectedStrategy,VehicleRoutingProblem,0
jsprit,VehicleRoutingAlgorithm,algorithmEnds,VehicleRoutingProblem,0
jsprit,VehicleRoutingAlgorithm,getAlgorithmListeners,VehicleRoutingAlgorithmListeners,0
jsprit,VehicleRoutingAlgorithm,addListener,SearchStrategyManager,0
jsprit,VehicleRoutingAlgorithm,iterationEnds,VehicleRoutingProblem,0
jsprit,VehicleRoutingAlgorithm,iterationStarts,VehicleRoutingProblem,0
jsprit,VehicleRoutingAlgorithm,algorithmStarts,VehicleRoutingProblem,0
jsprit,AcceptNewRemoveFirst,acceptSolution,VehicleRoutingProblemSolution,0
jsprit,ExperimentalSchrimpfAcceptance,acceptSolution,VehicleRoutingProblemSolution,0
jsprit,ExperimentalSchrimpfAcceptance,informAlgorithmStarts,VehicleRoutingAlgorithm,0
jsprit,ExperimentalSchrimpfAcceptance,informIterationStarts,VehicleRoutingProblem,0
jsprit,GreedyAcceptance,acceptSolution,VehicleRoutingProblemSolution,0
jsprit,RecordToRecordTravelAcceptance,acceptSolution,VehicleRoutingProblemSolution,0
jsprit,RecordToRecordTravelAcceptance,informAlgorithmStarts,VehicleRoutingAlgorithm,0
jsprit,RecordToRecordTravelAcceptance,informIterationStarts,VehicleRoutingProblem,0
jsprit,SchrimpfAcceptance,acceptSolution,VehicleRoutingProblemSolution,0
jsprit,SchrimpfAcceptance,acceptSolution,VehicleRoutingProblemSolution,0
jsprit,SchrimpfAcceptance,informAlgorithmStarts,VehicleRoutingAlgorithm,0
jsprit,SchrimpfAcceptance,informIterationStarts,VehicleRoutingProblem,0
jsprit,SchrimpfInitialThresholdGenerator,SchrimpfInitialThresholdGenerator,SchrimpfAcceptance,0
jsprit,SchrimpfInitialThresholdGenerator,informAlgorithmStarts,SchrimpfAcceptance,0
jsprit,ConcurrentInsertionNoiseMaker,ConcurrentInsertionNoiseMaker,VehicleRoutingProblem,0
jsprit,ConcurrentInsertionNoiseMaker,informIterationStarts,VehicleRoutingProblem,0
jsprit,ConcurrentInsertionNoiseMaker,getCosts,JobInsertionContext,0
jsprit,GreedySchrimpfFactory,createAlgorithm,VehicleRoutingProblem,0
jsprit,GreedySchrimpfFactory,createGreedyAlgorithmBuilder,VehicleRoutingProblem,1
jsprit,InsertionNoiseMaker,InsertionNoiseMaker,VehicleRoutingProblem,0
jsprit,InsertionNoiseMaker,informIterationStarts,VehicleRoutingProblem,0
jsprit,InsertionNoiseMaker,getCosts,JobInsertionContext,0
jsprit,Jsprit,createAlgorithm,VehicleRoutingProblem,1
jsprit,Jsprit,ini,VehicleRoutingProblem,0
jsprit,Jsprit,create,ConstraintManager,1
jsprit,Jsprit,configureModule,RuinAndRecreateModule,0
jsprit,Jsprit,getRegretScorer,VehicleRoutingProblem,1
jsprit,Jsprit,handleExecutorShutdown,VehicleRoutingAlgorithm,0
jsprit,SchrimpfFactory,createAlgorithm,VehicleRoutingProblem,1
jsprit,VehicleRoutingAlgorithmListeners,algorithmEnds,VehicleRoutingProblem,0
jsprit,VehicleRoutingAlgorithmListeners,iterationEnds,VehicleRoutingProblem,0
jsprit,VehicleRoutingAlgorithmListeners,iterationStarts,VehicleRoutingProblem,0
jsprit,VehicleRoutingAlgorithmListeners,algorithmStarts,VehicleRoutingAlgorithm,0
jsprit,VehicleRoutingAlgorithmListeners,selectedStrategy,VehicleRoutingProblem,0
jsprit,RuinAndRecreateModule,runAndGetSolution,VehicleRoutingProblemSolution,0
jsprit,AbstractInsertionCalculator,checkRouteConstraints,ConstraintManager,0
jsprit,AbstractInsertionCalculator,fulfilled,ConstraintManager,0
jsprit,AbstractInsertionStrategy,AbstractInsertionStrategy,VehicleRoutingProblem,0
jsprit,AbstractInsertionStrategy,insertJobs,InsertionListeners,1
jsprit,AbstractInsertionStrategy,markUnassigned,InsertionListeners,0
jsprit,AbstractInsertionStrategy,removeListener,InsertionListeners,0
jsprit,AbstractInsertionStrategy,getListeners,InsertionListeners,0
jsprit,AbstractInsertionStrategy,addListener,InsertionListeners,0
jsprit,AbstractInsertionStrategy,insertJob,InsertionListeners,1
jsprit,AdditionalAccessEgressCalculator,getCosts,JobInsertionContext,0
jsprit,BestInsertion,BestInsertion,VehicleRoutingProblem,0
jsprit,BestInsertionBuilder,BestInsertionBuilder,ConstraintManager,0
jsprit,BestInsertionBuilder,build,VehicleRoutingProblem,0
jsprit,BestInsertionConcurrent,BestInsertionConcurrent,VehicleRoutingProblem,0
jsprit,BreakInsertionCalculator,BreakInsertionCalculator,ConstraintManager,0
jsprit,BreakInsertionCalculator,getInsertionData,AdditionalAccessEgressCalculator,0
jsprit,BreakInsertionCalculatorFactory,create,ConstraintManager,0
jsprit,BreakScheduling,BreakScheduling,ConstraintManager,0
jsprit,BreakScheduling,informJobInserted,StateManager,0
jsprit,BreakScheduling,removed,VehicleRoute,0
jsprit,BreakScheduling,informInsertionStarts,StateManager,0
jsprit,CalculatesServiceInsertionWithTimeScheduling,getInsertionData,VehicleRoute,0
jsprit,CalculatesServiceInsertionWithTimeSchedulingInSlices,getInsertionData,VehicleRoute,0
jsprit,ConfigureLocalActivityInsertionCalculator,ConfigureLocalActivityInsertionCalculator,LocalActivityInsertionCostsCalculator,0
jsprit,ConfigureLocalActivityInsertionCalculator,informInsertionStarts,LocalActivityInsertionCostsCalculator,0
jsprit,ConfigureLocalActivityInsertionCalculator,informJobInserted,LocalActivityInsertionCostsCalculator,0
jsprit,DecreasingRelativeFixedCosts,getCurrentMaxLoadInRoute,VehicleRoute,0
jsprit,DecreasingRelativeFixedCosts,getCosts,JobInsertionContext,1
jsprit,DefaultScorer,DefaultScorer,VehicleRoutingProblem,0
jsprit,DefaultScorer,score,InsertionData,0
jsprit,DefaultScorer,scoreJob,InsertionData,1
jsprit,DefaultScorer,getLargestTimeWindow,Activity,1
jsprit,DefaultScorer,getDistance,VehicleRoutingProblem,0
jsprit,DellAmicoFixCostCalculator,getCosts,IncreasingAbsoluteFixedCosts,0
jsprit,DellAmicoFixCostCalculator,informInsertionStarts,IncreasingAbsoluteFixedCosts,0
jsprit,DellAmicoFixCostCalculator,informJobInserted,IncreasingAbsoluteFixedCosts,0
jsprit,IncreasingAbsoluteFixedCosts,getCosts,JobInsertionContext,1
jsprit,InsertActivity,InsertActivity,VehicleRoute,0
jsprit,InsertActivity,getVehicleRoute,VehicleRoute,0
jsprit,InsertBreak,InsertBreak,VehicleRoute,0
jsprit,InsertBreak,getVehicleRoute,VehicleRoute,0
jsprit,Inserter,Inserter,VehicleRoutingProblem,0
jsprit,Inserter,insertJob,InsertionListeners,0
jsprit,InsertionBuilder,InsertionBuilder,ConstraintManager,0
jsprit,InsertionBuilder,build,VehicleRoutingProblem,0
jsprit,InsertionData,createEmptyInsertionData,InsertionData,0
jsprit,InsertionDataUpdater,score,InsertionData,0
jsprit,InsertionStrategyBuilder,InsertionStrategyBuilder,ConstraintManager,0
jsprit,InsertionStrategyBuilder,build,VehicleRoutingProblem,0
jsprit,JobCalculatorSwitcher,getInsertionData,VehicleRoute,0
jsprit,JobInsertionCostsCalculatorBuilder,setVehicleRoutingProblem,VehicleRoutingProblem,0
jsprit,JobInsertionCostsCalculatorBuilder,build,VehicleRoutingProblem,0
jsprit,JobInsertionCostsCalculatorBuilder,createStandardLocal,ConstraintManager,0
jsprit,JobInsertionCostsCalculatorBuilder,createStandardRoute,VehicleRoutingProblem,0
jsprit,JobInsertionCostsCalculatorBuilder,createFinalInsertion,VehicleRoutingProblem,0
jsprit,JobInsertionCostsCalculatorBuilder,setConstraintManager,ConstraintManager,0
jsprit,JobInsertionCostsCalculatorLightFactory,createStandardCalculator,ConstraintManager,0
jsprit,LocalActivityInsertionCostsCalculator,getCosts,JobInsertionContext,0
jsprit,RegretInsertion,RegretInsertion,VehicleRoutingProblem,0
jsprit,RegretInsertion,score,InsertionData,0
jsprit,RegretInsertionConcurrent,RegretInsertionConcurrent,VehicleRoutingProblem,0
jsprit,RegretInsertionConcurrentFast,RegretInsertionConcurrentFast,VehicleRoutingProblem,0
jsprit,RegretInsertionConcurrentFast,getInitialVehicleIds,VehicleRoutingProblem,0
jsprit,RegretInsertionFast,RegretInsertionFast,VehicleRoutingProblem,0
jsprit,RegretInsertionFast,getInitialVehicleIds,VehicleRoutingProblem,0
jsprit,RegretInsertionFast,updateInsertionData,VehicleRoute,0
jsprit,ScoredJob,ScoredJob,VehicleRoute,0
jsprit,ScoredJob,getInsertionData,InsertionData,0
jsprit,ScoredJob,getRoute,VehicleRoute,0
jsprit,Scorer,score,InsertionData,0
jsprit,ServiceInsertionCalculator,ServiceInsertionCalculator,ConstraintManager,0
jsprit,ServiceInsertionCalculator,getInsertionData,ConstraintManager,0
jsprit,ServiceInsertionCalculatorFactory,create,ConstraintManager,0
jsprit,ServiceInsertionOnRouteLevelCalculator,getInsertionData,Start,0
jsprit,ServiceInsertionOnRouteLevelCalculator,initialiseStartAndEnd,End,0
jsprit,ServiceInsertionOnRouteLevelCalculator,sumOf_prevCosts_oldVehicle,VehicleRoute,0
jsprit,ShipmentInsertionCalculator,ShipmentInsertionCalculator,ConstraintManager,0
jsprit,ShipmentInsertionCalculator,getInsertionData,ConstraintManager,0
jsprit,ShipmentInsertionCalculator,calculate,JobInsertionContext,0
jsprit,ShipmentInsertionCalculatorFactory,create,ConstraintManager,0
jsprit,ShipmentInsertionCalculatorFlex,ShipmentInsertionCalculatorFlex,ConstraintManager,0
jsprit,ShipmentInsertionCalculatorFlex,getInsertionData,ConstraintManager,0
jsprit,ShipmentInsertionCalculatorFlex,calculate,JobInsertionContext,0
jsprit,SolutionCompletenessRatio,informJobInserted,InsertionData,0
jsprit,SwitchVehicle,SwitchVehicle,VehicleRoute,0
jsprit,SwitchVehicle,getRoute,VehicleRoute,0
jsprit,SwitchVehicleListener,vehiclesDifferent,SwitchVehicle,1
jsprit,VariableTransportCostCalculator,getCosts,JobInsertionContext,0
jsprit,VehicleSwitched,vehicleSwitched,VehicleRoute,0
jsprit,VehicleTypeDependentJobInsertionCalculator,getInitialVehicleIds,VehicleRoutingProblem,0
jsprit,VersionedInsertionData,VersionedInsertionData,VehicleRoute,0
jsprit,VersionedInsertionData,getiData,InsertionData,0
jsprit,VersionedInsertionData,getRoute,VehicleRoute,0
jsprit,InsertionListeners,informJobInserted,InsertionData,0
jsprit,InsertionListeners,informVehicleSwitched,VehicleRoute,0
jsprit,InsertionListeners,informBeforeJobInsertion,VehicleRoute,0
jsprit,AbstractRuinStrategy,AbstractRuinStrategy,VehicleRoutingProblem,0
jsprit,AbstractRuinStrategy,ruin,RuinListeners,0
jsprit,AbstractRuinStrategy,addListener,RuinListeners,0
jsprit,AbstractRuinStrategy,removeListener,RuinListeners,0
jsprit,AbstractRuinStrategy,getListeners,RuinListeners,0
jsprit,AbstractRuinStrategy,jobIsInitial,VehicleRoutingProblem,0
jsprit,AbstractRuinStrategy,removeJob,RuinListeners,0
jsprit,ClusterRuinStrategyFactory,createStrategy,VehicleRoutingProblem,0
jsprit,DBSCANClusterer,getClusters,VehicleRoute,0
jsprit,DBSCANClusterer,getLocationWrappers,VehicleRoute,1
jsprit,DBSCANClusterer,getClusters,VehicleRoute,0
jsprit,DBSCANClusterer,getRandomCluster,VehicleRoute,0
jsprit,DBSCANClusterer,sample,VehicleRoute,0
jsprit,JobNeighborhoodsFactory,createNeighborhoods,VehicleRoutingProblem,0
jsprit,JobNeighborhoodsFactory,createNeighborhoods,VehicleRoutingProblem,0
jsprit,JobNeighborhoodsImpl,JobNeighborhoodsImpl,VehicleRoutingProblem,0
jsprit,JobNeighborhoodsImplWithCapRestriction,JobNeighborhoodsImplWithCapRestriction,VehicleRoutingProblem,0
jsprit,JobNeighborhoodsImplWithCapRestriction,initialise,VehicleRoutingProblem,0
jsprit,JobNeighborhoodsOptimized,JobNeighborhoodsOptimized,VehicleRoutingProblem,0
jsprit,JobNeighborhoodsOptimized,initialise,VehicleRoutingProblem,0
jsprit,JobNeighborhoodsOptimized,calculateDistancesFromJob2Job,VehicleRoutingProblem,0
jsprit,RadialRuinStrategyFactory,createStrategy,VehicleRoutingProblem,0
jsprit,RandomRuinStrategyFactory,createStrategy,VehicleRoutingProblem,0
jsprit,RuinBreaks,removed,VehicleRoute,0
jsprit,RuinClusters,informIterationStarts,VehicleRoutingProblem,0
jsprit,RuinClusters,RuinClusters,VehicleRoutingProblem,0
jsprit,RuinClusters,ruin,VehicleRoutingProblem,0
jsprit,RuinClusters,map,VehicleRoutingProblem,0
jsprit,RuinRadial,RuinRadial,VehicleRoutingProblem,0
jsprit,RuinRadial,RuinRadial,VehicleRoutingProblem,0
jsprit,RuinRadial,RuinRadial,VehicleRoutingProblem,0
jsprit,RuinRadial,ruinRoutes,VehicleRoutingProblem,0
jsprit,RuinRadialMultipleCenters,RuinRadialMultipleCenters,VehicleRoutingProblem,0
jsprit,RuinRadialMultipleCenters,ruinRoutes,VehicleRoutingProblem,0
jsprit,RuinRandom,RuinRandom,VehicleRoutingProblem,0
jsprit,RuinRandom,ruin,VehicleRoutingProblem,0
jsprit,RuinRandom,selectNuOfJobs2BeRemoved,VehicleRoutingProblem,0
jsprit,RuinString,RuinString,VehicleRoutingProblem,0
jsprit,RuinString,ruinRoutes,VehicleRoutingProblem,0
jsprit,RuinString,ruinRouteWithSplitStringRuin,VehicleRoutingProblem,0
jsprit,RuinString,ruinRouteWithStringRuin,VehicleRoutingProblem,0
jsprit,RuinWorst,RuinWorst,VehicleRoutingProblem,0
jsprit,RuinWorst,savings,VehicleRoute,0
jsprit,RuinWorst,c,VehicleRoutingProblem,0
jsprit,AvgServiceAndShipmentDistance,calcDist,Location,0
jsprit,AvgServiceDistance,calcDist,Service,1
jsprit,RuinListeners,removed,VehicleRoute,0
jsprit,SelectBest,getInstance,SelectBest,0
jsprit,SelectRandomly,getInstance,SelectRandomly,0
jsprit,StateManager,createStateId,VehicleRoutingProblem,0
jsprit,StateManager,StateManager,VehicleRoutingProblem,0
jsprit,StateManager,getNuVehicleTypes,VehicleRoutingProblem,0
jsprit,StateManager,getRouteState,VehicleRoute,0
jsprit,StateManager,hasRouteState,VehicleRoute,0
jsprit,StateManager,getRouteState,VehicleRoute,0
jsprit,StateManager,putRouteState,VehicleRoute,0
jsprit,StateManager,putRouteState,VehicleRoute,0
jsprit,StateManager,putTypedInternalRouteState,VehicleRoute,0
jsprit,StateManager,putTypedInternalRouteState,VehicleRoute,0
jsprit,StateManager,addActivityVisitor,RouteActivityVisitor,0
jsprit,StateManager,addActivityVisitor,ReverseRouteActivityVisitor,0
jsprit,StateManager,addListener,RuinListeners,0
jsprit,StateManager,addListener,InsertionListeners,0
jsprit,StateManager,informJobInserted,ReverseRouteActivityVisitor,0
jsprit,StateManager,informInsertionStarts,ReverseRouteActivityVisitor,0
jsprit,StateManager,reCalculateStates,VehicleRoute,0
jsprit,StateManager,informIterationStarts,VehicleRoutingProblem,0
jsprit,StateManager,ruinStarts,RuinListeners,1
jsprit,StateManager,ruinEnds,RuinListeners,1
jsprit,StateManager,removed,RuinListeners,1
jsprit,StateManager,informInsertionEnds,InsertionListeners,0
jsprit,UpdateActivityNextLocations,visit,VehicleRoute,0
jsprit,UpdateActivityNextLocations,begin,Location,0
jsprit,UpdateActivityNextLocations,visit,Location,0
jsprit,UpdateActivityPrevLocations,visit,VehicleRoute,0
jsprit,UpdateActivityPrevLocations,begin,Location,0
jsprit,UpdateActivityPrevLocations,visit,Location,0
jsprit,UpdateActivityTimes,begin,ActivityTimeTracker,0
jsprit,UpdateActivityTimes,visit,ActivityTimeTracker,0
jsprit,UpdateActivityTimes,finish,ActivityTimeTracker,0
jsprit,UpdateEndLocationIfRouteIsOpen,visit,VehicleRoute,0
jsprit,UpdateEndLocationIfRouteIsOpen,setRouteEndToLastActivity,VehicleRoute,0
jsprit,UpdateFutureWaitingTimes,UpdateFutureWaitingTimes,StateManager,0
jsprit,UpdateFutureWaitingTimes,begin,VehicleRoute,0
jsprit,UpdateFutureWaitingTimes,visit,VehicleRoute,0
jsprit,UpdateLoads,UpdateLoads,StateManager,0
jsprit,UpdateLoads,begin,StateManager,1
jsprit,UpdateLoads,visit,Capacity,1
jsprit,UpdateLoads,finish,Capacity,1
jsprit,UpdateLoads,insertionStarts,StateManager,0
jsprit,UpdateLoads,informJobInserted,StateManager,0
jsprit,UpdateLoads,informRouteChanged,VehicleRoute,0
jsprit,UpdateMaxCapacityUtilisationAtActivitiesByLookingBackwardInRoute,UpdateMaxCapacityUtilisationAtActivitiesByLookingBackwardInRoute,StateManager,0
jsprit,UpdateMaxCapacityUtilisationAtActivitiesByLookingBackwardInRoute,begin,StateManager,1
jsprit,UpdateMaxCapacityUtilisationAtActivitiesByLookingBackwardInRoute,visit,Capacity,1
jsprit,UpdateMaxCapacityUtilisationAtActivitiesByLookingForwardInRoute,UpdateMaxCapacityUtilisationAtActivitiesByLookingForwardInRoute,StateManager,0
jsprit,UpdateMaxCapacityUtilisationAtActivitiesByLookingForwardInRoute,begin,StateManager,1
jsprit,UpdateMaxCapacityUtilisationAtActivitiesByLookingForwardInRoute,visit,Capacity,1
jsprit,UpdateMaxCapacityUtilisationAtRoute,UpdateMaxCapacityUtilisationAtRoute,StateManager,0
jsprit,UpdateMaxCapacityUtilisationAtRoute,begin,VehicleRoute,1
jsprit,UpdateMaxCapacityUtilisationAtRoute,visit,Capacity,1
jsprit,UpdateMaxCapacityUtilisationAtRoute,finish,Capacity,0
jsprit,UpdateMaxTimeInVehicle,UpdateMaxTimeInVehicle,StateManager,0
jsprit,UpdateMaxTimeInVehicle,begin,VehicleRoute,1
jsprit,UpdateMaxTimeInVehicle,visit,VehicleRoute,0
jsprit,UpdateMaxTimeInVehicle,finish,StateManager,0
jsprit,UpdateMaxTimeInVehicle,finish,StateManager,0
jsprit,UpdatePracticalTimeWindows,UpdatePracticalTimeWindows,StateManager,0
jsprit,UpdatePracticalTimeWindows,begin,VehicleRoute,1
jsprit,UpdatePracticalTimeWindows,visit,StateManager,0
jsprit,UpdateSkills,UpdateSkills,StateManager,0
jsprit,UpdateSkills,begin,VehicleRoute,1
jsprit,UpdateSkills,finish,VehicleRoute,0
jsprit,UpdateVariableCosts,UpdateVariableCosts,StateManager,0
jsprit,UpdateVariableCosts,UpdateVariableCosts,StateManager,0
jsprit,UpdateVariableCosts,begin,ActivityTimeTracker,0
jsprit,UpdateVariableCosts,visit,ActivityTimeTracker,0
jsprit,UpdateVariableCosts,finish,VehicleRoute,0
jsprit,UpdateVehicleDependentPracticalTimeWindows,visit,VehicleRoute,0
jsprit,UpdateVehicleDependentPracticalTimeWindows,UpdateVehicleDependentPracticalTimeWindows,StateManager,0
jsprit,UpdateVehicleDependentPracticalTimeWindows,begin,VehicleRoute,1
jsprit,UpdateVehicleDependentPracticalTimeWindows,visit,StateManager,0
jsprit,VehicleDependentTraveledDistance,VehicleDependentTraveledDistance,StateManager,0
jsprit,VehicleDependentTraveledDistance,begin,VehicleRoute,1
jsprit,VehicleDependentTraveledDistance,visit,StateManager,0
jsprit,VehicleDependentTraveledDistance,finish,VehicleRoute,0
jsprit,TimeTermination,informAlgorithmStarts,VehicleRoutingAlgorithm,0
jsprit,VariationCoefficientTermination,isPrematureBreak,VehicleRoutingProblemSolution,0
jsprit,VariationCoefficientTermination,informAlgorithmStarts,VehicleRoutingAlgorithm,0
jsprit,VariationCoefficientTermination,informIterationEnds,VehicleRoutingProblem,0
jsprit,VariationCoefficientTermination,informIterationEnds,VehicleRoutingProblemSolution,0
jsprit,VariationCoefficientTermination,toList,VehicleRoutingProblemSolution,0
jsprit,VariationCoefficientTermination,informIterationStarts,VehicleRoutingProblem,0
jsprit,VariationCoefficientTermination,informIterationStarts,VehicleRoutingProblemSolution,0
jsprit,SolutionAnalyser,SolutionAnalyser,VehicleRoutingProblemSolution,0
jsprit,SolutionAnalyser,SolutionAnalyser,VehicleRoutingProblemSolution,0
jsprit,SolutionAnalyser,initialise,VehicleRoutingProblem,0
jsprit,SolutionAnalyser,refreshStates,VehicleRoutingProblemSolution,0
jsprit,SolutionAnalyser,recalculateSolutionIndicators,VehicleRoutingProblemSolution,0
jsprit,SolutionAnalyser,clearSolutionIndicators,Capacity,1
jsprit,SolutionAnalyser,informSolutionChanged,VehicleRoutingProblemSolution,0
jsprit,SolutionAnalyser,getLoadAtBeginning,StateManager,1
jsprit,SolutionAnalyser,getLoadAtEnd,StateManager,1
jsprit,SolutionAnalyser,getMaxLoad,StateManager,1
jsprit,SolutionAnalyser,getLoadRightAfterActivity,StateManager,0
jsprit,SolutionAnalyser,verifyThatRouteContainsAct,VehicleRoute,0
jsprit,SolutionAnalyser,getLoadJustBeforeActivity,StateManager,1
jsprit,SolutionAnalyser,getNumberOfPickups,StateManager,1
jsprit,SolutionAnalyser,getNumberOfDeliveries,StateManager,1
jsprit,SolutionAnalyser,getLoadPickedUp,StateManager,1
jsprit,SolutionAnalyser,getLoadDelivered,StateManager,1
jsprit,SolutionAnalyser,getCapacityViolation,VehicleRoute,1
jsprit,SolutionAnalyser,getCapacityViolationAtBeginning,VehicleRoute,1
jsprit,SolutionAnalyser,getCapacityViolationAtEnd,VehicleRoute,1
jsprit,SolutionAnalyser,getCapacityViolationAfterActivity,VehicleRoute,1
jsprit,SolutionAnalyser,getTimeWindowViolation,StateManager,1
jsprit,SolutionAnalyser,getTimeWindowViolationAtActivity,VehicleRoute,1
jsprit,SolutionAnalyser,hasSkillConstraintViolation,StateManager,1
jsprit,SolutionAnalyser,hasSkillConstraintViolationAtActivity,StateManager,1
jsprit,SolutionAnalyser,hasBackhaulConstraintViolation,StateManager,1
jsprit,SolutionAnalyser,hasBackhaulConstraintViolationAtActivity,StateManager,1
jsprit,SolutionAnalyser,hasShipmentConstraintViolation,StateManager,1
jsprit,SolutionAnalyser,hasShipmentConstraintViolationAtActivity,StateManager,1
jsprit,SolutionAnalyser,getOperationTime,VehicleRoute,1
jsprit,SolutionAnalyser,getWaitingTime,StateManager,1
jsprit,SolutionAnalyser,getTransportTime,StateManager,1
jsprit,SolutionAnalyser,getServiceTime,StateManager,1
jsprit,SolutionAnalyser,getVariableTransportCosts,StateManager,1
jsprit,SolutionAnalyser,getFixedCosts,VehicleRoute,1
jsprit,SolutionAnalyser,getVariableTransportCostsAtActivity,StateManager,1
jsprit,SolutionAnalyser,getTransportTimeAtActivity,StateManager,1
jsprit,SolutionAnalyser,getLastTransportTimeAtActivity,VehicleRoute,1
jsprit,SolutionAnalyser,getLastTransportDistanceAtActivity,VehicleRoute,1
jsprit,SolutionAnalyser,getLastTransportCostAtActivity,VehicleRoute,1
jsprit,SolutionAnalyser,getLastTransport,StateManager,1
jsprit,SolutionAnalyser,getWaitingTimeAtActivity,VehicleRoute,0
jsprit,SolutionAnalyser,getDistance,StateManager,1
jsprit,SolutionAnalyser,getDistanceAtActivity,StateManager,1
jsprit,SolutionAnalyser,getNumberOfPickupsAtBeginning,StateManager,1
jsprit,SolutionAnalyser,getNumberOfDeliveriesAtEnd,StateManager,0
jsprit,SolutionAnalyser,getLoadPickedUp,Capacity,0
jsprit,SolutionAnalyser,getLoadAtBeginning,Capacity,0
jsprit,SolutionAnalyser,getLoadDelivered,Capacity,0
jsprit,SolutionAnalyser,getLoadAtEnd,Capacity,0
jsprit,SolutionAnalyser,getCapacityViolation,Capacity,0
jsprit,AbstractVehicle,getVehicleTypeIdentifier,VehicleTypeKey,0
jsprit,AbstractVehicle,setVehicleIdentifier,VehicleTypeKey,0
jsprit,Capacity,addup,Capacity,0
jsprit,Capacity,subtract,Capacity,0
jsprit,Capacity,invert,Capacity,0
jsprit,Capacity,divide,Capacity,1
jsprit,Capacity,copyOf,Capacity,0
jsprit,Capacity,Capacity,Capacity,0
jsprit,Capacity,isLessOrEqual,Capacity,0
jsprit,Capacity,isGreaterOrEqual,Capacity,0
jsprit,Capacity,max,Capacity,0
jsprit,Capacity,min,Capacity,0
jsprit,Location,getCoordinate,Coordinate,0
jsprit,Location,hashCode,Coordinate,0
jsprit,Location,toString,Coordinate,0
jsprit,AdditionalTransportationCosts,getCosts,JobInsertionContext,1
jsprit,ConstraintManager,ConstraintManager,VehicleRoutingProblem,0
jsprit,ConstraintManager,ConstraintManager,VehicleRoutingProblem,0
jsprit,ConstraintManager,hasHardActivityConstraints,HardActivityLevelConstraintManager,0
jsprit,ConstraintManager,getHardRouteConstraints,HardRouteLevelConstraintManager,0
jsprit,ConstraintManager,getCriticalHardActivityConstraints,HardActivityLevelConstraintManager,0
jsprit,ConstraintManager,getHighPrioHardActivityConstraints,HardActivityLevelConstraintManager,0
jsprit,ConstraintManager,getLowPrioHardActivityConstraints,HardActivityLevelConstraintManager,0
jsprit,ConstraintManager,setDependencyType,VehicleRoutingProblem,0
jsprit,ConstraintManager,getDependencyType,VehicleRoutingProblem,0
jsprit,ConstraintManager,resolveConstraints,SoftActivityConstraintManager,0
jsprit,ConstraintManager,addTimeWindowConstraint,VehicleRoutingProblem,0
jsprit,ConstraintManager,addConstraint,HardActivityLevelConstraintManager,0
jsprit,ConstraintManager,addConstraint,HardRouteLevelConstraintManager,0
jsprit,ConstraintManager,addConstraint,SoftActivityConstraintManager,0
jsprit,ConstraintManager,addConstraint,SoftRouteConstraintManager,0
jsprit,ConstraintManager,fulfilled,HardRouteLevelConstraintManager,0
jsprit,ConstraintManager,fulfilled,HardActivityLevelConstraintManager,0
jsprit,ConstraintManager,getConstraints,SoftRouteConstraintManager,0
jsprit,ConstraintManager,getCosts,SoftRouteConstraintManager,0
jsprit,ConstraintManager,getCosts,SoftActivityConstraintManager,0
jsprit,HardActivityLevelConstraintManager,fulfilled,JobInsertionContext,0
jsprit,HardRouteLevelConstraintManager,fulfilled,JobInsertionContext,0
jsprit,HardSkillConstraint,fulfilled,JobInsertionContext,1
jsprit,MaxDistanceConstraint,MaxDistanceConstraint,StateManager,0
jsprit,MaxDistanceConstraint,fulfilled,StateManager,0
jsprit,MaxTimeInVehicleConstraint,MaxTimeInVehicleConstraint,VehicleRoutingProblem,0
jsprit,MaxTimeInVehicleConstraint,fulfilled,StateManager,1
jsprit,PickupAndDeliverShipmentLoadActivityLevelConstraint,fulfilled,JobInsertionContext,0
jsprit,ServiceDeliveriesFirstConstraint,fulfilled,JobInsertionContext,0
jsprit,ServiceLoadActivityLevelConstraint,fulfilled,JobInsertionContext,0
jsprit,ServiceLoadRouteLevelConstraint,fulfilled,JobInsertionContext,1
jsprit,ShipmentPickupsFirstConstraint,fulfilled,JobInsertionContext,0
jsprit,SoftActivityConstraintManager,getCosts,JobInsertionContext,0
jsprit,SoftRouteConstraintManager,getCosts,JobInsertionContext,0
jsprit,SwitchNotFeasible,SwitchNotFeasible,StateManager,0
jsprit,SwitchNotFeasible,fulfilled,StateManager,1
jsprit,VehicleDependentTimeWindowConstraints,fulfilled,JobInsertionContext,1
jsprit,AbstractForwardVehicleRoutingTransportCosts,getDistance,Location,0
jsprit,AbstractForwardVehicleRoutingTransportCosts,getTransportTime,Location,0
jsprit,AbstractForwardVehicleRoutingTransportCosts,getTransportCost,Location,0
jsprit,AbstractForwardVehicleRoutingTransportCosts,getBackwardTransportTime,Location,1
jsprit,AbstractForwardVehicleRoutingTransportCosts,getBackwardTransportCost,Location,1
jsprit,Activity,getLocation,Location,0
jsprit,Service,getLocation,Location,0
jsprit,Service,toString,Capacity,0
jsprit,Service,getSize,Capacity,0
jsprit,Service,getRequiredSkills,Skills,0
jsprit,Shipment,getPickupLocation,Location,0
jsprit,Shipment,getDeliveryLocation,Location,0
jsprit,Shipment,getDeliveryTimeWindow,TimeWindowsImpl,0
jsprit,Shipment,getDeliveryTimeWindows,TimeWindowsImpl,0
jsprit,Shipment,getPickupTimeWindow,TimeWindowsImpl,0
jsprit,Shipment,getPickupTimeWindows,TimeWindowsImpl,0
jsprit,Shipment,toString,TimeWindowsImpl,0
jsprit,Shipment,getSize,Capacity,0
jsprit,Shipment,getRequiredSkills,Skills,0
jsprit,JobInsertionContext,getRoute,VehicleRoute,0
jsprit,JobInsertionContext,JobInsertionContext,VehicleRoute,0
jsprit,JobInsertionContext,setRelatedActivityContext,ActivityContext,0
jsprit,JobInsertionContext,getRelatedActivityContext,ActivityContext,0
jsprit,JobInsertionContext,setActivityContext,ActivityContext,0
jsprit,JobInsertionContext,getActivityContext,ActivityContext,0
jsprit,VehicleRoutingProblemSolution,copyOf,VehicleRoutingProblemSolution,0
jsprit,VehicleRoutingProblemSolution,VehicleRoutingProblemSolution,VehicleRoutingProblemSolution,0
jsprit,ReverseRouteActivityVisitor,visit,VehicleRoute,0
jsprit,ReverseRouteActivityVisitor,finish,VehicleRoute,0
jsprit,ReverseRouteActivityVisitor,begin,VehicleRoute,0
jsprit,VehicleRoute,copyOf,VehicleRoute,0
jsprit,VehicleRoute,VehicleRoute,VehicleRoute,0
jsprit,VehicleRoute,getActivities,TourActivities,0
jsprit,VehicleRoute,getTourActivities,TourActivities,0
jsprit,VehicleRoute,setStartAndEnd,End,0
jsprit,VehicleRoute,getDepartureTime,Start,0
jsprit,VehicleRoute,isEmpty,TourActivities,0
jsprit,VehicleRoute,getStart,Start,0
jsprit,VehicleRoute,getEnd,End,0
jsprit,VehicleRoute,toString,TourActivities,0
jsprit,ActWithoutStaticLocation,ActWithoutStaticLocation,Service,0
jsprit,ActWithoutStaticLocation,ActWithoutStaticLocation,ActWithoutStaticLocation,0
jsprit,ActWithoutStaticLocation,getLocation,Location,0
jsprit,ActWithoutStaticLocation,getPreviousLocation,Location,0
jsprit,ActWithoutStaticLocation,getNextLocation,Location,0
jsprit,ActWithoutStaticLocation,setPreviousLocation,Location,0
jsprit,ActWithoutStaticLocation,setNextLocation,Location,0
jsprit,BreakActivity,copyOf,BreakActivity,0
jsprit,BreakActivity,newInstance,Break,0
jsprit,BreakActivity,BreakActivity,Break,0
jsprit,BreakActivity,BreakActivity,BreakActivity,0
jsprit,BreakActivity,getLocation,Location,0
jsprit,BreakActivity,setLocation,Location,0
jsprit,BreakActivity,getJob,Break,0
jsprit,BreakActivity,getName,Break,0
jsprit,BreakActivity,getSize,Break,0
jsprit,DefaultShipmentActivityFactory,createPickup,Shipment,0
jsprit,DefaultShipmentActivityFactory,createDelivery,Shipment,0
jsprit,DefaultTourActivityFactory,createActivity,Service,0
jsprit,DeliverService,DeliverService,Delivery,0
jsprit,DeliverService,DeliverService,DeliverService,0
jsprit,DeliverService,getName,Delivery,0
jsprit,DeliverService,getLocation,Delivery,0
jsprit,DeliverService,getOperationTime,Delivery,0
jsprit,DeliverService,getJob,Delivery,0
jsprit,DeliverService,getSize,Capacity,0
jsprit,DeliverShipment,DeliverShipment,Shipment,0
jsprit,DeliverShipment,DeliverShipment,DeliverShipment,0
jsprit,DeliverShipment,getJob,Shipment,0
jsprit,DeliverShipment,getLocation,Shipment,0
jsprit,DeliverShipment,getOperationTime,Shipment,0
jsprit,DeliverShipment,getSize,Capacity,0
jsprit,End,copyOf,End,0
jsprit,End,End,Location,0
jsprit,End,End,End,0
jsprit,End,setLocation,Location,0
jsprit,End,getLocation,Location,0
jsprit,End,toString,Location,0
jsprit,End,getSize,Capacity,0
jsprit,PickupService,PickupService,Pickup,0
jsprit,PickupService,PickupService,Service,0
jsprit,PickupService,PickupService,PickupService,0
jsprit,PickupService,getName,Service,0
jsprit,PickupService,getLocation,Service,0
jsprit,PickupService,getOperationTime,Service,0
jsprit,PickupService,getJob,Service,0
jsprit,PickupService,getSize,Service,0
jsprit,PickupShipment,PickupShipment,Shipment,0
jsprit,PickupShipment,PickupShipment,PickupShipment,0
jsprit,PickupShipment,getJob,Shipment,0
jsprit,PickupShipment,getLocation,Shipment,0
jsprit,PickupShipment,getOperationTime,Shipment,0
jsprit,PickupShipment,getSize,Shipment,0
jsprit,ServiceActivity,copyOf,ServiceActivity,0
jsprit,ServiceActivity,newInstance,Service,0
jsprit,ServiceActivity,ServiceActivity,Service,0
jsprit,ServiceActivity,ServiceActivity,ServiceActivity,0
jsprit,ServiceActivity,hashCode,Service,0
jsprit,ServiceActivity,getOperationTime,Service,0
jsprit,ServiceActivity,getLocation,Service,0
jsprit,ServiceActivity,getJob,Service,0
jsprit,ServiceActivity,getName,Service,0
jsprit,ServiceActivity,getSize,Service,0
jsprit,Start,copyOf,Start,0
jsprit,Start,Start,Location,0
jsprit,Start,Start,Start,0
jsprit,Start,setLocation,Location,0
jsprit,Start,getLocation,Location,0
jsprit,Start,toString,Location,0
jsprit,Start,getSize,Capacity,0
jsprit,TimeWindow,larger,TimeWindow,0
jsprit,TimeWindowsImpl,add,TimeWindow,1
jsprit,TourActivities,copyOf,TourActivities,0
jsprit,TourActivities,TourActivities,TourActivities,0
jsprit,InfiniteVehicles,getAvailableVehicle,VehicleTypeKey,0
jsprit,VehicleFleetManagerImpl,getAvailableVehicle,VehicleTypeKey,0
jsprit,VehicleImpl,toString,Skills,0
jsprit,VehicleImpl,getStartLocation,Location,0
jsprit,VehicleImpl,getEndLocation,Location,0
jsprit,VehicleImpl,getSkills,Skills,0
jsprit,VehicleImpl,getBreak,Break,0
jsprit,VehicleTypeImpl,equals,Capacity,0
jsprit,VehicleTypeImpl,hashCode,Capacity,0
jsprit,VehicleTypeImpl,toString,Capacity,0
jsprit,VehicleTypeImpl,getCapacityDimensions,Capacity,0
jsprit,VehicleTypeKey,VehicleTypeKey,Skills,0
jsprit,VehicleTypeKey,hashCode,Skills,0
jsprit,SolutionPrinter,print,VehicleRoutingProblemSolution,0
jsprit,SolutionPrinter,print,VehicleRoutingProblemSolution,1
jsprit,SolutionPrinter,print,VehicleRoutingProblemSolution,1
jsprit,SolutionPrinter,print,VehicleRoutingProblemSolution,0
jsprit,SolutionPrinter,printVerbose,VehicleRoutingProblemSolution,1
jsprit,SolutionPrinter,printVerbose,VehicleRoutingProblemSolution,1
jsprit,SolutionPrinter,getVehicleString,VehicleRoute,1
jsprit,SolutionPrinter,getNuOfJobs,VehicleRoutingProblem,0
jsprit,ActivityTimeTracker,begin,VehicleRoute,1
jsprit,ActivityTimeTracker,visit,VehicleRoute,1
jsprit,ActivityTimeTracker,finish,VehicleRoute,1
jsprit,BenchmarkInstance,BenchmarkInstance,VehicleRoutingProblem,0
jsprit,BenchmarkResult,BenchmarkResult,BenchmarkInstance,0
jsprit,CrowFlyCosts,calculateDistance,Location,1
jsprit,EuclideanCosts,getTransportCost,Location,1
jsprit,EuclideanCosts,calculateDistance,Location,0
jsprit,EuclideanCosts,calculateDistance,Coordinate,0
jsprit,EuclideanCosts,getTransportTime,Location,0
jsprit,EuclideanCosts,getDistance,Location,0
jsprit,EuclideanDistanceCalculator,calculateDistance,Coordinate,0
jsprit,FastVehicleRoutingTransportCostsMatrix,getTransportTime,Location,1
jsprit,FastVehicleRoutingTransportCostsMatrix,getDistance,Location,0
jsprit,FastVehicleRoutingTransportCostsMatrix,getTransportCost,Location,1
jsprit,GreatCircleCosts,getTransportCost,Location,1
jsprit,GreatCircleCosts,calculateDistance,Location,1
jsprit,GreatCircleCosts,getTransportTime,Location,0
jsprit,GreatCircleCosts,getDistance,Location,0
jsprit,GreatCircleDistanceCalculator,calculateDistance,Coordinate,1
jsprit,ManhattanCosts,getTransportCost,Location,1
jsprit,ManhattanCosts,getTransportTime,Location,0
jsprit,ManhattanCosts,calculateDistance,Location,1
jsprit,ManhattanCosts,calculateDistance,Coordinate,0
jsprit,ManhattanCosts,getDistance,Location,0
jsprit,ManhattanDistanceCalculator,calculateDistance,Coordinate,0
jsprit,SolutionVerifier,informAlgorithmEnds,VehicleRoutingProblem,0
jsprit,VehicleIndexComparator,compare,VehicleRoute,1
jsprit,VehicleRoutingTransportCostsMatrix,getTransportTime,Location,1
jsprit,VehicleRoutingTransportCostsMatrix,getTransportCost,Location,1
jsprit,VehicleRoutingTransportCostsMatrix,getDistance,Location,1
oh,BillBrowserManager,BillBrowserManager,AccountingIoOperations,0
oh,BillBrowserManager,validateBill,Bill,1
oh,BillBrowserManager,getItems,AccountingIoOperations,0
oh,BillBrowserManager,getItems,AccountingIoOperations,0
oh,BillBrowserManager,getBills,AccountingIoOperations,0
oh,BillBrowserManager,getPayments,AccountingIoOperations,0
oh,BillBrowserManager,getPayments,AccountingIoOperations,0
oh,BillBrowserManager,getPayments,AccountingIoOperations,0
oh,BillBrowserManager,newBill,Bill,0
oh,BillBrowserManager,newBill,AccountingIoOperations,0
oh,BillBrowserManager,newBillItems,AccountingIoOperations,0
oh,BillBrowserManager,newBillPayments,AccountingIoOperations,0
oh,BillBrowserManager,updateBill,Bill,0
oh,BillBrowserManager,updateBill,AccountingIoOperations,0
oh,BillBrowserManager,getPendingBills,AccountingIoOperations,0
oh,BillBrowserManager,getBills,AccountingIoOperations,0
oh,BillBrowserManager,getBill,AccountingIoOperations,0
oh,BillBrowserManager,getUsers,AccountingIoOperations,0
oh,BillBrowserManager,deleteBill,AccountingIoOperations,0
oh,BillBrowserManager,getBills,AccountingIoOperations,0
oh,BillBrowserManager,getBills,AccountingIoOperations,0
oh,BillBrowserManager,getPayments,AccountingIoOperations,0
oh,BillBrowserManager,getPayments,AccountingIoOperations,0
oh,BillBrowserManager,getPendingBillsAffiliate,AccountingIoOperations,0
oh,BillBrowserManager,getDistinctItems,AccountingIoOperations,0
oh,BillBrowserManager,getBills,AccountingIoOperations,0
oh,Bill,Bill,Patient,0
oh,Bill,getPriceList,PriceList,0
oh,Bill,setPriceList,PriceList,0
oh,Bill,getBillPatient,Patient,0
oh,Bill,setBillPatient,Patient,0
oh,Bill,compareTo,Bill,0
oh,BillItems,BillItems,Bill,0
oh,BillItems,getBill,Bill,0
oh,BillItems,setBill,Bill,0
oh,BillPayments,BillPayments,Bill,0
oh,BillPayments,getBill,Bill,0
oh,BillPayments,setBill,Bill,0
oh,BillPayments,compareTo,BillPayments,0
oh,AccountingIoOperations,newBill,Bill,0
oh,AccountingIoOperations,newBillItems,Bill,0
oh,AccountingIoOperations,newBillPayments,Bill,0
oh,AccountingIoOperations,updateBill,Bill,0
oh,AccountingIoOperations,deleteBill,Bill,0
oh,AccountingIoOperations,getPayments,Patient,0
oh,AccountingIoOperations,getPaymentsBetweenDatesWherePatient,Patient,0
oh,AccountingIoOperations,getBills,Patient,0
oh,AccountingIoOperations,getBillsBetweenDatesWherePatient,Patient,0
oh,AccountingIoOperations,getBills,BillItems,0
oh,AccountingIoOperations,getBillsBetweenDatesWhereBillItem,BillItems,0
oh,AccountingPatientMergedEventListener,handle,AccountingIoOperations,0
oh,AdmissionBrowserManager,getAdmittedPatients,AdmissionIoOperations,0
oh,AdmissionBrowserManager,getAdmittedPatients,AdmissionIoOperations,0
oh,AdmissionBrowserManager,getAdmittedPatients,AdmissionIoOperations,0
oh,AdmissionBrowserManager,loadAdmittedPatients,AdmissionIoOperations,0
oh,AdmissionBrowserManager,getAdmission,AdmissionIoOperations,0
oh,AdmissionBrowserManager,getCurrentAdmission,AdmissionIoOperations,0
oh,AdmissionBrowserManager,getAdmissions,AdmissionIoOperations,0
oh,AdmissionBrowserManager,getNextYProg,AdmissionIoOperations,0
oh,AdmissionBrowserManager,getAdmissionType,AdmissionIoOperations,0
oh,AdmissionBrowserManager,getDischargeType,AdmissionIoOperations,0
oh,AdmissionBrowserManager,newAdmission,AdmissionIoOperations,0
oh,AdmissionBrowserManager,newAdmissionReturnKey,AdmissionIoOperations,0
oh,AdmissionBrowserManager,updateAdmission,AdmissionIoOperations,0
oh,AdmissionBrowserManager,setDeleted,AdmissionIoOperations,0
oh,AdmissionBrowserManager,getUsedWardBed,AdmissionIoOperations,0
oh,AdmissionBrowserManager,deletePatientPhoto,AdmissionIoOperations,0
oh,AdmissionBrowserManager,validateAdmission,Admission,0
oh,Admission,Admission,DeliveryResultType,0
oh,Admission,getAdmType,AdmissionType,0
oh,Admission,setAdmType,AdmissionType,0
oh,Admission,getDeliveryResult,DeliveryResultType,0
oh,Admission,setDeliveryResult,DeliveryResultType,0
oh,Admission,getDeliveryType,DeliveryType,0
oh,Admission,setDeliveryType,DeliveryType,0
oh,Admission,getDiseaseIn,Disease,0
oh,Admission,setDiseaseIn,Disease,0
oh,Admission,getDiseaseOut1,Disease,0
oh,Admission,setDiseaseOut1,Disease,0
oh,Admission,getDiseaseOut2,Disease,0
oh,Admission,setDiseaseOut2,Disease,0
oh,Admission,getDiseaseOut3,Disease,0
oh,Admission,setDiseaseOut3,Disease,0
oh,Admission,getDisType,DischargeType,0
oh,Admission,setDisType,DischargeType,0
oh,Admission,getOperation,Operation,0
oh,Admission,setOperation,Operation,0
oh,Admission,getPatient,Patient,0
oh,Admission,setPatient,Patient,0
oh,Admission,getPregTreatmentType,PregnantTreatmentType,0
oh,Admission,setPregTreatmentType,PregnantTreatmentType,0
oh,Admission,getWard,Ward,0
oh,Admission,setWard,Ward,0
oh,Admission,compareTo,Admission,0
oh,AdmittedPatient,AdmittedPatient,Admission,0
oh,AdmittedPatient,getPatient,Patient,0
oh,AdmittedPatient,setPatient,Patient,0
oh,AdmittedPatient,getAdmission,Admission,0
oh,AdmittedPatient,setAdmission,Admission,0
oh,AdmissionIoOperations,getCurrentAdmission,Patient,0
oh,AdmissionIoOperations,getAdmissions,Patient,0
oh,AdmissionIoOperations,newAdmission,Admission,0
oh,AdmissionIoOperations,newAdmissionReturnKey,Admission,0
oh,AdmissionIoOperations,updateAdmission,Admission,0
oh,AdmissionPatientMergedEventListener,handle,AdmissionIoOperations,0
oh,AdmissionTypeBrowserManager,getAdmissionType,AdmissionTypeIoOperation,0
oh,AdmissionTypeBrowserManager,newAdmissionType,AdmissionTypeIoOperation,0
oh,AdmissionTypeBrowserManager,updateAdmissionType,AdmissionTypeIoOperation,0
oh,AdmissionTypeBrowserManager,isCodePresent,AdmissionTypeIoOperation,0
oh,AdmissionTypeBrowserManager,deleteAdmissionType,AdmissionTypeIoOperation,0
oh,AdmissionTypeBrowserManager,validateAdmissionType,AdmissionType,1
oh,AdmissionTypeIoOperation,updateAdmissionType,AdmissionType,0
oh,AdmissionTypeIoOperation,newAdmissionType,AdmissionType,0
oh,AdmissionTypeIoOperation,deleteAdmissionType,AdmissionType,0
oh,AgeTypeBrowserManager,getAgeType,AgeTypeIoOperations,0
oh,AgeTypeBrowserManager,updateAgeType,AgeTypeIoOperations,0
oh,AgeTypeBrowserManager,getTypeByAge,AgeTypeIoOperations,0
oh,AgeTypeBrowserManager,getTypeByCode,AgeTypeIoOperations,0
oh,FileSystemDicomManager,saveFile,FileDicom,0
oh,FileSystemDicomManager,parseDicomProperties,FileDicom,0
oh,FileSystemDicomManager,exist,FileDicom,0
oh,SourceFiles,SourceFiles,AbstractDicomLoader,0
oh,SourceFiles,run,AbstractThumbnailViewGui,0
oh,SourceFiles,loadDicomDir,AbstractDicomLoader,0
oh,SourceFiles,loadDicom,FileDicom,0
oh,SqlDicomManager,getSerieDetail,DicomIoOperations,0
oh,SqlDicomManager,deleteSerie,DicomIoOperations,0
oh,SqlDicomManager,exist,DicomIoOperations,0
oh,SqlDicomManager,exist,DicomIoOperations,0
oh,SqlDicomManager,loadDetails,DicomIoOperations,0
oh,SqlDicomManager,loadPatientFiles,DicomIoOperations,0
oh,SqlDicomManager,saveFile,DicomIoOperations,0
oh,FileDicom,FileDicom,DicomType,0
oh,FileDicom,getDicomType,DicomType,0
oh,FileDicom,setDicomType,DicomType,0
oh,DicomIoOperations,exist,FileDicom,0
oh,DicomIoOperations,saveFile,FileDicom,0
oh,DicomTypeBrowserManager,newDicomType,DicomTypeIoOperation,0
oh,DicomTypeBrowserManager,updateDicomType,DicomTypeIoOperation,0
oh,DicomTypeBrowserManager,deleteDicomType,DicomTypeIoOperation,0
oh,DicomTypeBrowserManager,getDicomType,DicomTypeIoOperation,0
oh,DicomTypeBrowserManager,validateDicomType,DicomType,0
oh,DicomTypeBrowserManager,isCodePresent,DicomTypeIoOperation,0
oh,DicomTypeIoOperation,updateDicomType,DicomType,0
oh,DicomTypeIoOperation,newDicomType,DicomType,0
oh,DicomTypeIoOperation,deleteDicomType,DicomType,0
oh,DischargeTypeBrowserManager,getDischargeType,DischargeTypeIoOperation,0
oh,DischargeTypeBrowserManager,newDischargeType,DischargeTypeIoOperation,0
oh,DischargeTypeBrowserManager,updateDischargeType,DischargeTypeIoOperation,0
oh,DischargeTypeBrowserManager,isCodePresent,DischargeTypeIoOperation,0
oh,DischargeTypeBrowserManager,deleteDischargeType,DischargeTypeIoOperation,0
oh,DischargeTypeBrowserManager,validateDeleteDischargeType,DischargeType,0
oh,DischargeTypeBrowserManager,validateDischargeType,DischargeType,1
oh,DischargeTypeIoOperation,updateDischargeType,DischargeType,0
oh,DischargeTypeIoOperation,newDischargeType,DischargeType,0
oh,DischargeTypeIoOperation,deleteDischargeType,DischargeType,0
oh,DiseaseBrowserManager,getDiseaseOpd,DiseaseIoOperations,0
oh,DiseaseBrowserManager,getDiseaseAll,DiseaseIoOperations,0
oh,DiseaseBrowserManager,getDiseaseOpd,DiseaseIoOperations,0
oh,DiseaseBrowserManager,getDiseaseIpdOut,DiseaseIoOperations,0
oh,DiseaseBrowserManager,getDiseaseIpdOut,DiseaseIoOperations,0
oh,DiseaseBrowserManager,getDiseaseIpdIn,DiseaseIoOperations,0
oh,DiseaseBrowserManager,getDiseaseIpdIn,DiseaseIoOperations,0
oh,DiseaseBrowserManager,getDisease,DiseaseIoOperations,0
oh,DiseaseBrowserManager,getDisease,DiseaseIoOperations,0
oh,DiseaseBrowserManager,getDiseaseByCode,DiseaseIoOperations,0
oh,DiseaseBrowserManager,newDisease,DiseaseIoOperations,0
oh,DiseaseBrowserManager,updateDisease,DiseaseIoOperations,0
oh,DiseaseBrowserManager,deleteDisease,DiseaseIoOperations,0
oh,DiseaseBrowserManager,isCodePresent,DiseaseIoOperations,0
oh,DiseaseBrowserManager,descriptionControl,DiseaseIoOperations,0
oh,DiseaseBrowserManager,validateDisease,Disease,0
oh,Disease,Disease,DiseaseType,0
oh,Disease,getType,DiseaseType,0
oh,Disease,setType,DiseaseType,0
oh,DiseaseIoOperations,newDisease,Disease,0
oh,DiseaseIoOperations,updateDisease,Disease,0
oh,DiseaseIoOperations,deleteDisease,Disease,1
oh,DiseaseTypeBrowserManager,getDiseaseType,DiseaseTypeIoOperation,0
oh,DiseaseTypeBrowserManager,newDiseaseType,DiseaseTypeIoOperation,0
oh,DiseaseTypeBrowserManager,updateDiseaseType,DiseaseTypeIoOperation,0
oh,DiseaseTypeBrowserManager,isCodePresent,DiseaseTypeIoOperation,0
oh,DiseaseTypeBrowserManager,deleteDiseaseType,DiseaseTypeIoOperation,0
oh,DiseaseTypeBrowserManager,validateDiseaseType,DiseaseType,1
oh,DiseaseTypeIoOperation,updateDiseaseType,DiseaseType,0
oh,DiseaseTypeIoOperation,newDiseaseType,DiseaseType,0
oh,DiseaseTypeIoOperation,deleteDiseaseType,DiseaseType,0
oh,DeliveryResultTypeBrowserManager,validateDeliveryResultType,DeliveryResultType,1
oh,DeliveryResultTypeBrowserManager,getDeliveryResultType,DeliveryResultTypeIoOperation,0
oh,DeliveryResultTypeBrowserManager,newDeliveryResultType,DeliveryResultTypeIoOperation,0
oh,DeliveryResultTypeBrowserManager,updateDeliveryResultType,DeliveryResultTypeIoOperation,0
oh,DeliveryResultTypeBrowserManager,isCodePresent,DeliveryResultTypeIoOperation,0
oh,DeliveryResultTypeBrowserManager,deleteDeliveryResultType,DeliveryResultTypeIoOperation,0
oh,DeliveryResultTypeIoOperation,updateDeliveryResultType,DeliveryResultType,0
oh,DeliveryResultTypeIoOperation,newDeliveryResultType,DeliveryResultType,0
oh,DeliveryResultTypeIoOperation,deleteDeliveryResultType,DeliveryResultType,0
oh,DeliveryTypeBrowserManager,getDeliveryType,DeliveryTypeIoOperation,0
oh,DeliveryTypeBrowserManager,newDeliveryType,DeliveryTypeIoOperation,0
oh,DeliveryTypeBrowserManager,updateDeliveryType,DeliveryTypeIoOperation,0
oh,DeliveryTypeBrowserManager,isCodePresent,DeliveryTypeIoOperation,0
oh,DeliveryTypeBrowserManager,deleteDeliveryType,DeliveryTypeIoOperation,0
oh,DeliveryTypeBrowserManager,validateDeliveryType,DeliveryType,1
oh,DeliveryTypeIoOperation,updateDeliveryType,DeliveryType,0
oh,DeliveryTypeIoOperation,newDeliveryType,DeliveryType,0
oh,DeliveryTypeIoOperation,deleteDeliveryType,DeliveryType,0
oh,ExamBrowsingManager,validateExam,Exam,1
oh,ExamBrowsingManager,getExams,ExamIoOperations,0
oh,ExamBrowsingManager,getExams,ExamIoOperations,0
oh,ExamBrowsingManager,getExamsByTypeDescription,ExamIoOperations,0
oh,ExamBrowsingManager,getExamType,ExamIoOperations,0
oh,ExamBrowsingManager,isKeyPresent,ExamIoOperations,0
oh,ExamBrowsingManager,newExam,ExamIoOperations,0
oh,ExamBrowsingManager,updateExam,ExamIoOperations,0
oh,ExamBrowsingManager,deleteExam,ExamIoOperations,0
oh,ExamRowBrowsingManager,validateExamRow,ExamRow,1
oh,ExamRowBrowsingManager,getExamRow,ExamRowIoOperations,0
oh,ExamRowBrowsingManager,newExamRow,ExamRowIoOperations,0
oh,ExamRowBrowsingManager,deleteExamRow,ExamRowIoOperations,0
oh,ExamRowBrowsingManager,getExamRowByExamCode,ExamRowIoOperations,0
oh,Exam,Exam,ExamType,0
oh,Exam,getExamtype,ExamType,0
oh,Exam,setExamtype,ExamType,0
oh,ExamRow,ExamRow,Exam,0
oh,ExamRow,getExamCode,Exam,0
oh,ExamRow,setExamCode,Exam,0
oh,ExamIoOperations,newExam,Exam,0
oh,ExamIoOperations,newExamRow,ExamRow,0
oh,ExamIoOperations,updateExam,Exam,0
oh,ExamIoOperations,deleteExam,Exam,0
oh,ExamIoOperations,deleteExamRow,ExamRow,0
oh,ExamIoOperations,isKeyPresent,Exam,0
oh,ExamRowIoOperations,newExamRow,ExamRow,0
oh,ExamRowIoOperations,updateExamRow,ExamRow,0
oh,ExamRowIoOperations,deleteExamRow,ExamRow,0
oh,ExamRowIoOperations,isKeyPresent,ExamRow,0
oh,ExaminationBrowserManager,getDefaultPatientExamination,Patient,0
oh,ExaminationBrowserManager,getFromLastPatientExamination,PatientExamination,0
oh,ExaminationBrowserManager,formatLastNote,PatientExamination,0
oh,ExaminationBrowserManager,saveOrUpdate,ExaminationOperations,0
oh,ExaminationBrowserManager,getByID,ExaminationOperations,0
oh,ExaminationBrowserManager,getLastNByPatID,ExaminationOperations,0
oh,ExaminationBrowserManager,getByPatID,ExaminationOperations,0
oh,ExaminationBrowserManager,remove,ExaminationOperations,0
oh,ExaminationBrowserManager,validateExamination,PatientExamination,0
oh,GenderPatientExamination,GenderPatientExamination,PatientExamination,0
oh,GenderPatientExamination,getPatex,PatientExamination,0
oh,GenderPatientExamination,setPatex,PatientExamination,0
oh,PatientExamination,PatientExamination,Patient,0
oh,PatientExamination,getPatient,Patient,0
oh,PatientExamination,setPatient,Patient,0
oh,PatientExamination,compareTo,PatientExamination,0
oh,ExaminationOperations,getFromLastPatientExamination,PatientExamination,0
oh,ExaminationOperations,saveOrUpdate,PatientExamination,0
oh,ExaminationPatientMergedEventListener,handle,ExaminationOperations,0
oh,ExamTypeBrowserManager,validateExamType,ExamType,1
oh,ExamTypeBrowserManager,getExamType,ExamTypeIoOperation,0
oh,ExamTypeBrowserManager,newExamType,ExamTypeIoOperation,0
oh,ExamTypeBrowserManager,updateExamType,ExamTypeIoOperation,0
oh,ExamTypeBrowserManager,isCodePresent,ExamTypeIoOperation,0
oh,ExamTypeBrowserManager,deleteExamType,ExamTypeIoOperation,0
oh,ExamTypeIoOperation,updateExamType,ExamType,0
oh,ExamTypeIoOperation,newExamType,ExamType,0
oh,ExamTypeIoOperation,deleteExamType,ExamType,0
oh,ExaminationParameters,getExaminationParameters,ExaminationParameters,0
oh,ExaminationParameters,initialize,ExaminationParameters,0
oh,GeneralData,reset,GeneralData,0
oh,GeneralData,getGeneralData,GeneralData,0
oh,GeneralData,initialize,GeneralData,0
oh,TxtPrinter,getTxtPrinter,TxtPrinter,0
oh,TxtPrinter,initialize,TxtPrinter,0
oh,Version,getVersion,Version,0
oh,Version,initialize,Version,0
oh,XmppData,getXmppData,XmppData,0
oh,XmppData,initialize,XmppData,0
oh,HospitalBrowsingManager,getHospital,HospitalIoOperations,0
oh,HospitalBrowsingManager,getHospitalCurrencyCod,HospitalIoOperations,0
oh,HospitalBrowsingManager,updateHospital,HospitalIoOperations,0
oh,HospitalIoOperations,updateHospital,Hospital,0
oh,LabManager,setPatientConsistency,Laboratory,0
oh,LabManager,validateLaboratory,Laboratory,0
oh,LabManager,getLaboratory,LabIoOperations,0
oh,LabManager,getLaboratory,LabIoOperations,0
oh,LabManager,getLaboratory,LabIoOperations,0
oh,LabManager,getLaboratoryForPrint,LabIoOperations,0
oh,LabManager,newLaboratory,LabIoOperations,0
oh,LabManager,newLaboratory2,LabIoOperations,0
oh,LabManager,updateLaboratory,LabIoOperations,0
oh,LabManager,newLabFirstProcedure,LabIoOperations,0
oh,LabManager,newLabSecondProcedure,LabIoOperations,0
oh,LabManager,editLabFirstProcedure,LabIoOperations,0
oh,LabManager,editLabSecondProcedure,LabIoOperations,0
oh,LabManager,deleteLaboratory,LabIoOperations,0
oh,LabManager,setLabMultipleResults,LabIoOperations,0
oh,LabRowManager,getLabRowByLabId,LabIoOperations,0
oh,Laboratory,Laboratory,Patient,0
oh,Laboratory,Laboratory,Patient,0
oh,Laboratory,getExam,Exam,0
oh,Laboratory,setExam,Exam,0
oh,Laboratory,getPatient,Patient,0
oh,Laboratory,setPatient,Patient,0
oh,Laboratory,toString,Patient,0
oh,LaboratoryForPrint,LaboratoryForPrint,Exam,0
oh,LaboratoryRow,LaboratoryRow,Laboratory,0
oh,LaboratoryRow,LaboratoryRow,Laboratory,0
oh,LaboratoryRow,getLabId,Laboratory,0
oh,LaboratoryRow,setLabId,Laboratory,0
oh,LabIoOperations,getLaboratory,Patient,0
oh,LabIoOperations,newLaboratory,Laboratory,0
oh,LabIoOperations,newLabFirstProcedure,Laboratory,0
oh,LabIoOperations,newLabSecondProcedure,Laboratory,0
oh,LabIoOperations,newLabSecondProcedure2,Laboratory,0
oh,LabIoOperations,updateLaboratory,Laboratory,0
oh,LabIoOperations,updateLabFirstProcedure,Laboratory,0
oh,LabIoOperations,updateLabSecondProcedure,Laboratory,0
oh,LabIoOperations,deleteLaboratory,Laboratory,1
oh,LabPatientMergedEventListener,handle,LabIoOperations,0
oh,MalnutritionManager,validateMalnutrition,Malnutrition,0
oh,MalnutritionManager,getMalnutrition,MalnutritionIoOperation,0
oh,MalnutritionManager,getLastMalnutrition,MalnutritionIoOperation,0
oh,MalnutritionManager,newMalnutrition,MalnutritionIoOperation,0
oh,MalnutritionManager,updateMalnutrition,MalnutritionIoOperation,0
oh,MalnutritionManager,deleteMalnutrition,MalnutritionIoOperation,0
oh,Malnutrition,Malnutrition,Admission,0
oh,Malnutrition,Malnutrition,Patient,0
oh,Malnutrition,getAdmission,Admission,0
oh,Malnutrition,setAdmission,Admission,0
oh,MalnutritionIoOperation,newMalnutrition,Malnutrition,0
oh,MalnutritionIoOperation,updateMalnutrition,Malnutrition,0
oh,MalnutritionIoOperation,deleteMalnutrition,Malnutrition,0
oh,MedicalBrowsingManager,getMedical,MedicalsIoOperations,0
oh,MedicalBrowsingManager,getMedicals,MedicalsIoOperations,0
oh,MedicalBrowsingManager,getMedicalsSortedByName,MedicalsIoOperations,0
oh,MedicalBrowsingManager,getMedicalsSortedByCode,MedicalsIoOperations,0
oh,MedicalBrowsingManager,getMedicals,MedicalsIoOperations,0
oh,MedicalBrowsingManager,getMedicals,MedicalsIoOperations,0
oh,MedicalBrowsingManager,getMedicals,MedicalsIoOperations,0
oh,MedicalBrowsingManager,newMedical,Medical,0
oh,MedicalBrowsingManager,newMedical,MedicalsIoOperations,0
oh,MedicalBrowsingManager,updateMedical,Medical,0
oh,MedicalBrowsingManager,updateMedical,MedicalsIoOperations,0
oh,MedicalBrowsingManager,deleteMedical,MedicalsIoOperations,0
oh,MedicalBrowsingManager,checkMedicalCommon,Medical,0
oh,MedicalBrowsingManager,checkMedicalForInsert,Medical,0
oh,MedicalBrowsingManager,checkMedicalForUpdate,Medical,0
oh,MedicalBrowsingManager,checkMedical,MedicalsIoOperations,0
oh,Medical,Medical,MedicalType,0
oh,Medical,getType,MedicalType,0
oh,Medical,setType,MedicalType,0
oh,Medical,compareTo,Medical,0
oh,MedicalsIoOperations,medicalCheck,Medical,0
oh,MedicalsIoOperations,productCodeExists,Medical,0
oh,MedicalsIoOperations,medicalExists,Medical,0
oh,MedicalsIoOperations,newMedical,Medical,0
oh,MedicalsIoOperations,updateMedical,Medical,0
oh,MedicalsIoOperations,deleteMedical,Medical,0
oh,MovBrowserManager,getMovements,MedicalStockIoOperations,0
oh,MovBrowserManager,getMovements,MedicalStockIoOperations,0
oh,MovBrowserManager,getMovementsByReference,MedicalStockIoOperations,0
oh,MovBrowserManager,getMovements,MedicalStockIoOperations,0
oh,MovStockInsertingManager,validateMovement,MedicalStockIoOperations,0
oh,MovStockInsertingManager,getLotByMedical,MedicalStockIoOperations,0
oh,MovStockInsertingManager,alertCriticalQuantity,MedicalsIoOperations,0
oh,MovStockInsertingManager,getLastMovementDate,MedicalStockIoOperations,0
oh,MovStockInsertingManager,refNoExists,MedicalStockIoOperations,0
oh,MovStockInsertingManager,prepareChargingMovement,MedicalStockIoOperations,0
oh,MovStockInsertingManager,storeLot,MedicalStockIoOperations,0
oh,MovStockInsertingManager,prepareDishargingMovement,MedicalStockIoOperations,0
oh,Lot,Lot,Medical,0
oh,Lot,getMedical,Medical,0
oh,Lot,setMedical,Medical,0
oh,Movement,Movement,Supplier,0
oh,Movement,getMedical,Medical,0
oh,Movement,getType,MovementType,0
oh,Movement,getWard,Ward,0
oh,Movement,getLot,Lot,0
oh,Movement,getSupplier,Supplier,0
oh,Movement,getOrigin,Supplier,0
oh,Movement,setWard,Ward,0
oh,Movement,setLot,Lot,0
oh,Movement,setSupplier,Supplier,0
oh,Movement,setMedical,Medical,0
oh,Movement,setType,MovementType,0
oh,Movement,toString,MovementType,0
oh,MedicalStockIoOperations,newAutomaticDischargingMovement,Movement,1
oh,MedicalStockIoOperations,newMovement,Movement,0
oh,MedicalStockIoOperations,prepareChargingMovement,Movement,0
oh,MedicalStockIoOperations,prepareDischargingMovement,Movement,0
oh,MedicalStockIoOperations,storeMovement,Movement,0
oh,MedicalStockIoOperations,storeLot,Medical,0
oh,MedicalStockIoOperations,updateStockQuantity,Movement,0
oh,MedicalStockIoOperations,updateMedicalWardQuantity,Lot,0
oh,MedicalStockIoOperations,getLotsByMedical,Medical,1
oh,MovWardBrowserManager,validateMovementWard,MovementWard,1
oh,MovWardBrowserManager,getMovementWard,MedicalStockWardIoOperations,0
oh,MovWardBrowserManager,getMedicalsWard,MedicalStockWardIoOperations,0
oh,MovWardBrowserManager,getMedicalsWardTotalQuantity,MedicalStockWardIoOperations,0
oh,MovWardBrowserManager,getMovementWard,MedicalStockWardIoOperations,0
oh,MovWardBrowserManager,getWardMovementsToWard,MedicalStockWardIoOperations,0
oh,MovWardBrowserManager,getMovementToPatient,MedicalStockWardIoOperations,0
oh,MovWardBrowserManager,newMovementWard,MedicalStockWardIoOperations,0
oh,MovWardBrowserManager,newMovementWard,MedicalStockWardIoOperations,0
oh,MovWardBrowserManager,updateMovementWard,MedicalStockWardIoOperations,0
oh,MovWardBrowserManager,getCurrentQuantityInWard,MedicalStockWardIoOperations,0
oh,MovWardBrowserManager,getCurrentQuantityInWard,MedicalStockWardIoOperations,0
oh,MovWardBrowserManager,convertWardDrugs,Ward,0
oh,MedicalWard,MedicalWard,Medical,0
oh,MedicalWard,MedicalWard,Lot,0
oh,MedicalWard,MedicalWard,Lot,0
oh,MedicalWard,getId,MedicalWardId,0
oh,MedicalWard,setId,MedicalWardId,0
oh,MedicalWard,getLot,MedicalWardId,0
oh,MedicalWard,setMedical,MedicalWardId,0
oh,MedicalWard,compareTo,MedicalWardId,0
oh,MedicalWard,getWard,MedicalWardId,0
oh,MedicalWard,setWard,MedicalWardId,0
oh,MedicalWard,getMedical,MedicalWardId,0
oh,MedicalWard,setLot,MedicalWardId,0
oh,MedicalWard,equals,MedicalWardId,0
oh,MedicalWard,hashCode,MedicalWardId,0
oh,MedicalWardId,MedicalWardId,Lot,0
oh,MedicalWardId,getWard,Ward,0
oh,MedicalWardId,setWard,Ward,0
oh,MedicalWardId,getLot,Lot,0
oh,MedicalWardId,setLot,Lot,0
oh,MedicalWardId,getMedical,Medical,0
oh,MedicalWardId,setMedical,Medical,0
oh,MedicalWardId,hashCode,Ward,0
oh,MedicalWardId,equals,Lot,0
oh,MovementWard,MovementWard,Medical,0
oh,MovementWard,MovementWard,Lot,0
oh,MovementWard,MovementWard,Lot,0
oh,MovementWard,MovementWard,Medical,0
oh,MovementWard,getMedical,Medical,0
oh,MovementWard,getWard,Ward,0
oh,MovementWard,setWard,Ward,0
oh,MovementWard,getLot,Lot,0
oh,MovementWard,setlot,Lot,0
oh,MovementWard,getPatient,Patient,0
oh,MovementWard,setPatient,Patient,0
oh,MovementWard,setMedical,Medical,0
oh,MovementWard,getWardTo,Ward,0
oh,MovementWard,setWardTo,Ward,0
oh,MovementWard,getWardFrom,Ward,0
oh,MovementWard,setWardFrom,Ward,0
oh,MedicalStockWardIoOperations,getCurrentQuantityInWard,Medical,0
oh,MedicalStockWardIoOperations,getCurrentQuantityInWard,Lot,0
oh,MedicalStockWardIoOperations,newMovementWard,MovementWard,0
oh,MedicalStockWardIoOperations,updateMovementWard,MovementWard,0
oh,MedicalStockWardIoOperations,deleteMovementWard,MovementWard,0
oh,MedicalStockWardIoOperations,updateStockWardQuantity,MovementWard,1
oh,MedicalStockWardIoOperations,findAllForPatient,Patient,0
oh,MovementWardPatientMergedEventListener,handle,MedicalStockWardIoOperations,0
oh,MedicaldsrstockmovTypeBrowserManager,validateMovementType,MovementType,1
oh,MedicaldsrstockmovTypeBrowserManager,getMedicaldsrstockmovType,MedicalStockMovementTypeIoOperation,0
oh,MedicaldsrstockmovTypeBrowserManager,newMedicaldsrstockmovType,MedicalStockMovementTypeIoOperation,0
oh,MedicaldsrstockmovTypeBrowserManager,updateMedicaldsrstockmovType,MedicalStockMovementTypeIoOperation,0
oh,MedicaldsrstockmovTypeBrowserManager,isCodePresent,MedicalStockMovementTypeIoOperation,0
oh,MedicaldsrstockmovTypeBrowserManager,deleteMedicaldsrstockmovType,MedicalStockMovementTypeIoOperation,0
oh,MedicaldsrstockmovTypeBrowserManager,getMovementType,MedicalStockMovementTypeIoOperation,0
oh,MedicalStockMovementTypeIoOperation,updateMedicaldsrstockmovType,MovementType,0
oh,MedicalStockMovementTypeIoOperation,newMedicaldsrstockmovType,MovementType,0
oh,MedicalStockMovementTypeIoOperation,deleteMedicaldsrstockmovType,MovementType,0
oh,MedicalTypeBrowserManager,validateMedicalType,MedicalType,1
oh,MedicalTypeBrowserManager,getMedicalType,MedicalTypeIoOperation,0
oh,MedicalTypeBrowserManager,newMedicalType,MedicalTypeIoOperation,0
oh,MedicalTypeBrowserManager,updateMedicalType,MedicalTypeIoOperation,0
oh,MedicalTypeBrowserManager,isCodePresent,MedicalTypeIoOperation,0
oh,MedicalTypeBrowserManager,deleteMedicalType,MedicalTypeIoOperation,0
oh,MedicalTypeIoOperation,updateMedicalType,MedicalType,0
oh,MedicalTypeIoOperation,newMedicalType,MedicalType,0
oh,MedicalTypeIoOperation,deleteMedicalType,MedicalType,0
oh,UserBrowsingManager,getUser,MenuIoOperations,0
oh,UserBrowsingManager,getUser,MenuIoOperations,0
oh,UserBrowsingManager,getUserByName,MenuIoOperations,0
oh,UserBrowsingManager,newUser,MenuIoOperations,0
oh,UserBrowsingManager,updateUser,MenuIoOperations,0
oh,UserBrowsingManager,updatePassword,MenuIoOperations,0
oh,UserBrowsingManager,deleteUser,MenuIoOperations,0
oh,UserBrowsingManager,getUserGroup,MenuIoOperations,0
oh,UserBrowsingManager,getMenu,MenuIoOperations,0
oh,UserBrowsingManager,getGroupMenu,MenuIoOperations,0
oh,UserBrowsingManager,setGroupMenu,MenuIoOperations,0
oh,UserBrowsingManager,getUsrInfo,MenuIoOperations,0
oh,UserBrowsingManager,deleteGroup,MenuIoOperations,0
oh,UserBrowsingManager,newUserGroup,MenuIoOperations,0
oh,UserBrowsingManager,updateUserGroup,MenuIoOperations,0
oh,User,User,UserGroup,0
oh,User,getUserGroupName,UserGroup,0
oh,User,setUserGroupName,UserGroup,0
oh,MenuIoOperations,newUser,User,0
oh,MenuIoOperations,updateUser,User,0
oh,MenuIoOperations,updatePassword,User,0
oh,MenuIoOperations,deleteUser,User,0
oh,MenuIoOperations,getMenu,User,0
oh,MenuIoOperations,getGroupMenu,UserGroup,0
oh,MenuIoOperations,setGroupMenu,UserGroup,0
oh,MenuIoOperations,deleteGroupMenu,UserGroup,0
oh,MenuIoOperations,insertGroupMenu,UserMenuItem,0
oh,MenuIoOperations,deleteGroup,UserGroup,0
oh,MenuIoOperations,newUserGroup,UserGroup,0
oh,MenuIoOperations,updateUserGroup,UserGroup,0
oh,OpdBrowserManager,setPatientConsistency,Opd,0
oh,OpdBrowserManager,validateOpd,Opd,1
oh,OpdBrowserManager,getOpd,OpdIoOperations,0
oh,OpdBrowserManager,getOpd,OpdIoOperations,0
oh,OpdBrowserManager,getOpdList,OpdIoOperations,0
oh,OpdBrowserManager,newOpd,OpdIoOperations,0
oh,OpdBrowserManager,updateOpd,OpdIoOperations,0
oh,OpdBrowserManager,deleteOpd,OpdIoOperations,0
oh,OpdBrowserManager,getProgYear,OpdIoOperations,0
oh,OpdBrowserManager,getLastOpd,OpdIoOperations,0
oh,OpdBrowserManager,isExistOpdNum,OpdIoOperations,0
oh,Opd,Opd,Disease,0
oh,Opd,getFullName,Patient,0
oh,Opd,getPatient,Patient,0
oh,Opd,setPatient,Patient,0
oh,Opd,getfirstName,Patient,0
oh,Opd,getsecondName,Patient,0
oh,Opd,getnextKin,Patient,0
oh,Opd,getcity,Patient,0
oh,Opd,getaddress,Patient,0
oh,Opd,getDisease,Disease,0
oh,Opd,getDisease2,Disease,0
oh,Opd,getDisease3,Disease,0
oh,Opd,setDisease,Disease,0
oh,Opd,setDisease2,Disease,0
oh,Opd,setDisease3,Disease,0
oh,OpdIoOperations,newOpd,Opd,0
oh,OpdIoOperations,updateOpd,Opd,0
oh,OpdIoOperations,deleteOpd,Opd,0
oh,OpdPatientMergedEventListener,handle,OpdIoOperations,0
oh,OperationBrowserManager,getOperationOpd,OperationIoOperations,0
oh,OperationBrowserManager,getOperationAdm,OperationIoOperations,0
oh,OperationBrowserManager,getOperation,OperationIoOperations,0
oh,OperationBrowserManager,getOperationByCode,OperationIoOperations,0
oh,OperationBrowserManager,getOperationByTypeDescription,OperationIoOperations,0
oh,OperationBrowserManager,newOperation,OperationIoOperations,0
oh,OperationBrowserManager,updateOperation,OperationIoOperations,0
oh,OperationBrowserManager,deleteOperation,OperationIoOperations,0
oh,OperationBrowserManager,isCodePresent,OperationIoOperations,0
oh,OperationBrowserManager,descriptionControl,OperationIoOperations,0
oh,OperationRowBrowserManager,getOperationRowByAdmission,OperationRowIoOperations,0
oh,OperationRowBrowserManager,getOperationRowByOpd,OperationRowIoOperations,0
oh,OperationRowBrowserManager,deleteOperationRow,OperationRowIoOperations,0
oh,OperationRowBrowserManager,updateOperationRow,OperationRowIoOperations,0
oh,OperationRowBrowserManager,newOperationRow,OperationRowIoOperations,0
oh,Operation,Operation,OperationType,0
oh,Operation,getType,OperationType,0
oh,Operation,setType,OperationType,0
oh,Operation,hashCode,OperationType,0
oh,OperationRow,OperationRow,Bill,0
oh,OperationRow,OperationRow,Bill,0
oh,OperationRow,getOperation,Operation,0
oh,OperationRow,setOperation,Operation,0
oh,OperationRow,getAdmission,Admission,0
oh,OperationRow,setAdmission,Admission,0
oh,OperationRow,getOpd,Opd,0
oh,OperationRow,setOpd,Opd,0
oh,OperationRow,getBill,Bill,0
oh,OperationRow,setBill,Bill,0
oh,OperationRow,hashCode,Opd,0
oh,OperationRow,toString,Admission,0
oh,OperationIoOperations,newOperation,Operation,0
oh,OperationIoOperations,updateOperation,Operation,0
oh,OperationIoOperations,deleteOperation,Operation,0
oh,OperationRowIoOperations,getOperationRowByAdmission,Admission,0
oh,OperationRowIoOperations,getOperationRowByOpd,Opd,0
oh,OperationRowIoOperations,deleteOperationRow,OperationRow,0
oh,OperationRowIoOperations,updateOperationRow,OperationRow,0
oh,OperationRowIoOperations,newOperationRow,OperationRow,0
oh,OperationTypeBrowserManager,getOperationType,OperationTypeIoOperation,0
oh,OperationTypeBrowserManager,newOperationType,OperationTypeIoOperation,0
oh,OperationTypeBrowserManager,updateOperationType,OperationTypeIoOperation,0
oh,OperationTypeBrowserManager,deleteOperationType,OperationTypeIoOperation,0
oh,OperationTypeBrowserManager,isCodePresent,OperationTypeIoOperation,0
oh,OperationTypeBrowserManager,validateOperationType,OperationType,1
oh,OperationTypeIoOperation,newOperationType,OperationType,0
oh,OperationTypeIoOperation,updateOperationType,OperationType,0
oh,OperationTypeIoOperation,deleteOperationType,OperationType,0
oh,PatientBrowserManager,savePatient,PatientIoOperations,0
oh,PatientBrowserManager,getPatient,PatientIoOperations,0
oh,PatientBrowserManager,getPatient,PatientIoOperations,0
oh,PatientBrowserManager,getPatientByName,PatientIoOperations,0
oh,PatientBrowserManager,getPatients,PatientIoOperations,0
oh,PatientBrowserManager,getPatientById,PatientIoOperations,0
oh,PatientBrowserManager,getPatientAll,PatientIoOperations,0
oh,PatientBrowserManager,getNextPatientCode,PatientIoOperations,0
oh,PatientBrowserManager,validateMergePatients,BillBrowserManager,0
oh,PatientBrowserManager,deletePatient,PatientIoOperations,0
oh,PatientBrowserManager,isNamePresent,PatientIoOperations,0
oh,PatientBrowserManager,getPatientsByOneOfFieldsLike,PatientIoOperations,0
oh,PatientBrowserManager,mergePatient,PatientIoOperations,0
oh,PatientBrowserManager,validatePatient,Patient,0
oh,PatientBrowserManager,checkAge,Patient,0
oh,Patient,Patient,Opd,0
oh,Patient,getPatientProfilePhoto,PatientProfilePhoto,0
oh,Patient,setPatientProfilePhoto,PatientProfilePhoto,0
oh,PatientMergedEvent,PatientMergedEvent,Patient,0
oh,PatientMergedEvent,getObsoletePatient,Patient,0
oh,PatientMergedEvent,getMergedPatient,Patient,0
oh,PatientProfilePhoto,getPatient,Patient,0
oh,PatientProfilePhoto,setPatient,Patient,0
oh,PatientIoOperations,savePatient,Patient,0
oh,PatientIoOperations,updatePatient,Patient,0
oh,PatientIoOperations,deletePatient,Patient,0
oh,PatientIoOperations,mergePatientHistory,Patient,0
oh,PatVacManager,getPatientVaccine,PatVacIoOperations,0
oh,PatVacManager,getPatientVaccine,PatVacIoOperations,0
oh,PatVacManager,newPatientVaccine,PatVacIoOperations,0
oh,PatVacManager,updatePatientVaccine,PatVacIoOperations,0
oh,PatVacManager,deletePatientVaccine,PatVacIoOperations,0
oh,PatVacManager,getProgYear,PatVacIoOperations,0
oh,PatVacManager,validatePatientVaccine,PatientVaccine,0
oh,PatientVaccine,PatientVaccine,Vaccine,0
oh,PatientVaccine,getPatient,Patient,0
oh,PatientVaccine,setPatient,Patient,0
oh,PatientVaccine,getVaccine,Vaccine,0
oh,PatientVaccine,setVaccine,Vaccine,0
oh,PatientVaccine,getPatName,Patient,0
oh,PatientVaccine,getPatAge,Patient,0
oh,PatientVaccine,getPatSex,Patient,0
oh,PatientVaccine,hashCode,Vaccine,0
oh,PatVacIoOperations,newPatientVaccine,PatientVaccine,0
oh,PatVacIoOperations,updatePatientVaccine,PatientVaccine,0
oh,PatVacIoOperations,deletePatientVaccine,PatientVaccine,0
oh,VaccinePatientMergedEventListener,handle,PatVacIoOperations,1
oh,PregnantTreatmentTypeBrowserManager,getPregnantTreatmentType,PregnantTreatmentTypeIoOperation,0
oh,PregnantTreatmentTypeBrowserManager,newPregnantTreatmentType,PregnantTreatmentTypeIoOperation,0
oh,PregnantTreatmentTypeBrowserManager,updatePregnantTreatmentType,PregnantTreatmentTypeIoOperation,0
oh,PregnantTreatmentTypeBrowserManager,deletePregnantTreatmentType,PregnantTreatmentTypeIoOperation,0
oh,PregnantTreatmentTypeBrowserManager,isCodePresent,PregnantTreatmentTypeIoOperation,0
oh,PregnantTreatmentTypeBrowserManager,validatePregnantTreatmentType,PregnantTreatmentType,1
oh,PregnantTreatmentTypeIoOperation,newPregnantTreatmentType,PregnantTreatmentType,0
oh,PregnantTreatmentTypeIoOperation,updatePregnantTreatmentType,PregnantTreatmentType,0
oh,PregnantTreatmentTypeIoOperation,deletePregnantTreatmentType,PregnantTreatmentType,0
oh,PriceListManager,getLists,PricesListIoOperations,0
oh,PriceListManager,getPrices,PricesListIoOperations,0
oh,PriceListManager,updatePrices,PricesListIoOperations,0
oh,PriceListManager,newList,PricesListIoOperations,0
oh,PriceListManager,updateList,PricesListIoOperations,0
oh,PriceListManager,deleteList,PricesListIoOperations,0
oh,PriceListManager,copyList,PriceList,0
oh,PriceListManager,copyList,PricesListIoOperations,0
oh,PriceListManager,convertPrice,PriceList,0
oh,PriceListManager,validatePriceList,PriceList,0
oh,Price,Price,PriceList,0
oh,Price,Price,PriceList,0
oh,Price,Price,PriceList,0
oh,Price,getList,PriceList,0
oh,Price,setList,PriceList,0
oh,PricesListIoOperations,updatePrices,PriceList,0
oh,PricesListIoOperations,newList,PriceList,0
oh,PricesListIoOperations,updateList,PriceList,0
oh,PricesListIoOperations,deleteList,PriceList,0
oh,PricesListIoOperations,copyList,PriceList,0
oh,PricesListIoOperations,insertNewPriceList,PriceList,1
oh,PricesOthersManager,getOthers,PriceOthersIoOperations,0
oh,PricesOthersManager,newOther,PriceOthersIoOperations,0
oh,PricesOthersManager,deleteOther,PriceOthersIoOperations,0
oh,PricesOthersManager,updateOther,PriceOthersIoOperations,0
oh,PricesOthersManager,validatePricesOthers,PricesOthers,0
oh,PriceOthersIoOperations,newOthers,PricesOthers,0
oh,PriceOthersIoOperations,deleteOthers,PricesOthers,0
oh,PriceOthersIoOperations,updateOther,PricesOthers,0
oh,PrintManager,print,HospitalBrowsingManager,0
oh,Medical4Print,Medical4Print,Medical,0
oh,MedicalWardForPrint,MedicalWardForPrint,Ward,0
oh,MedicalWardForPrint,getWard,Ward,0
oh,MedicalWardForPrint,getMedical,Medical,0
oh,MedicalWardForPrint,compareTo,Medical,0
oh,Movement4Print,Movement4Print,Movement,0
oh,MovementForPrint,MovementForPrint,Movement,0
oh,MovementForPrint,compareTo,MovementForPrint,0
oh,MovementWardForPrint,MovementWardForPrint,MovementWard,0
oh,MovementWardForPrint,compareTo,MovementWardForPrint,0
oh,PriceForPrint,compareTo,PriceForPrint,0
oh,SmsManager,validateSms,Sms,0
oh,SmsManager,getAll,SmsOperations,0
oh,SmsManager,saveOrUpdate,SmsOperations,0
oh,SmsManager,delete,SmsOperations,0
oh,GSMGatewayService,sendSMS,Sms,0
oh,GSMGatewayService,sendSMS,Sms,0
oh,GSMParameters,getGSMParameters,GSMParameters,0
oh,SkebbyGatewayConverter,toServiceDTO,Sms,0
oh,SkebbyGatewayService,sendSMS,SkebbyGatewayConverter,0
oh,TextbeltGatewayConverter,toServiceDTO,Sms,0
oh,TextbeltGatewayService,sendSMS,TextbeltGatewayConverter,0
oh,SmsOperations,saveOrUpdate,Sms,0
oh,SmsOperations,delete,Sms,0
oh,SmsSenderOperations,preSMSSending,Sms,0
oh,SmsSenderOperations,sendSMS,Sms,0
oh,JasperReportsManager,getExamsListPdf,HospitalBrowsingManager,0
oh,JasperReportsManager,getDiseasesListPdf,HospitalBrowsingManager,0
oh,JasperReportsManager,getGenericReportBillGroupedPdf,Patient,0
oh,JasperReportsManager,getGenericReportBillGroupedTxt,Patient,0
oh,JasperReportsManager,getGenericReportPharmaceuticalStockCardPdf,Ward,0
oh,JasperReportsManager,getGenericReportPharmaceuticalStockCardExcel,Ward,0
oh,JasperReportsManager,getGenericReportPharmaceuticalStockWardPdf,Ward,0
oh,JasperReportsManager,getHospitalParameters,HospitalBrowsingManager,0
oh,SupplierBrowserManager,saveOrUpdate,SupplierOperations,0
oh,SupplierBrowserManager,getByID,SupplierOperations,0
oh,SupplierBrowserManager,getAll,SupplierOperations,0
oh,SupplierBrowserManager,getList,SupplierOperations,0
oh,SupplierBrowserManager,getHashMap,SupplierOperations,0
oh,SupplierOperations,saveOrUpdate,Supplier,0
oh,TherapyManager,createTherapy,TherapyRow,0
oh,TherapyManager,createTherapy,MedicalBrowsingManager,0
oh,TherapyManager,getTherapyRows,TherapyIoOperations,0
oh,TherapyManager,newTherapy,TherapyIoOperations,0
oh,TherapyManager,newTherapies,SmsOperations,0
oh,TherapyManager,prepareSmsFromTherapy,Therapy,0
oh,TherapyManager,deleteAllTherapies,TherapyIoOperations,0
oh,TherapyManager,getMedicalsOutOfStock,MovWardBrowserManager,0
oh,TherapyManager,newTherapy,PatientBrowserManager,0
oh,TherapyManager,getTherapyRow,PatientBrowserManager,0
oh,Therapy,Therapy,Medical,0
oh,Therapy,getMedical,Medical,0
oh,Therapy,setMedical,Medical,0
oh,Therapy,toString,Medical,0
oh,TherapyRow,TherapyRow,Medical,0
oh,TherapyRow,getPatient,Patient,0
oh,TherapyRow,setPatient,Patient,0
oh,TherapyRow,setMedical,Medical,0
oh,TherapyIoOperations,newTherapy,TherapyRow,0
oh,TherapyIoOperations,deleteAllTherapies,Patient,0
oh,TherapyPatientMergedEventListener,handle,TherapyIoOperations,0
oh,OHDBConnectionException,OHDBConnectionException,OHExceptionMessage,0
oh,OHDBConnectionException,OHDBConnectionException,OHExceptionMessage,0
oh,OHDataIntegrityViolationException,OHDataIntegrityViolationException,OHExceptionMessage,0
oh,OHDataIntegrityViolationException,OHDataIntegrityViolationException,OHExceptionMessage,0
oh,OHDataLockFailureException,OHDataLockFailureException,OHExceptionMessage,0
oh,OHDataLockFailureException,OHDataLockFailureException,OHExceptionMessage,0
oh,OHDataValidationException,OHDataValidationException,OHExceptionMessage,0
oh,OHDicomException,OHDicomException,OHExceptionMessage,0
oh,OHDicomException,OHDicomException,OHExceptionMessage,0
oh,OHInvalidSQLException,OHInvalidSQLException,OHExceptionMessage,0
oh,OHInvalidSQLException,OHInvalidSQLException,OHExceptionMessage,0
oh,OHOperationNotAllowedException,OHOperationNotAllowedException,OHExceptionMessage,0
oh,OHReportException,OHReportException,OHExceptionMessage,0
oh,OHServiceException,OHServiceException,OHExceptionMessage,0
oh,OHServiceException,OHServiceException,OHExceptionMessage,0
oh,JTreeTable,setModel,TreeTableCellRenderer,0
oh,JTreeTable,getTree,TreeTableCellRenderer,0
oh,TreeTableCellRenderer,TreeTableCellRenderer,JTreeTable,0
oh,TreeTableCellRenderer,setBounds,JTreeTable,0
oh,VaccineBrowserManager,validateVaccine,Vaccine,0
oh,VaccineBrowserManager,getVaccine,VaccineIoOperations,0
oh,VaccineBrowserManager,newVaccine,VaccineIoOperations,0
oh,VaccineBrowserManager,updateVaccine,VaccineIoOperations,0
oh,VaccineBrowserManager,deleteVaccine,VaccineIoOperations,0
oh,VaccineBrowserManager,isCodePresent,VaccineIoOperations,0
oh,VaccineBrowserManager,findVaccine,VaccineIoOperations,0
oh,Vaccine,Vaccine,VaccineType,0
oh,Vaccine,getVaccineType,VaccineType,0
oh,Vaccine,setVaccineType,VaccineType,0
oh,VaccineIoOperations,newVaccine,Vaccine,0
oh,VaccineIoOperations,updateVaccine,Vaccine,0
oh,VaccineIoOperations,deleteVaccine,Vaccine,0
oh,VaccineTypeBrowserManager,validateVaccineType,VaccineType,1
oh,VaccineTypeBrowserManager,getVaccineType,VacTypeIoOperation,0
oh,VaccineTypeBrowserManager,newVaccineType,VacTypeIoOperation,0
oh,VaccineTypeBrowserManager,updateVaccineType,VacTypeIoOperation,0
oh,VaccineTypeBrowserManager,deleteVaccineType,VacTypeIoOperation,0
oh,VaccineTypeBrowserManager,isCodePresent,VacTypeIoOperation,0
oh,VaccineTypeBrowserManager,findVaccineType,VacTypeIoOperation,0
oh,VacTypeIoOperation,newVaccineType,VaccineType,0
oh,VacTypeIoOperation,updateVaccineType,VaccineType,0
oh,VacTypeIoOperation,deleteVaccineType,VaccineType,0
oh,VisitManager,validateVisit,Visit,1
oh,VisitManager,getVisits,VisitsIoOperations,0
oh,VisitManager,getVisitsOPD,VisitsIoOperations,0
oh,VisitManager,getVisitsWard,VisitsIoOperations,0
oh,VisitManager,newVisit,VisitsIoOperations,0
oh,VisitManager,deleteVisit,VisitsIoOperations,0
oh,VisitManager,newVisits,SmsOperations,0
oh,VisitManager,deleteAllVisits,SmsOperations,0
oh,VisitManager,prepareSmsFromVisit,Visit,0
oh,VisitManager,findVisit,VisitsIoOperations,0
oh,Visit,Visit,Ward,0
oh,Visit,getPatient,Patient,0
oh,Visit,setPatient,Patient,0
oh,Visit,getWard,Ward,0
oh,Visit,setWard,Ward,0
oh,Visit,toString,Ward,0
oh,VisitsIoOperations,newVisit,Visit,0
oh,VisitsIoOperations,deleteVisit,Visit,0
oh,VisitsPatientMergedEventListener,handle,VisitsIoOperations,1
oh,WardBrowserManager,validateWard,Ward,1
oh,WardBrowserManager,getWards,WardIoOperations,0
oh,WardBrowserManager,getWards,WardIoOperations,0
oh,WardBrowserManager,getWardsNoMaternity,WardIoOperations,0
oh,WardBrowserManager,newWard,WardIoOperations,0
oh,WardBrowserManager,updateWard,WardIoOperations,0
oh,WardBrowserManager,deleteWard,WardIoOperations,0
oh,WardBrowserManager,isCodePresent,WardIoOperations,0
oh,WardBrowserManager,maternityControl,WardIoOperations,0
oh,WardBrowserManager,getCurrentOccupation,WardIoOperations,0
oh,WardBrowserManager,findWard,WardIoOperations,0
oh,WardIoOperations,getCurrentOccupation,Ward,0
oh,WardIoOperations,newWard,Ward,0
oh,WardIoOperations,updateWard,Ward,0
oh,WardIoOperations,deleteWard,Ward,0
oh,ComplexCellRender,ComplexCellRender,Server,0
oh,ComplexCellRender,getListCellRendererComponent,Server,0
oh,Interaction,sendMessage,Server,0
oh,Interaction,sendFile,Server,0
oh,Interaction,getChatManager,Server,0
oh,Interaction,getConnection,Server,0
oh,Interaction,getRoster,Server,0
oh,Interaction,getServer,Server,0
oh,Server,getInstance,Server,0
rxJava,Completable,timeout0,Scheduler,0
rxJava,Functions,timestampWith,Scheduler,0
rxJava,BlockingDisposableMultiObserver,dispose,SequentialDisposable,0
rxJava,BlockingDisposableMultiObserver,isDisposed,SequentialDisposable,0
rxJava,BlockingDisposableMultiObserver,onSubscribe,SequentialDisposable,0
rxJava,BlockingDisposableMultiObserver,onSuccess,SequentialDisposable,0
rxJava,BlockingDisposableMultiObserver,onError,SequentialDisposable,0
rxJava,BlockingDisposableMultiObserver,onComplete,SequentialDisposable,0
rxJava,CompletableDelay,CompletableDelay,Scheduler,0
rxJava,CompletableDelay,subscribeActual,Scheduler,0
rxJava,CompletableDisposeOn,CompletableDisposeOn,Scheduler,0
rxJava,CompletableDisposeOn,subscribeActual,Scheduler,0
rxJava,CompletableMaterialize,CompletableMaterialize,Completable,0
rxJava,CompletableMaterialize,subscribeActual,Completable,0
rxJava,CompletableObserveOn,CompletableObserveOn,Scheduler,0
rxJava,CompletableObserveOn,subscribeActual,Scheduler,0
rxJava,CompletableSubscribeOn,CompletableSubscribeOn,Scheduler,0
rxJava,CompletableSubscribeOn,subscribeActual,Scheduler,0
rxJava,CompletableTakeUntilCompletable,CompletableTakeUntilCompletable,Completable,0
rxJava,CompletableTakeUntilCompletable,subscribeActual,Completable,0
rxJava,CompletableTimeout,CompletableTimeout,Scheduler,0
rxJava,CompletableTimeout,subscribeActual,Scheduler,0
rxJava,CompletableTimer,CompletableTimer,Scheduler,0
rxJava,CompletableTimer,subscribeActual,Scheduler,0
rxJava,FlowableBufferTimed,FlowableBufferTimed,Scheduler,0
rxJava,FlowableBufferTimed,subscribeActual,Scheduler,0
rxJava,FlowableConcatMapScheduler,FlowableConcatMapScheduler,Scheduler,0
rxJava,FlowableConcatMapScheduler,subscribeActual,Scheduler,0
rxJava,FlowableDebounceTimed,FlowableDebounceTimed,Scheduler,0
rxJava,FlowableDebounceTimed,subscribeActual,Scheduler,0
rxJava,FlowableDelay,FlowableDelay,Scheduler,0
rxJava,FlowableDelay,subscribeActual,Scheduler,0
rxJava,FlowableInterval,FlowableInterval,Scheduler,0
rxJava,FlowableInterval,subscribeActual,Scheduler,0
rxJava,FlowableIntervalRange,FlowableIntervalRange,Scheduler,0
rxJava,FlowableIntervalRange,subscribeActual,Scheduler,1
rxJava,FlowableObserveOn,FlowableObserveOn,Scheduler,0
rxJava,FlowableObserveOn,subscribeActual,Scheduler,0
rxJava,FlowableRefCount,FlowableRefCount,Scheduler,0
rxJava,FlowableRefCount,cancel,Scheduler,0
rxJava,FlowableReplay,create,Scheduler,0
rxJava,FlowableSampleTimed,FlowableSampleTimed,Scheduler,0
rxJava,FlowableSampleTimed,subscribeActual,Scheduler,0
rxJava,FlowableSkipLastTimed,FlowableSkipLastTimed,Scheduler,0
rxJava,FlowableSkipLastTimed,subscribeActual,Scheduler,0
rxJava,FlowableSubscribeOn,FlowableSubscribeOn,Scheduler,0
rxJava,FlowableSubscribeOn,subscribeActual,Scheduler,0
rxJava,FlowableTakeLastTimed,FlowableTakeLastTimed,Scheduler,0
rxJava,FlowableTakeLastTimed,subscribeActual,Scheduler,0
rxJava,FlowableThrottleFirstTimed,FlowableThrottleFirstTimed,Scheduler,0
rxJava,FlowableThrottleFirstTimed,subscribeActual,Scheduler,0
rxJava,FlowableThrottleLatest,FlowableThrottleLatest,Scheduler,0
rxJava,FlowableThrottleLatest,subscribeActual,Scheduler,0
rxJava,FlowableTimeInterval,FlowableTimeInterval,Scheduler,0
rxJava,FlowableTimeInterval,subscribeActual,Scheduler,0
rxJava,FlowableTimeoutTimed,FlowableTimeoutTimed,Scheduler,0
rxJava,FlowableTimeoutTimed,subscribeActual,Scheduler,0
rxJava,FlowableTimer,FlowableTimer,Scheduler,0
rxJava,FlowableTimer,subscribeActual,Scheduler,0
rxJava,FlowableUnsubscribeOn,FlowableUnsubscribeOn,Scheduler,0
rxJava,FlowableUnsubscribeOn,subscribeActual,Scheduler,0
rxJava,FlowableWindowTimed,FlowableWindowTimed,Scheduler,0
rxJava,FlowableWindowTimed,subscribeActual,Scheduler,0
rxJava,MaybeDelay,MaybeDelay,Scheduler,0
rxJava,MaybeDelay,subscribeActual,Scheduler,0
rxJava,MaybeObserveOn,MaybeObserveOn,Scheduler,0
rxJava,MaybeObserveOn,subscribeActual,Scheduler,0
rxJava,MaybeSubscribeOn,MaybeSubscribeOn,Scheduler,0
rxJava,MaybeSubscribeOn,subscribeActual,Scheduler,0
rxJava,MaybeTimeInterval,MaybeTimeInterval,Scheduler,0
rxJava,MaybeTimeInterval,subscribeActual,Scheduler,0
rxJava,MaybeTimer,MaybeTimer,Scheduler,0
rxJava,MaybeTimer,subscribeActual,Scheduler,0
rxJava,MaybeUnsubscribeOn,MaybeUnsubscribeOn,Scheduler,0
rxJava,MaybeUnsubscribeOn,subscribeActual,Scheduler,0
rxJava,ConcatMapXMainObserver,dispose,AtomicThrowable,0
rxJava,ConcatMapXMainSubscriber,stop,AtomicThrowable,0
rxJava,ObservableBufferTimed,ObservableBufferTimed,Scheduler,0
rxJava,ObservableBufferTimed,subscribeActual,Scheduler,0
rxJava,ObservableConcatMapScheduler,ObservableConcatMapScheduler,Scheduler,0
rxJava,ObservableConcatMapScheduler,subscribeActual,Scheduler,0
rxJava,ObservableDebounceTimed,ObservableDebounceTimed,Scheduler,0
rxJava,ObservableDebounceTimed,subscribeActual,Scheduler,0
rxJava,ObservableDelay,ObservableDelay,Scheduler,0
rxJava,ObservableDelay,subscribeActual,Scheduler,0
rxJava,ObservableInterval,ObservableInterval,Scheduler,0
rxJava,ObservableInterval,subscribeActual,Scheduler,0
rxJava,ObservableIntervalRange,ObservableIntervalRange,Scheduler,0
rxJava,ObservableIntervalRange,subscribeActual,Scheduler,0
rxJava,ObservableObserveOn,ObservableObserveOn,Scheduler,0
rxJava,ObservableObserveOn,subscribeActual,Scheduler,0
rxJava,ObservableRefCount,ObservableRefCount,Scheduler,0
rxJava,ObservableRefCount,cancel,Scheduler,0
rxJava,ObservableReplay,create,Scheduler,0
rxJava,ObservableSampleTimed,ObservableSampleTimed,Scheduler,0
rxJava,ObservableSampleTimed,subscribeActual,Scheduler,0
rxJava,ObservableSkipLastTimed,ObservableSkipLastTimed,Scheduler,0
rxJava,ObservableSkipLastTimed,subscribeActual,Scheduler,0
rxJava,ObservableSubscribeOn,ObservableSubscribeOn,Scheduler,0
rxJava,ObservableSubscribeOn,subscribeActual,Scheduler,0
rxJava,ObservableTakeLastTimed,ObservableTakeLastTimed,Scheduler,0
rxJava,ObservableTakeLastTimed,subscribeActual,Scheduler,0
rxJava,ObservableThrottleFirstTimed,ObservableThrottleFirstTimed,Scheduler,0
rxJava,ObservableThrottleFirstTimed,subscribeActual,Scheduler,0
rxJava,ObservableThrottleLatest,ObservableThrottleLatest,Scheduler,0
rxJava,ObservableThrottleLatest,subscribeActual,Scheduler,0
rxJava,ObservableTimeInterval,ObservableTimeInterval,Scheduler,0
rxJava,ObservableTimeInterval,subscribeActual,Scheduler,0
rxJava,ObservableTimeoutTimed,ObservableTimeoutTimed,Scheduler,0
rxJava,ObservableTimeoutTimed,subscribeActual,Scheduler,0
rxJava,ObservableTimer,ObservableTimer,Scheduler,0
rxJava,ObservableTimer,subscribeActual,Scheduler,0
rxJava,ObservableUnsubscribeOn,ObservableUnsubscribeOn,Scheduler,0
rxJava,ObservableUnsubscribeOn,subscribeActual,Scheduler,0
rxJava,ObservableWindowTimed,ObservableWindowTimed,Scheduler,0
rxJava,ObservableWindowTimed,subscribeActual,Scheduler,0
rxJava,ParallelRunOn,ParallelRunOn,Scheduler,0
rxJava,ParallelRunOn,subscribe,Scheduler,0
rxJava,SingleDelay,SingleDelay,Scheduler,0
rxJava,SingleObserveOn,SingleObserveOn,Scheduler,0
rxJava,SingleObserveOn,subscribeActual,Scheduler,0
rxJava,SingleSubscribeOn,SingleSubscribeOn,Scheduler,0
rxJava,SingleSubscribeOn,subscribeActual,Scheduler,0
rxJava,SingleTimeInterval,SingleTimeInterval,Scheduler,0
rxJava,SingleTimeInterval,subscribeActual,Scheduler,0
rxJava,SingleTimeout,SingleTimeout,Scheduler,0
rxJava,SingleTimeout,subscribeActual,Scheduler,0
rxJava,SingleTimer,SingleTimer,Scheduler,0
rxJava,SingleTimer,subscribeActual,Scheduler,0
rxJava,SingleUnsubscribeOn,SingleUnsubscribeOn,Scheduler,0
rxJava,SingleUnsubscribeOn,subscribeActual,Scheduler,0
rxJava,SchedulerWhen,SchedulerWhen,Scheduler,0
rxJava,SchedulerWhen,createWorker,Scheduler,0
rxJava,TrampolineScheduler,instance,TrampolineScheduler,0
rxJava,TrampolineScheduler,scheduleDirect,TrampolineScheduler,0
rxJava,TrampolineScheduler,scheduleDirect,TrampolineScheduler,0
rxJava,StrictSubscriber,onNext,AtomicThrowable,0
rxJava,StrictSubscriber,onError,AtomicThrowable,0
rxJava,StrictSubscriber,onComplete,AtomicThrowable,0
rxJava,HalfSerializer,onNext,AtomicThrowable,0
rxJava,HalfSerializer,onError,AtomicThrowable,0
rxJava,HalfSerializer,onComplete,AtomicThrowable,0
rxJava,HalfSerializer,onNext,AtomicThrowable,0
rxJava,HalfSerializer,onError,AtomicThrowable,0
rxJava,HalfSerializer,onComplete,AtomicThrowable,0
rxJava,ResourceCompletableObserver,add,ListCompositeDisposable,0
rxJava,ResourceCompletableObserver,dispose,ListCompositeDisposable,0
rxJava,ResourceMaybeObserver,add,ListCompositeDisposable,0
rxJava,ResourceMaybeObserver,dispose,ListCompositeDisposable,0
rxJava,ResourceObserver,add,ListCompositeDisposable,0
rxJava,ResourceObserver,dispose,ListCompositeDisposable,0
rxJava,ResourceSingleObserver,add,ListCompositeDisposable,0
rxJava,ResourceSingleObserver,dispose,ListCompositeDisposable,0
rxJava,Schedulers,computation,Scheduler,0
rxJava,Schedulers,io,Scheduler,0
rxJava,Schedulers,trampoline,Scheduler,0
rxJava,Schedulers,newThread,Scheduler,0
rxJava,Schedulers,single,Scheduler,0
rxJava,ResourceSubscriber,add,ListCompositeDisposable,0
rxJava,ResourceSubscriber,dispose,ListCompositeDisposable,0
junit4,ActiveTestSuite,run,TestResult,0
junit4,RepeatedTest,run,TestResult,0
junit4,TestDecorator,basicRun,TestResult,0
junit4,TestDecorator,run,TestResult,0
junit4,JUnit4TestAdapter,JUnit4TestAdapter,JUnit4TestAdapterCache,0
junit4,JUnit4TestAdapter,countTestCases,Runner,0
junit4,JUnit4TestAdapter,run,JUnit4TestAdapterCache,0
junit4,JUnit4TestAdapter,getTests,JUnit4TestAdapterCache,0
junit4,JUnit4TestAdapter,getDescription,Runner,0
junit4,JUnit4TestAdapter,removeIgnored,Description,1
junit4,JUnit4TestAdapter,isIgnored,Description,0
junit4,JUnit4TestAdapter,filter,Runner,0
junit4,JUnit4TestAdapter,sort,Runner,0
junit4,JUnit4TestAdapter,order,Runner,0
junit4,JUnit4TestAdapterCache,getDefault,JUnit4TestAdapterCache,0
junit4,JUnit4TestAdapterCache,asTest,Description,0
junit4,JUnit4TestAdapterCache,createTest,Description,0
junit4,JUnit4TestAdapterCache,asTestList,Description,0
junit4,JUnit4TestCaseFacade,JUnit4TestCaseFacade,Description,0
junit4,JUnit4TestCaseFacade,run,TestResult,0
junit4,JUnit4TestCaseFacade,getDescription,Description,0
junit4,TestCase,run,TestResult,0
junit4,TestResult,addFailure,AssertionFailedError,0
junit4,TestSuite,run,TestResult,0
junit4,TestSuite,runTest,TestResult,0
junit4,ResultPrinter,print,TestResult,1
junit4,ResultPrinter,printErrors,TestResult,1
junit4,ResultPrinter,printFailures,TestResult,1
junit4,ResultPrinter,printDefect,TestFailure,0
junit4,ResultPrinter,printDefectHeader,TestFailure,0
junit4,ResultPrinter,printDefectTrace,TestFailure,0
junit4,ResultPrinter,printFooter,TestResult,0
junit4,ResultPrinter,addFailure,AssertionFailedError,0
junit4,TestRunner,TestRunner,ResultPrinter,0
junit4,TestRunner,doRun,ResultPrinter,0
junit4,TestRunner,pause,ResultPrinter,0
junit4,TestRunner,setPrinter,ResultPrinter,0
junit4,ParallelComputer,parallelize,Runner,0
junit4,ParallelComputer,getSuite,RunnerBuilder,0
junit4,ParallelComputer,getRunner,RunnerBuilder,0
junit4,Categories,Categories,RunnerBuilder,0
junit4,CategoryFilterFactory,createFilter,FilterFactoryParams,0
junit4,CategoryValidator,validateAnnotatedMethod,FrameworkMethod,0
junit4,MaxCore,run,Request,0
junit4,MaxCore,run,MaxHistory,0
junit4,MaxCore,sortRequest,MaxHistory,0
junit4,MaxCore,buildRunner,Description,0
junit4,MaxCore,getMalformedTestClass,Description,0
junit4,MaxCore,sortedLeavesForTest,Request,0
junit4,MaxCore,findLeaves,Request,0
junit4,MaxCore,findLeaves,Description,0
junit4,MaxHistory,getFailureTimestamp,Description,0
junit4,MaxHistory,putTestFailureTimestamp,Description,0
junit4,MaxHistory,isNewTest,Description,0
junit4,MaxHistory,getTestDuration,Description,0
junit4,MaxHistory,putTestDuration,Description,0
junit4,PrintableResult,testResult,Request,0
junit4,PrintableResult,PrintableResult,Result,0
junit4,PrintableResult,failureCount,Result,0
junit4,PrintableResult,failures,Result,0
junit4,PrintableResult,toString,Result,0
junit4,Enclosed,Enclosed,RunnerBuilder,0
junit4,ParameterSupplier,getValueSources,ParameterSignature,0
junit4,Theories,Theories,TestClass,0
junit4,AllMembersSupplier,AllMembersSupplier,TestClass,0
junit4,AllMembersSupplier,getValueSources,ParameterSignature,0
junit4,AllMembersSupplier,addMultiPointMethods,ParameterSignature,0
junit4,AllMembersSupplier,addSinglePointMethods,ParameterSignature,0
junit4,AllMembersSupplier,addMultiPointFields,ParameterSignature,0
junit4,AllMembersSupplier,addSinglePointFields,ParameterSignature,0
junit4,AllMembersSupplier,addDataPointsValues,ParameterSignature,0
junit4,AllMembersSupplier,addArrayValues,ParameterSignature,0
junit4,AllMembersSupplier,addIterableValues,ParameterSignature,0
junit4,AllMembersSupplier,getDataPointsMethods,TestClass,0
junit4,AllMembersSupplier,getSingleDataPointFields,TestClass,0
junit4,AllMembersSupplier,getDataPointsFields,TestClass,0
junit4,AllMembersSupplier,getSingleDataPointMethods,TestClass,0
junit4,Assignments,Assignments,TestClass,0
junit4,Assignments,allUnassigned,TestClass,0
junit4,Assignments,assignNext,TestClass,0
junit4,Assignments,generateAssignmentsFromTypeAlone,ParameterSignature,0
junit4,Assignments,getSupplier,TestClass,0
junit4,Assignments,buildParameterSupplierFromClass,TestClass,0
junit4,Assignments,getConstructorParameterCount,TestClass,0
junit4,BooleanSupplier,getValueSources,ParameterSignature,0
junit4,EnumSupplier,getValueSources,ParameterSignature,0
junit4,SpecificDataPointsSupplier,SpecificDataPointsSupplier,TestClass,0
junit4,SpecificDataPointsSupplier,getSingleDataPointFields,ParameterSignature,0
junit4,SpecificDataPointsSupplier,getDataPointsFields,ParameterSignature,0
junit4,SpecificDataPointsSupplier,getSingleDataPointMethods,ParameterSignature,0
junit4,SpecificDataPointsSupplier,getDataPointsMethods,ParameterSignature,0
junit4,TestedOnSupplier,getValueSources,ParameterSignature,0
junit4,AssumptionViolatedException,describeTo,Description,0
junit4,SerializableMatcherDescription,describeTo,Description,0
junit4,TextListener,testRunFinished,Result,0
junit4,TextListener,testStarted,Description,0
junit4,TextListener,testFailure,Failure,0
junit4,TextListener,testIgnored,Description,0
junit4,TextListener,printFailures,Result,1
junit4,TextListener,printFailure,Failure,0
junit4,TextListener,printFooter,Result,0
junit4,AnnotatedBuilder,AnnotatedBuilder,RunnerBuilder,0
junit4,AnnotatedBuilder,buildRunner,RunnerBuilder,0
junit4,IgnoredClassRunner,run,RunNotifier,0
junit4,StacktracePrintingMatcher,describeTo,Description,0
junit4,StacktracePrintingMatcher,describeMismatchSafely,Description,1
junit4,ThrowableCauseMatcher,describeTo,Description,1
junit4,ThrowableCauseMatcher,describeMismatchSafely,Description,1
junit4,ThrowableMessageMatcher,describeTo,Description,1
junit4,ThrowableMessageMatcher,describeMismatchSafely,Description,1
junit4,FilterRequest,FilterRequest,Filter,0
junit4,FilterRequest,getRunner,Request,0
junit4,MemoizingRequest,getRunner,Runner,0
junit4,OrderingRequest,OrderingRequest,Ordering,0
junit4,OrderingRequest,createRunner,Ordering,0
junit4,SortingRequest,SortingRequest,Request,0
junit4,SortingRequest,getRunner,Request,0
junit4,ClassRoadie,ClassRoadie,Description,0
junit4,ClassRoadie,addFailure,Description,0
junit4,ClassRoadie,runBefores,TestClass,0
junit4,ClassRoadie,runAfters,TestClass,0
junit4,ErrorReportingRunner,run,RunNotifier,0
junit4,ErrorReportingRunner,runCause,RunNotifier,0
junit4,JUnit38ClassRunner,run,RunNotifier,0
junit4,JUnit38ClassRunner,getAnnotations,TestCase,0
junit4,JUnit38ClassRunner,createSuiteDescription,TestSuite,0
junit4,JUnit38ClassRunner,filter,Filter,0
junit4,JUnit38ClassRunner,sort,Sorter,0
junit4,JUnit38ClassRunner,order,Orderer,0
junit4,JUnit4ClassRunner,getTestMethods,TestClass,0
junit4,JUnit4ClassRunner,validate,TestClass,0
junit4,JUnit4ClassRunner,run,TestClass,0
junit4,JUnit4ClassRunner,classAnnotations,TestClass,0
junit4,JUnit4ClassRunner,invokeTestMethod,RunNotifier,0
junit4,JUnit4ClassRunner,testAborted,Description,1
junit4,JUnit4ClassRunner,wrapMethod,TestClass,0
junit4,JUnit4ClassRunner,filter,Filter,0
junit4,JUnit4ClassRunner,getTestClass,TestClass,0
junit4,MethodRoadie,MethodRoadie,Description,0
junit4,MethodRoadie,run,Description,0
junit4,MethodRoadie,runTestMethod,TestMethod,0
junit4,MethodRoadie,runBefores,TestMethod,0
junit4,MethodRoadie,runAfters,TestMethod,0
junit4,MethodRoadie,addFailure,Description,0
junit4,MethodValidator,MethodValidator,TestClass,0
junit4,MethodValidator,validateInstanceMethods,TestClass,0
junit4,MethodValidator,validateNoArgConstructor,TestClass,0
junit4,MethodValidator,validateTestMethods,TestClass,0
junit4,TestMethod,TestMethod,TestClass,0
junit4,TestMethod,getBefores,TestClass,0
junit4,TestMethod,getAfters,TestClass,0
junit4,EachTestNotifier,EachTestNotifier,Description,0
junit4,EachTestNotifier,addFailure,Description,0
junit4,EachTestNotifier,addMultipleFailureException,MultipleFailureException,0
junit4,EachTestNotifier,addFailedAssumption,Description,0
junit4,EachTestNotifier,fireTestFinished,Description,0
junit4,EachTestNotifier,fireTestStarted,Description,0
junit4,EachTestNotifier,fireTestIgnored,Description,0
junit4,EachTestNotifier,fireTestSuiteStarted,Description,0
junit4,EachTestNotifier,fireTestSuiteFinished,Description,0
junit4,RuleMemberValidator,validate,TestClass,0
junit4,ExpectException,ExpectException,Statement,0
junit4,ExpectException,evaluate,Statement,0
junit4,FailOnTimeout,FailOnTimeout,Statement,0
junit4,FailOnTimeout,FailOnTimeout,Statement,0
junit4,InvokeMethod,InvokeMethod,FrameworkMethod,0
junit4,InvokeMethod,evaluate,FrameworkMethod,0
junit4,RunAfters,RunAfters,Statement,0
junit4,RunAfters,evaluate,Statement,0
junit4,RunAfters,invokeMethod,FrameworkMethod,0
junit4,RunBefores,RunBefores,Statement,0
junit4,RunBefores,evaluate,Statement,0
junit4,RunBefores,invokeMethod,FrameworkMethod,0
junit4,DisableOnDebug,apply,Description,0
junit4,ExpectedException,apply,Statement,0
junit4,ExpectedException,expect,ExpectedExceptionMatcherBuilder,0
junit4,ExpectedException,isAnyExceptionExpected,ExpectedExceptionMatcherBuilder,0
junit4,ExpectedException,handleException,ExpectedExceptionMatcherBuilder,0
junit4,ExpectedException,missingExceptionMessage,ExpectedExceptionMatcherBuilder,0
junit4,ExternalResource,apply,Description,0
junit4,RuleChain,emptyRuleChain,RuleChain,0
junit4,RuleChain,apply,Description,0
junit4,RunRules,RunRules,Description,0
junit4,RunRules,evaluate,Statement,0
junit4,RunRules,applyAll,Description,0
junit4,Stopwatch,succeeded,Description,0
junit4,Stopwatch,failed,Description,0
junit4,Stopwatch,skipped,Description,0
junit4,Stopwatch,finished,Description,0
junit4,Stopwatch,apply,Description,0
junit4,TestName,starting,Description,0
junit4,TestWatcher,succeededQuietly,Description,0
junit4,TestWatcher,failedQuietly,Description,0
junit4,TestWatcher,skippedQuietly,Description,0
junit4,TestWatcher,startingQuietly,Description,0
junit4,TestWatcher,finishedQuietly,Description,0
junit4,TestWatcher,succeeded,Description,0
junit4,TestWatcher,failed,Description,0
junit4,TestWatcher,skipped,Description,0
junit4,TestWatcher,skipped,Description,0
junit4,TestWatcher,starting,Description,0
junit4,TestWatcher,finished,Description,0
junit4,TestWatchman,succeeded,FrameworkMethod,0
junit4,TestWatchman,failed,FrameworkMethod,0
junit4,TestWatchman,starting,FrameworkMethod,0
junit4,TestWatchman,finished,FrameworkMethod,0
junit4,Timeout,createFailOnTimeoutStatement,Statement,0
junit4,Timeout,apply,Description,0
junit4,Verifier,apply,Description,0
junit4,Computer,getRunner,RunnerBuilder,0
junit4,Description,addChild,Description,0
junit4,Description,isEmpty,Description,0
junit4,FilterFactories,createFilterFromFilterSpec,Request,0
junit4,FilterFactories,createFilter,FilterFactoryParams,0
junit4,FilterFactories,createFilter,FilterFactoryParams,0
junit4,FilterFactoryParams,FilterFactoryParams,Description,0
junit4,FilterFactoryParams,getTopLevelDescription,Description,0
junit4,JUnitCommandLineParseResult,createRequest,Computer,0
junit4,JUnitCommandLineParseResult,applyFilterSpecs,Request,0
junit4,JUnitCore,runClasses,Computer,0
junit4,JUnitCore,run,Computer,0
junit4,JUnitCore,run,Request,0
junit4,JUnitCore,run,RunNotifier,0
junit4,JUnitCore,addListener,RunNotifier,0
junit4,JUnitCore,removeListener,RunNotifier,0
junit4,OrderWithValidator,validateAnnotatedClass,TestClass,0
junit4,Request,classes,Computer,0
junit4,Request,filterWith,Filter,0
junit4,Request,filterWith,Description,0
junit4,Request,orderWith,Ordering,0
junit4,Runner,run,RunNotifier,0
junit4,Filter,shouldRun,Description,0
junit4,Orderer,Orderer,Ordering,0
junit4,Orderer,order,Ordering,0
junit4,Ordering,definedBy,Description,0
junit4,Ordering,definedBy,Description,0
junit4,Sorter,compare,Description,0
junit4,Failure,Failure,Description,0
junit4,Failure,getTestHeader,Description,0
junit4,Failure,getDescription,Description,0
junit4,RunListener,testRunStarted,Description,0
junit4,RunListener,testRunFinished,Result,0
junit4,RunListener,testSuiteStarted,Description,0
junit4,RunListener,testSuiteFinished,Description,0
junit4,RunListener,testStarted,Description,0
junit4,RunListener,testFinished,Description,0
junit4,RunListener,testFailure,Failure,0
junit4,RunListener,testAssumptionFailure,Failure,0
junit4,RunListener,testIgnored,Description,0
junit4,RunNotifier,addListener,RunListener,0
junit4,RunNotifier,removeListener,RunListener,0
junit4,RunNotifier,wrapIfNotThreadSafe,RunListener,0
junit4,RunNotifier,fireTestFailure,Failure,0
junit4,RunNotifier,addFirstListener,RunListener,0
junit4,SynchronizedRunListener,SynchronizedRunListener,RunListener,0
junit4,SynchronizedRunListener,testRunStarted,RunListener,0
junit4,SynchronizedRunListener,testRunFinished,RunListener,0
junit4,SynchronizedRunListener,testSuiteStarted,RunListener,0
junit4,SynchronizedRunListener,testSuiteFinished,RunListener,0
junit4,SynchronizedRunListener,testStarted,RunListener,0
junit4,SynchronizedRunListener,testFinished,RunListener,0
junit4,SynchronizedRunListener,testFailure,RunListener,0
junit4,SynchronizedRunListener,testAssumptionFailure,RunListener,0
junit4,SynchronizedRunListener,testIgnored,RunListener,0
junit4,SynchronizedRunListener,hashCode,RunListener,0
junit4,SynchronizedRunListener,equals,RunListener,0
junit4,SynchronizedRunListener,toString,RunListener,0
junit4,BlockJUnit4ClassRunner,BlockJUnit4ClassRunner,TestClass,0
junit4,BlockJUnit4ClassRunner,runChild,RunNotifier,0
junit4,BlockJUnit4ClassRunner,isIgnored,FrameworkMethod,0
junit4,BlockJUnit4ClassRunner,describeChild,FrameworkMethod,0
junit4,BlockJUnit4ClassRunner,createTest,FrameworkMethod,0
junit4,BlockJUnit4ClassRunner,testName,FrameworkMethod,0
junit4,BlockJUnit4ClassRunner,methodInvoker,FrameworkMethod,0
junit4,BlockJUnit4ClassRunner,possiblyExpectingExceptions,Statement,0
junit4,BlockJUnit4ClassRunner,withPotentialTimeout,Statement,0
junit4,BlockJUnit4ClassRunner,withBefores,Statement,0
junit4,BlockJUnit4ClassRunner,withAfters,Statement,0
junit4,BlockJUnit4ClassRunner,withRules,Statement,0
junit4,ParentRunner,ParentRunner,TestClass,0
junit4,ParentRunner,createTestClass,TestClass,0
junit4,ParentRunner,runChild,RunNotifier,0
junit4,ParentRunner,withBeforeClasses,TestClass,0
junit4,ParentRunner,withAfterClasses,TestClass,0
junit4,ParentRunner,withClassRules,Statement,0
junit4,ParentRunner,classRules,TestClass,0
junit4,ParentRunner,getName,TestClass,0
junit4,ParentRunner,getTestClass,TestClass,0
junit4,ParentRunner,runLeaf,RunNotifier,0
junit4,ParentRunner,getRunnerAnnotations,TestClass,0
junit4,ParentRunner,filter,Filter,0
junit4,ParentRunner,sort,Sorter,0
junit4,ParentRunner,order,Orderer,0
junit4,ParentRunner,validate,TestClass,0
junit4,ParentRunner,shouldRun,Filter,0
junit4,RuleContainer,apply,Statement,0
junit4,Suite,Suite,RunnerBuilder,0
junit4,Suite,Suite,RunnerBuilder,0
junit4,Suite,Suite,RunnerBuilder,0
junit4,Suite,describeChild,Runner,0
junit4,Suite,runChild,Runner,0
junit4,FrameworkField,isShadowedBy,FrameworkField,0
junit4,FrameworkMethod,isShadowedBy,FrameworkMethod,0
junit4,RunnerBuilder,configureRunner,Runner,0
junit4,BlockJUnit4ClassRunnerWithParameters,BlockJUnit4ClassRunnerWithParameters,TestWithParameters,0
junit4,BlockJUnit4ClassRunnerWithParameters,testName,FrameworkMethod,0
junit4,BlockJUnit4ClassRunnerWithParameters,classBlock,RunNotifier,0
junit4,BlockJUnit4ClassRunnerWithParameters,withBeforeParams,Statement,0
junit4,BlockJUnit4ClassRunnerWithParameters,withAfterParams,Statement,0
junit4,BlockJUnit4ClassRunnerWithParametersFactory,createRunnerForTestWithParameters,TestWithParameters,0
junit4,TestWithParameters,TestWithParameters,TestClass,0
junit4,TestWithParameters,getTestClass,TestClass,0
junit4,TestWithParameters,hashCode,TestClass,0
junit4,TestWithParameters,equals,TestClass,0
junit4,TestWithParameters,toString,TestClass,0
junit4,AnnotationValidator,validateAnnotatedClass,TestClass,0
junit4,AnnotationValidator,validateAnnotatedField,FrameworkField,0
junit4,AnnotationValidator,validateAnnotatedMethod,FrameworkMethod,0
junit4,AnnotationsValidator,validateTestClass,TestClass,0
junit4,PublicClassValidator,validateTestClass,TestClass,0
mybatis3,MapperMethod,MapperMethod,Configuration,0
mybatis3,MapperMethod,convertToDeclaredCollection,Configuration,1
mybatis3,MapperRegistry,MapperRegistry,Configuration,0
mybatis3,MapperRegistry,addMapper,Configuration,0
mybatis3,BaseBuilder,BaseBuilder,Configuration,0
mybatis3,BaseBuilder,getConfiguration,Configuration,0
mybatis3,BaseBuilder,resolveTypeHandler,Configuration,1
mybatis3,BaseBuilder,resolveAlias,TypeAliasRegistry,0
mybatis3,CacheRefResolver,CacheRefResolver,MapperBuilderAssistant,0
mybatis3,CacheRefResolver,resolveCacheRef,MapperBuilderAssistant,0
mybatis3,MapperBuilderAssistant,MapperBuilderAssistant,Configuration,0
mybatis3,MapperBuilderAssistant,addResultMap,Discriminator,0
mybatis3,MapperBuilderAssistant,addMappedStatement,ParamNameResolver,0
mybatis3,ParameterMappingTokenHandler,ParameterMappingTokenHandler,ParamNameResolver,0
mybatis3,ParameterMappingTokenHandler,ParameterMappingTokenHandler,ParamNameResolver,0
mybatis3,ParameterMappingTokenHandler,buildParameterMapping,MetaObject,0
mybatis3,ParameterMappingTokenHandler,figureOutJavaType,ParamNameResolver,0
mybatis3,ResultMapResolver,ResultMapResolver,Discriminator,0
mybatis3,ResultMapResolver,resolve,Discriminator,1
mybatis3,ResultMappingConstructorResolver,ResultMappingConstructorResolver,Configuration,0
mybatis3,SqlSourceBuilder,buildSqlSource,Configuration,0
mybatis3,StaticSqlSource,StaticSqlSource,Configuration,0
mybatis3,StaticSqlSource,StaticSqlSource,Configuration,0
mybatis3,StaticSqlSource,getBoundSql,Configuration,0
mybatis3,MapperAnnotationBuilder,MapperAnnotationBuilder,Configuration,0
mybatis3,MapperAnnotationBuilder,parse,Configuration,0
mybatis3,MapperAnnotationBuilder,loadXmlResource,Configuration,0
mybatis3,MapperAnnotationBuilder,parseCache,MapperBuilderAssistant,0
mybatis3,MapperAnnotationBuilder,convertToProperties,Configuration,0
mybatis3,MapperAnnotationBuilder,parseCacheRef,MapperBuilderAssistant,0
mybatis3,MapperAnnotationBuilder,applyResultMap,MapperBuilderAssistant,0
mybatis3,MapperAnnotationBuilder,createDiscriminatorResultMaps,MapperBuilderAssistant,0
mybatis3,MapperAnnotationBuilder,applyDiscriminator,MapperBuilderAssistant,0
mybatis3,MapperAnnotationBuilder,parseStatement,MapperBuilderAssistant,0
mybatis3,MapperAnnotationBuilder,getLanguageDriver,Configuration,1
mybatis3,MapperAnnotationBuilder,applyResults,MapperBuilderAssistant,0
mybatis3,MapperAnnotationBuilder,isLazy,Configuration,0
mybatis3,MapperAnnotationBuilder,applyConstructorArgs,Configuration,0
mybatis3,MapperAnnotationBuilder,handleSelectKeyAnnotation,Configuration,0
mybatis3,MapperAnnotationBuilder,buildSqlSource,MapperBuilderAssistant,0
mybatis3,MapperAnnotationBuilder,buildSqlSourceFromStrings,Configuration,0
mybatis3,MapperAnnotationBuilder,getAnnotationWrapper,Configuration,0
mybatis3,MethodResolver,MethodResolver,MapperAnnotationBuilder,0
mybatis3,MethodResolver,resolve,MapperAnnotationBuilder,0
mybatis3,ProviderSqlSource,ProviderSqlSource,Configuration,0
mybatis3,ProviderSqlSource,ProviderSqlSource,Configuration,0
mybatis3,ProviderSqlSource,ProviderSqlSource,Configuration,0
mybatis3,ProviderSqlSource,createSqlSource,ParamNameResolver,0
mybatis3,ProviderSqlSource,extractProviderMethodArguments,ProviderContext,0
mybatis3,ProviderSqlSource,extractProviderMethodArguments,ProviderContext,0
mybatis3,ProviderSqlSource,getProviderType,Configuration,0
mybatis3,XMLConfigBuilder,XMLConfigBuilder,XPathParser,0
mybatis3,XMLConfigBuilder,parse,XPathParser,0
mybatis3,XMLConfigBuilder,parseConfiguration,XNode,0
mybatis3,XMLConfigBuilder,settingsAsProperties,XNode,1
mybatis3,XMLConfigBuilder,typeAliasesElement,XNode,0
mybatis3,XMLConfigBuilder,pluginsElement,XNode,0
mybatis3,XMLConfigBuilder,objectFactoryElement,XNode,0
mybatis3,XMLConfigBuilder,objectWrapperFactoryElement,XNode,0
mybatis3,XMLConfigBuilder,reflectorFactoryElement,XNode,0
mybatis3,XMLConfigBuilder,propertiesElement,XPathParser,0
mybatis3,XMLConfigBuilder,environmentsElement,XNode,0
mybatis3,XMLConfigBuilder,databaseIdProviderElement,XNode,0
mybatis3,XMLConfigBuilder,transactionManagerElement,XNode,0
mybatis3,XMLConfigBuilder,dataSourceElement,XNode,0
mybatis3,XMLConfigBuilder,typeHandlersElement,XNode,0
mybatis3,XMLConfigBuilder,mappersElement,XNode,0
mybatis3,XMLIncludeTransformer,XMLIncludeTransformer,MapperBuilderAssistant,0
mybatis3,XMLIncludeTransformer,applyIncludes,Configuration,0
mybatis3,XMLIncludeTransformer,findSqlFragment,Configuration,0
mybatis3,XMLMapperBuilder,XMLMapperBuilder,Configuration,0
mybatis3,XMLMapperBuilder,XMLMapperBuilder,Configuration,0
mybatis3,XMLMapperBuilder,XMLMapperBuilder,Configuration,0
mybatis3,XMLMapperBuilder,XMLMapperBuilder,Configuration,0
mybatis3,XMLMapperBuilder,XMLMapperBuilder,Configuration,0
mybatis3,XMLMapperBuilder,XMLMapperBuilder,Configuration,0
mybatis3,XMLMapperBuilder,parse,XPathParser,0
mybatis3,XMLMapperBuilder,configurationElement,MapperBuilderAssistant,0
mybatis3,XMLMapperBuilder,buildStatementFromContext,MapperBuilderAssistant,0
mybatis3,XMLMapperBuilder,cacheRefElement,MapperBuilderAssistant,0
mybatis3,XMLMapperBuilder,cacheElement,MapperBuilderAssistant,0
mybatis3,XMLMapperBuilder,parameterMapElement,MapperBuilderAssistant,0
mybatis3,XMLMapperBuilder,resultMapElement,XNode,0
mybatis3,XMLMapperBuilder,resultMapElement,MapperBuilderAssistant,0
mybatis3,XMLMapperBuilder,inheritEnclosingType,XNode,0
mybatis3,XMLMapperBuilder,processConstructorElement,XNode,0
mybatis3,XMLMapperBuilder,processDiscriminatorElement,MapperBuilderAssistant,0
mybatis3,XMLMapperBuilder,sqlElement,MapperBuilderAssistant,0
mybatis3,XMLMapperBuilder,buildResultMappingFromContext,MapperBuilderAssistant,0
mybatis3,XMLMapperBuilder,processNestedResultMappings,XNode,0
mybatis3,XMLMapperBuilder,validateCollection,XNode,0
mybatis3,XMLMapperBuilder,bindMapperForNamespace,MapperBuilderAssistant,0
mybatis3,XMLStatementBuilder,XMLStatementBuilder,XNode,0
mybatis3,XMLStatementBuilder,XMLStatementBuilder,XNode,0
mybatis3,XMLStatementBuilder,XMLStatementBuilder,XNode,0
mybatis3,XMLStatementBuilder,parseStatementNode,MapperBuilderAssistant,0
mybatis3,XMLStatementBuilder,processSelectKeyNodes,XNode,0
mybatis3,XMLStatementBuilder,parseSelectKeyNode,MapperBuilderAssistant,0
mybatis3,XMLStatementBuilder,databaseIdMatchesCurrent,MapperBuilderAssistant,0
mybatis3,TransactionalCacheManager,getObject,CacheKey,0
mybatis3,TransactionalCacheManager,putObject,CacheKey,0
mybatis3,DefaultCursor,DefaultCursor,RowBounds,0
mybatis3,DefaultCursor,getCurrentIndex,RowBounds,0
mybatis3,DefaultCursor,close,ResultSetWrapper,0
mybatis3,DefaultCursor,fetchNextObjectFromDatabase,ResultMap,0
mybatis3,PoolState,PoolState,PooledDataSource,0
mybatis3,PoolState,toString,PooledDataSource,0
mybatis3,PooledConnection,PooledConnection,PooledDataSource,0
mybatis3,PooledConnection,isValid,PooledDataSource,0
mybatis3,PooledConnection,invoke,PooledDataSource,0
mybatis3,PooledDataSource,PooledDataSource,UnpooledDataSource,0
mybatis3,PooledDataSource,getConnection,UnpooledDataSource,0
mybatis3,PooledDataSource,setDriver,UnpooledDataSource,1
mybatis3,PooledDataSource,setUrl,UnpooledDataSource,1
mybatis3,PooledDataSource,setUsername,UnpooledDataSource,1
mybatis3,PooledDataSource,setPassword,UnpooledDataSource,1
mybatis3,PooledDataSource,setDefaultAutoCommit,UnpooledDataSource,1
mybatis3,PooledDataSource,setDefaultTransactionIsolationLevel,UnpooledDataSource,1
mybatis3,PooledDataSource,setDriverProperties,UnpooledDataSource,1
mybatis3,PooledDataSource,setDefaultNetworkTimeout,UnpooledDataSource,1
mybatis3,PooledDataSource,getDriver,UnpooledDataSource,0
mybatis3,PooledDataSource,getUrl,UnpooledDataSource,0
mybatis3,PooledDataSource,getUsername,UnpooledDataSource,0
mybatis3,PooledDataSource,getPassword,UnpooledDataSource,0
mybatis3,PooledDataSource,isAutoCommit,UnpooledDataSource,0
mybatis3,PooledDataSource,getDefaultTransactionIsolationLevel,UnpooledDataSource,0
mybatis3,PooledDataSource,getDriverProperties,UnpooledDataSource,0
mybatis3,PooledDataSource,getDefaultNetworkTimeout,UnpooledDataSource,0
mybatis3,PooledDataSource,forceCloseAll,PoolState,0
mybatis3,PooledDataSource,getPoolState,PoolState,0
mybatis3,PooledDataSource,pushConnection,PoolState,0
mybatis3,PooledDataSource,popConnection,PoolState,0
mybatis3,PooledDataSource,pingConnection,PooledConnection,0
mybatis3,UnpooledDataSourceFactory,convertValue,MetaObject,1
mybatis3,BaseExecutor,BaseExecutor,Configuration,0
mybatis3,BaseExecutor,close,PerpetualCache,0
mybatis3,BaseExecutor,update,MappedStatement,0
mybatis3,BaseExecutor,query,RowBounds,0
mybatis3,BaseExecutor,query,PerpetualCache,0
mybatis3,BaseExecutor,queryCursor,RowBounds,0
mybatis3,BaseExecutor,deferLoad,Configuration,0
mybatis3,BaseExecutor,createCacheKey,Configuration,0
mybatis3,BaseExecutor,isCached,PerpetualCache,0
mybatis3,BaseExecutor,clearLocalCache,PerpetualCache,0
mybatis3,BaseExecutor,doUpdate,MappedStatement,0
mybatis3,BaseExecutor,doQuery,BoundSql,0
mybatis3,BaseExecutor,doQueryCursor,BoundSql,0
mybatis3,BaseExecutor,handleLocallyCachedOutputParameters,Configuration,0
mybatis3,BaseExecutor,queryFromDatabase,PerpetualCache,0
mybatis3,BatchExecutor,BatchExecutor,Configuration,0
mybatis3,BatchExecutor,doUpdate,MappedStatement,0
mybatis3,BatchExecutor,doQuery,BoundSql,0
mybatis3,BatchExecutor,doQueryCursor,BoundSql,0
mybatis3,BatchExecutorException,BatchExecutorException,BatchResult,0
mybatis3,BatchExecutorException,getFailingSqlStatement,BatchResult,0
mybatis3,BatchExecutorException,getFailingStatementId,BatchResult,1
mybatis3,BatchResult,BatchResult,MappedStatement,0
mybatis3,BatchResult,BatchResult,MappedStatement,0
mybatis3,BatchResult,getMappedStatement,MappedStatement,0
mybatis3,CachingExecutor,close,TransactionalCacheManager,0
mybatis3,CachingExecutor,update,MappedStatement,0
mybatis3,CachingExecutor,queryCursor,RowBounds,0
mybatis3,CachingExecutor,query,RowBounds,0
mybatis3,CachingExecutor,query,TransactionalCacheManager,0
mybatis3,CachingExecutor,commit,TransactionalCacheManager,0
mybatis3,CachingExecutor,rollback,TransactionalCacheManager,0
mybatis3,CachingExecutor,ensureNoOutParams,BoundSql,0
mybatis3,CachingExecutor,createCacheKey,BoundSql,0
mybatis3,CachingExecutor,isCached,CacheKey,0
mybatis3,CachingExecutor,deferLoad,CacheKey,0
mybatis3,CachingExecutor,flushCacheIfRequired,TransactionalCacheManager,0
mybatis3,ErrorContext,store,ErrorContext,0
mybatis3,ErrorContext,recall,ErrorContext,0
mybatis3,ResultExtractor,ResultExtractor,Configuration,0
mybatis3,ResultExtractor,extractObjectFromList,Configuration,0
mybatis3,ReuseExecutor,ReuseExecutor,Configuration,0
mybatis3,ReuseExecutor,doUpdate,MappedStatement,1
mybatis3,ReuseExecutor,doQuery,BoundSql,0
mybatis3,ReuseExecutor,doQueryCursor,BoundSql,0
mybatis3,SimpleExecutor,SimpleExecutor,Configuration,0
mybatis3,SimpleExecutor,doUpdate,MappedStatement,0
mybatis3,SimpleExecutor,doQuery,BoundSql,0
mybatis3,SimpleExecutor,doQueryCursor,BoundSql,0
mybatis3,Jdbc3KeyGenerator,processBefore,MappedStatement,0
mybatis3,Jdbc3KeyGenerator,processAfter,MappedStatement,0
mybatis3,Jdbc3KeyGenerator,processBatch,MappedStatement,1
mybatis3,Jdbc3KeyGenerator,assignKeys,Configuration,0
mybatis3,Jdbc3KeyGenerator,assignKeysToParam,Configuration,0
mybatis3,Jdbc3KeyGenerator,assignKeysToParamMapList,Configuration,0
mybatis3,Jdbc3KeyGenerator,assignKeysToParamMap,Configuration,0
mybatis3,Jdbc3KeyGenerator,getAssignerForParamMap,Configuration,0
mybatis3,Jdbc3KeyGenerator,getAssignerForSingleParam,Configuration,0
mybatis3,NoKeyGenerator,processBefore,MappedStatement,0
mybatis3,NoKeyGenerator,processAfter,MappedStatement,0
mybatis3,SelectKeyGenerator,SelectKeyGenerator,MappedStatement,0
mybatis3,SelectKeyGenerator,processBefore,MappedStatement,0
mybatis3,SelectKeyGenerator,processAfter,MappedStatement,0
mybatis3,SelectKeyGenerator,processGeneratedKeys,MappedStatement,0
mybatis3,SelectKeyGenerator,handleMultipleProperties,MappedStatement,0
mybatis3,SelectKeyGenerator,setValue,MetaObject,1
mybatis3,ResultLoader,ResultLoader,BoundSql,0
mybatis3,ResultLoader,loadResult,ResultExtractor,1
mybatis3,ResultLoader,selectList,BoundSql,0
mybatis3,ResultLoader,newExecutor,Configuration,0
mybatis3,ResultLoaderMap,addLoader,ResultLoader,0
mybatis3,CglibProxyFactory,createProxy,Configuration,0
mybatis3,JavassistProxyFactory,createProxy,Configuration,0
mybatis3,DefaultResultSetHandler,DefaultResultSetHandler,RowBounds,0
mybatis3,DefaultResultSetHandler,handleOutputParameters,TypeHandlerRegistry,1
mybatis3,DefaultResultSetHandler,handleRefCursorOutputParameter,Configuration,0
mybatis3,DefaultResultSetHandler,handleResultSets,Configuration,0
mybatis3,DefaultResultSetHandler,handleCursorResultSets,RowBounds,0
mybatis3,DefaultResultSetHandler,getFirstResultSet,Configuration,0
mybatis3,DefaultResultSetHandler,getNextResultSet,Configuration,0
mybatis3,DefaultResultSetHandler,validateResultMapsCount,MappedStatement,0
mybatis3,DefaultResultSetHandler,handleResultSet,RowBounds,0
mybatis3,DefaultResultSetHandler,handleRowValues,RowBounds,0
mybatis3,DefaultResultSetHandler,handleRowValuesForSimpleResultMap,RowBounds,0
mybatis3,DefaultResultSetHandler,storeObject,ResultMapping,0
mybatis3,DefaultResultSetHandler,shouldProcessMoreRows,RowBounds,0
mybatis3,DefaultResultSetHandler,skipRows,RowBounds,0
mybatis3,DefaultResultSetHandler,getRowValue,Configuration,0
mybatis3,DefaultResultSetHandler,getRowValue,Configuration,0
mybatis3,DefaultResultSetHandler,shouldApplyAutomaticMappings,Configuration,0
mybatis3,DefaultResultSetHandler,applyPropertyMappings,ResultLoaderMap,0
mybatis3,DefaultResultSetHandler,getPropertyMappingValue,ResultLoaderMap,0
mybatis3,DefaultResultSetHandler,getNestedCursorValue,Configuration,0
mybatis3,DefaultResultSetHandler,createAutomaticMappings,MappedStatement,0
mybatis3,DefaultResultSetHandler,applyAutomaticMappings,MetaObject,1
mybatis3,DefaultResultSetHandler,linkToParents,ResultMapping,1
mybatis3,DefaultResultSetHandler,addPendingChildRelation,ResultMapping,1
mybatis3,DefaultResultSetHandler,createKeyForMultipleResults,ResultMapping,0
mybatis3,DefaultResultSetHandler,createResultObject,Configuration,0
mybatis3,DefaultResultSetHandler,createResultObject,CacheKey,0
mybatis3,DefaultResultSetHandler,createParameterizedResultObject,TypeHandlerRegistry,1
mybatis3,DefaultResultSetHandler,createByConstructorSignature,ResultMap,1
mybatis3,DefaultResultSetHandler,findConstructorForAutomapping,ResultSetWrapper,1
mybatis3,DefaultResultSetHandler,applyConstructorAutomapping,Configuration,1
mybatis3,DefaultResultSetHandler,applyColumnOrderBasedConstructorAutomapping,ResultSetWrapper,0
mybatis3,DefaultResultSetHandler,applyArgNameBasedConstructorAutoMapping,Configuration,0
mybatis3,DefaultResultSetHandler,columnMatchesParam,Configuration,0
mybatis3,DefaultResultSetHandler,createPrimitiveResultObject,ResultMap,1
mybatis3,DefaultResultSetHandler,getNestedQueryConstructorValue,Configuration,0
mybatis3,DefaultResultSetHandler,getNestedQueryMappingValue,Configuration,0
mybatis3,DefaultResultSetHandler,prepareParameterForNestedQuery,ResultMapping,1
mybatis3,DefaultResultSetHandler,prepareSimpleKeyParameter,ResultMapping,1
mybatis3,DefaultResultSetHandler,prepareCompositeKeyParameter,Configuration,0
mybatis3,DefaultResultSetHandler,resolveDiscriminatedResultMap,Configuration,0
mybatis3,DefaultResultSetHandler,getDiscriminatorValue,TypeHandlerRegistry,0
mybatis3,DefaultResultSetHandler,handleRowValuesForNestedResultMap,RowBounds,0
mybatis3,DefaultResultSetHandler,linkNestedPendingCreations,Configuration,0
mybatis3,DefaultResultSetHandler,applyNestedPendingConstructorCreations,CacheKey,0
mybatis3,DefaultResultSetHandler,createPendingConstructorCreations,Configuration,0
mybatis3,DefaultResultSetHandler,verifyPendingCreationPreconditions,ResultMapping,0
mybatis3,DefaultResultSetHandler,createAndStorePendingCreation,PendingConstructorCreation,0
mybatis3,DefaultResultSetHandler,applyNestedResultMappings,CacheKey,0
mybatis3,DefaultResultSetHandler,getColumnPrefix,ResultMapping,0
mybatis3,DefaultResultSetHandler,anyNotNullColumnHasValue,ResultSetWrapper,0
mybatis3,DefaultResultSetHandler,getNestedResultMap,Configuration,0
mybatis3,DefaultResultSetHandler,createRowKey,ResultSetWrapper,0
mybatis3,DefaultResultSetHandler,combineKeys,CacheKey,0
mybatis3,DefaultResultSetHandler,getResultMappingsForRowKey,ResultMap,0
mybatis3,DefaultResultSetHandler,createRowKeyForMappedProperties,TypeHandlerRegistry,0
mybatis3,DefaultResultSetHandler,createRowKeyForUnmappedProperties,CacheKey,0
mybatis3,DefaultResultSetHandler,createRowKeyForMap,CacheKey,0
mybatis3,DefaultResultSetHandler,linkObjects,ResultMapping,0
mybatis3,DefaultResultSetHandler,linkObjects,Configuration,0
mybatis3,DefaultResultSetHandler,instantiateCollectionPropertyIfAppropriate,MetaObject,0
mybatis3,DefaultResultSetHandler,hasTypeHandlerForResultObject,TypeHandlerRegistry,0
mybatis3,PendingConstructorCreation,initializeCollectionForResultMapping,ResultMapping,0
mybatis3,PendingConstructorCreation,linkCreation,PendingConstructorCreation,0
mybatis3,PendingConstructorCreation,linkCollectionValue,ResultMapping,0
mybatis3,PendingCreationKey,PendingCreationKey,ResultMapping,0
mybatis3,PendingCreationMetaInfo,PendingCreationMetaInfo,PendingCreationKey,0
mybatis3,PendingCreationMetaInfo,getPendingCreationKey,PendingCreationKey,0
mybatis3,PendingCreationMetaInfo,toString,PendingCreationKey,0
mybatis3,ResultSetWrapper,ResultSetWrapper,Configuration,0
mybatis3,ResultSetWrapper,getTypeHandler,TypeHandlerRegistry,1
mybatis3,ResultSetWrapper,loadMappedAndUnmappedColumnNames,ResultMap,1
mybatis3,ResultSetWrapper,getMappedColumnNames,ResultMap,0
mybatis3,ResultSetWrapper,getUnmappedColumnNames,ResultMap,0
mybatis3,ResultSetWrapper,getMapKey,ResultMap,1
mybatis3,BaseStatementHandler,BaseStatementHandler,BoundSql,0
mybatis3,BaseStatementHandler,getBoundSql,BoundSql,0
mybatis3,BaseStatementHandler,prepare,BoundSql,0
mybatis3,BaseStatementHandler,setStatementTimeout,Configuration,0
mybatis3,BaseStatementHandler,setFetchSize,Configuration,1
mybatis3,BaseStatementHandler,generateKeys,MappedStatement,1
mybatis3,CallableStatementHandler,CallableStatementHandler,BoundSql,0
mybatis3,PreparedStatementHandler,PreparedStatementHandler,BoundSql,0
mybatis3,RoutingStatementHandler,RoutingStatementHandler,BoundSql,0
mybatis3,SimpleStatementHandler,SimpleStatementHandler,BoundSql,0
mybatis3,Resources,getDefaultClassLoader,ClassLoaderWrapper,0
mybatis3,Resources,setDefaultClassLoader,ClassLoaderWrapper,0
mybatis3,Resources,getResourceURL,ClassLoaderWrapper,0
mybatis3,Resources,getResourceAsStream,ClassLoaderWrapper,0
mybatis3,Resources,classForName,ClassLoaderWrapper,0
mybatis3,SqlRunner,setParameters,TypeHandlerRegistry,0
mybatis3,SqlRunner,getResults,TypeHandlerRegistry,0
mybatis3,BoundSql,BoundSql,Configuration,0
mybatis3,BoundSql,setAdditionalParameter,MetaObject,0
mybatis3,BoundSql,getAdditionalParameter,MetaObject,0
mybatis3,Discriminator,getResultMapping,ResultMapping,0
mybatis3,MappedStatement,getConfiguration,Configuration,0
mybatis3,MappedStatement,getParameterMap,ParameterMap,0
mybatis3,MappedStatement,getParamNameResolver,ParamNameResolver,0
mybatis3,MappedStatement,getBoundSql,Configuration,0
mybatis3,ResultMap,getDiscriminator,Discriminator,0
mybatis3,XNode,XNode,XPathParser,0
mybatis3,XNode,newXNode,XPathParser,1
mybatis3,XNode,getParent,XPathParser,0
mybatis3,XNode,evalString,XPathParser,1
mybatis3,XNode,evalBoolean,XPathParser,1
mybatis3,XNode,evalDouble,XPathParser,1
mybatis3,XNode,evalNodes,XPathParser,1
mybatis3,XNode,evalNode,XPathParser,1
mybatis3,XNode,getChildren,XPathParser,0
mybatis3,XNode,buildToString,XPathParser,0
mybatis3,MetaClass,metaClassForProperty,Reflector,1
mybatis3,MetaClass,getGetterNames,Reflector,0
mybatis3,MetaClass,getSetterNames,Reflector,0
mybatis3,MetaClass,getSetterType,Reflector,0
mybatis3,MetaClass,getGenericSetterType,Reflector,0
mybatis3,MetaClass,metaClassForProperty,PropertyTokenizer,1
mybatis3,MetaClass,getGetterType,Reflector,0
mybatis3,MetaClass,hasSetter,Reflector,1
mybatis3,MetaClass,hasGetter,Reflector,1
mybatis3,MetaClass,getGetInvoker,Reflector,1
mybatis3,MetaClass,getSetInvoker,Reflector,1
mybatis3,MetaClass,buildProperty,Reflector,1
mybatis3,MetaClass,hasDefaultConstructor,Reflector,0
mybatis3,ParamNameResolver,ParamNameResolver,Configuration,0
mybatis3,BaseWrapper,BaseWrapper,MetaObject,0
mybatis3,BaseWrapper,resolveCollection,MetaObject,0
mybatis3,BaseWrapper,getCollectionValue,PropertyTokenizer,0
mybatis3,BaseWrapper,setCollectionValue,PropertyTokenizer,0
mybatis3,BaseWrapper,getChildValue,MetaObject,1
mybatis3,BaseWrapper,setChildValue,MetaObject,1
mybatis3,BeanWrapper,BeanWrapper,MetaObject,0
mybatis3,BeanWrapper,get,PropertyTokenizer,0
mybatis3,BeanWrapper,set,PropertyTokenizer,0
mybatis3,BeanWrapper,findProperty,MetaClass,1
mybatis3,BeanWrapper,getGetterNames,MetaClass,0
mybatis3,BeanWrapper,getSetterNames,MetaClass,0
mybatis3,BeanWrapper,getSetterType,MetaClass,1
mybatis3,BeanWrapper,getGenericSetterType,MetaClass,1
mybatis3,BeanWrapper,getGetterType,MetaClass,1
mybatis3,BeanWrapper,getGenericGetterType,MetaClass,1
mybatis3,BeanWrapper,hasSetter,MetaClass,0
mybatis3,BeanWrapper,hasGetter,MetaClass,0
mybatis3,BeanWrapper,instantiatePropertyValue,PropertyTokenizer,0
mybatis3,BeanWrapper,getBeanProperty,MetaClass,0
mybatis3,BeanWrapper,setBeanProperty,MetaClass,0
mybatis3,CollectionWrapper,CollectionWrapper,MetaObject,0
mybatis3,CollectionWrapper,get,PropertyTokenizer,0
mybatis3,CollectionWrapper,set,PropertyTokenizer,0
mybatis3,CollectionWrapper,instantiatePropertyValue,PropertyTokenizer,0
mybatis3,DefaultObjectWrapperFactory,getWrapperFor,MetaObject,0
mybatis3,MapWrapper,MapWrapper,MetaObject,0
mybatis3,MapWrapper,get,PropertyTokenizer,0
mybatis3,MapWrapper,set,PropertyTokenizer,0
mybatis3,MapWrapper,instantiatePropertyValue,PropertyTokenizer,0
mybatis3,DefaultParameterHandler,DefaultParameterHandler,BoundSql,0
mybatis3,DefaultParameterHandler,setParameters,TypeHandlerRegistry,0
mybatis3,DefaultParameterHandler,getParamMetaObject,MetaObject,0
mybatis3,RawLanguageDriver,createSqlSource,XNode,0
mybatis3,RawLanguageDriver,createSqlSource,ParamNameResolver,0
mybatis3,RawSqlSource,RawSqlSource,Configuration,0
mybatis3,RawSqlSource,RawSqlSource,ParamNameResolver,0
mybatis3,RawSqlSource,RawSqlSource,Configuration,0
mybatis3,RawSqlSource,RawSqlSource,ParamNameResolver,0
mybatis3,ChooseSqlNode,apply,DynamicContext,0
mybatis3,DynamicContext,DynamicContext,ParamNameResolver,0
mybatis3,DynamicContext,DynamicContext,ParamNameResolver,0
mybatis3,DynamicContext,initTokenParser,ParameterMappingTokenHandler,0
mybatis3,DynamicContext,getParameterMappings,ParameterMappingTokenHandler,0
mybatis3,DynamicContext,parseParam,GenericTokenParser,0
mybatis3,DynamicContext,getParamNameResolver,ParamNameResolver,0
mybatis3,DynamicSqlSource,DynamicSqlSource,Configuration,0
mybatis3,DynamicSqlSource,DynamicSqlSource,ParamNameResolver,0
mybatis3,DynamicSqlSource,getBoundSql,Configuration,0
mybatis3,ForEachSqlNode,ForEachSqlNode,Configuration,0
mybatis3,ForEachSqlNode,ForEachSqlNode,Configuration,0
mybatis3,ForEachSqlNode,apply,Configuration,0
mybatis3,ForEachSqlNode,applyIndex,DynamicContext,0
mybatis3,ForEachSqlNode,applyItem,DynamicContext,0
mybatis3,ForEachSqlNode,applyOpen,DynamicContext,0
mybatis3,ForEachSqlNode,applyClose,DynamicContext,0
mybatis3,IfSqlNode,apply,DynamicContext,0
mybatis3,MixedSqlNode,apply,DynamicContext,0
mybatis3,OgnlCache,getValue,OgnlClassResolver,0
mybatis3,SetSqlNode,SetSqlNode,Configuration,0
mybatis3,StaticTextSqlNode,apply,DynamicContext,0
mybatis3,TextSqlNode,apply,DynamicContext,0
mybatis3,TrimSqlNode,TrimSqlNode,Configuration,0
mybatis3,TrimSqlNode,TrimSqlNode,Configuration,0
mybatis3,TrimSqlNode,apply,DynamicContext,0
mybatis3,VarDeclSqlNode,apply,DynamicContext,0
mybatis3,WhereSqlNode,WhereSqlNode,Configuration,0
mybatis3,XMLLanguageDriver,createParameterHandler,BoundSql,0
mybatis3,XMLLanguageDriver,createSqlSource,XNode,0
mybatis3,XMLLanguageDriver,createSqlSource,ParamNameResolver,0
mybatis3,XMLLanguageDriver,createSqlSource,Configuration,0
mybatis3,XMLLanguageDriver,createSqlSource,ParamNameResolver,0
mybatis3,XMLScriptBuilder,XMLScriptBuilder,XNode,0
mybatis3,XMLScriptBuilder,XMLScriptBuilder,XNode,0
mybatis3,XMLScriptBuilder,XMLScriptBuilder,ParamNameResolver,0
mybatis3,XMLScriptBuilder,parseScriptNode,ParamNameResolver,0
mybatis3,XMLScriptBuilder,parseDynamicTags,XNode,0
mybatis3,Configuration,Configuration,Environment,0
mybatis3,Configuration,getEnvironment,Environment,0
mybatis3,Configuration,setEnvironment,Environment,0
mybatis3,Configuration,getTypeHandlerRegistry,TypeHandlerRegistry,0
mybatis3,Configuration,getTypeAliasRegistry,TypeAliasRegistry,0
mybatis3,Configuration,getMapperRegistry,MapperRegistry,0
mybatis3,Configuration,getInterceptors,InterceptorChain,0
mybatis3,Configuration,getLanguageRegistry,LanguageDriverRegistry,0
mybatis3,Configuration,getDefaultScriptingLanguageInstance,LanguageDriverRegistry,0
mybatis3,Configuration,getLanguageDriver,LanguageDriverRegistry,1
mybatis3,Configuration,newParameterHandler,InterceptorChain,0
mybatis3,Configuration,newResultSetHandler,InterceptorChain,1
mybatis3,Configuration,newStatementHandler,InterceptorChain,1
mybatis3,Configuration,newExecutor,InterceptorChain,0
mybatis3,Configuration,addResultMap,ResultMap,0
mybatis3,Configuration,addParameterMap,ParameterMap,0
mybatis3,Configuration,addMappedStatement,MappedStatement,0
mybatis3,Configuration,addIncompleteStatement,XMLStatementBuilder,0
mybatis3,Configuration,addIncompleteCacheRef,CacheRefResolver,0
mybatis3,Configuration,addIncompleteResultMap,ResultMapResolver,0
mybatis3,Configuration,addIncompleteMethod,MethodResolver,0
mybatis3,Configuration,addInterceptor,InterceptorChain,1
mybatis3,Configuration,addMappers,MapperRegistry,0
mybatis3,Configuration,addMappers,MapperRegistry,0
mybatis3,Configuration,addMapper,MapperRegistry,1
mybatis3,Configuration,getMapper,MapperRegistry,1
mybatis3,Configuration,hasMapper,MapperRegistry,1
mybatis3,Configuration,checkGloballyForDiscriminatedNestedResultMaps,ResultMap,0
mybatis3,Configuration,checkLocallyForDiscriminatedNestedResultMaps,ResultMap,0
mybatis3,SqlSessionFactoryBuilder,build,Configuration,0
mybatis3,SqlSessionManager,selectMap,RowBounds,0
mybatis3,SqlSessionManager,selectCursor,RowBounds,0
mybatis3,SqlSessionManager,selectList,RowBounds,0
mybatis3,SqlSessionManager,select,RowBounds,0
mybatis3,DefaultSqlSession,DefaultSqlSession,Configuration,0
mybatis3,DefaultSqlSession,DefaultSqlSession,Configuration,0
mybatis3,DefaultSqlSession,selectMap,Configuration,0
mybatis3,DefaultSqlSession,selectCursor,Configuration,0
mybatis3,DefaultSqlSession,selectList,RowBounds,0
mybatis3,DefaultSqlSession,selectList,Configuration,0
mybatis3,DefaultSqlSession,select,RowBounds,0
mybatis3,DefaultSqlSession,update,Configuration,0
mybatis3,DefaultSqlSession,getConfiguration,Configuration,0
mybatis3,DefaultSqlSession,getMapper,Configuration,1
mybatis3,DefaultSqlSessionFactory,DefaultSqlSessionFactory,Configuration,0
mybatis3,DefaultSqlSessionFactory,openSession,Configuration,0
mybatis3,DefaultSqlSessionFactory,openSession,Configuration,1
mybatis3,DefaultSqlSessionFactory,openSession,Configuration,1
mybatis3,DefaultSqlSessionFactory,openSession,Configuration,1
mybatis3,DefaultSqlSessionFactory,getConfiguration,Configuration,0
mybatis3,DefaultSqlSessionFactory,createSqlSession,Configuration,1
mybatis3,DefaultSqlSessionFactory,openSessionFromDataSource,Configuration,0
mybatis3,DefaultSqlSessionFactory,openSessionFromConnection,Configuration,0
mybatis3,DefaultSqlSessionFactory,getTransactionFactoryFromEnvironment,Environment,0
mybatis3,BaseTypeHandler,setConfiguration,Configuration,0
mybatis3,TypeHandlerRegistry,TypeHandlerRegistry,Configuration,0
mybatis3,UnknownTypeHandler,UnknownTypeHandler,Configuration,0
mybatis3,UnknownTypeHandler,UnknownTypeHandler,TypeHandlerRegistry,0
mybatis3,UnknownTypeHandler,resolveTypeHandler,Configuration,0
netty,ByteToMessageCodec,channelRead,ByteToMessageDecoder,0
netty,ByteToMessageCodec,channelReadComplete,ByteToMessageDecoder,0
netty,ByteToMessageCodec,handlerAdded,ByteToMessageDecoder,0
netty,ByteToMessageCodec,handlerRemoved,ByteToMessageDecoder,0
netty,ByteToMessageDecoder,fireChannelRead,CodecOutputList,0
netty,DelimiterBasedFrameDecoder,decode,LineBasedFrameDecoder,0
netty,MessageToMessageEncoder,writeVoidPromise,CodecOutputList,1
netty,MessageToMessageEncoder,writePromiseCombiner,CodecOutputList,1
netty,ProtocolDetectionResult,needsMoreData,ProtocolDetectionResult,0
netty,ProtocolDetectionResult,invalid,ProtocolDetectionResult,0
netty,ReplayingDecoder,channelInputClosed,ReplayingDecoderByteBuf,0
netty,ReplayingDecoder,callDecode,ReplayingDecoderByteBuf,0
netty,UnsupportedValueConverter,instance,UnsupportedValueConverter,0
netty,LineEncoder,LineEncoder,LineSeparator,0
netty,LineEncoder,LineEncoder,LineSeparator,0
gephi,AbstractShortestPathAlgorithm,AbstractShortestPathAlgorithm,Node,0
gephi,AbstractShortestPathAlgorithm,getPredecessor,Node,1
gephi,AbstractShortestPathAlgorithm,getPredecessorIncoming,Node,0
gephi,BellmanFordShortestPathAlgorithm,BellmanFordShortestPathAlgorithm,Node,0
gephi,DijkstraShortestPathAlgorithm,DijkstraShortestPathAlgorithm,Node,0
gephi,DijkstraShortestPathAlgorithm,getShortestDistance,Node,0
gephi,AppearanceModelImpl,getNodeRankings,OutDegreeRankingImpl,0
gephi,AppearanceModelImpl,getEdgeRankings,EdgeWeightRankingImpl,0
gephi,AppearanceModelImpl,getEdgePartitions,EdgeTypePartitionImpl,0
gephi,AppearanceModelImpl,getDegreeRanking,DegreeRankingImpl,0
gephi,AppearanceModelImpl,getInDegreeRanking,InDegreeRankingImpl,0
gephi,AppearanceModelImpl,getOutDegreeRanking,OutDegreeRankingImpl,0
gephi,AppearanceModelImpl,getEdgeWeightRanking,EdgeWeightRankingImpl,0
gephi,AppearanceModelImpl,getEdgeTypePartition,EdgeTypePartitionImpl,0
gephi,AppearanceModelImpl,getDegreeFunctions,OutDegreeRankingImpl,0
gephi,AppearanceModelImpl,getRankingAndPartitionEdgeFunctions,EdgeTypePartitionImpl,0
gephi,AppearanceModelPersistenceProvider,writeXML,AppearanceModelImpl,0
gephi,AppearanceModelPersistenceProvider,readXML,AppearanceModelImpl,0
gephi,AppearanceModelPersistenceProvider,writeInterpolator,Interpolator,0
gephi,AppearanceModelPersistenceProvider,readInterpolator,RankingImpl,0
gephi,AttributeFunctionImpl,AttributeFunctionImpl,RankingImpl,0
gephi,AttributeFunctionImpl,AttributeFunctionImpl,PartitionImpl,0
gephi,AttributeFunctionImpl,setInterpolator,Interpolator,0
gephi,FunctionImpl,FunctionImpl,RankingImpl,0
gephi,FunctionImpl,transform,RankingImpl,0
gephi,FunctionImpl,transformAll,RankingImpl,0
gephi,FunctionImpl,transformPartition,PartitionImpl,1
gephi,FunctionImpl,transformRanking,RankingImpl,1
gephi,FunctionImpl,hasChanged,PartitionImpl,0
gephi,FunctionImpl,isValid,PartitionImpl,0
gephi,FunctionImpl,getGraph,AppearanceModelImpl,1
gephi,FunctionImpl,isSimple,PartitionImpl,0
gephi,FunctionImpl,isPartition,PartitionImpl,0
gephi,FunctionImpl,isRanking,RankingImpl,0
gephi,FunctionImpl,getModel,AppearanceModelImpl,0
gephi,GraphFunctionImpl,GraphFunctionImpl,RankingImpl,0
gephi,GraphFunctionImpl,GraphFunctionImpl,PartitionImpl,0
gephi,GraphFunctionImpl,setInterpolator,Interpolator,1
gephi,RankingImpl,getInterpolator,Interpolator,0
gephi,RankingImpl,setInterpolator,Interpolator,0
gephi,RankingImpl,getNormalizedValue,Interpolator,0
gephi,RankingImpl,normalize,Interpolator,1
gephi,SimpleFunctionImpl,SimpleFunctionImpl,AppearanceModelImpl,0
gephi,AppearanceControllerTest,testTransform,AppearanceControllerImpl,0
gephi,AppearanceControllerTest,testFilteredView,AppearanceControllerImpl,0
gephi,AppearanceControllerTest,testLocalScale,AppearanceControllerImpl,0
gephi,AppearanceControllerTest,testTransformNullValuesRanking,AppearanceControllerImpl,0
gephi,AppearanceControllerTest,testNotTransformNullValuesRanking,AppearanceControllerImpl,0
gephi,AppearanceControllerTest,testTransformNullValuesPartition,AppearanceControllerImpl,0
gephi,AppearanceControllerTest,testNotTransformNullValuesPartition,AppearanceControllerImpl,0
gephi,AppearanceControllerTest,testRankingDynamicColumn,AppearanceControllerImpl,0
gephi,PersistenceProvideTest,setUp,AppearanceModelImpl,0
gephi,PersistenceProvideTest,testEmpty,AppearanceModelImpl,1
gephi,PersistenceProvideTest,testInterpolatorLog2,AppearanceModelImpl,1
gephi,PersistenceProvideTest,testInterpolatorBezier,AppearanceModelImpl,1
gephi,PersistenceProvideTest,testPartitionColor,AppearanceModelImpl,1
gephi,RankingNodeSizeTransformer,transform,Node,1
gephi,UniqueNodeSizeTransformer,transform,Node,1
gephi,PaletteGenerator,generatePalette,Random,0
gephi,PaletteGenerator,generatePalette,Random,1
gephi,PaletteGenerator,generateRandomKmeans,Random,0
gephi,PaletteManager,getInstance,PaletteManager,0
gephi,PaletteManager,generatePalette,Preset,1
gephi,PaletteManager,addRecentPalette,Palette,1
gephi,PartitionColorTransformerPanel,applyPalette,Palette,1
gephi,PartitionElementColorTransformerUI,getPanel,PartitionColorTransformerPanel,1
gephi,PartitionElementColorTransformerUI,getControlButton,PartitionColorTransformerPanel,0
gephi,PartitionLabelColorTransformerUI,getPanel,PartitionColorTransformerPanel,1
gephi,PartitionLabelColorTransformerUI,getControlButton,PartitionColorTransformerPanel,0
gephi,RankingColorTransformerPanel,setup,GradientSlider,0
gephi,RankingColorTransformerPanel,getPalettePopupMenu,GradientSlider,0
gephi,RankingColorTransformerPanel,addRecentPalette,RecentPalettes,0
gephi,RankingElementColorTransformerUI,getPanel,RankingColorTransformerPanel,0
gephi,RankingElementSizeTransformerUI,getPanel,RankingSizeTransformerPanel,0
gephi,RankingLabelColorTransformerUI,getPanel,RankingColorTransformerPanel,0
gephi,RankingLabelSizeTransformerUI,getPanel,RankingSizeTransformerPanel,0
gephi,RankingSizeTransformerPanel,setup,RankingSizeTransformer,0
gephi,UniqueColorTransformerPanel,setup,AbstractUniqueColorTransformer,0
gephi,UniqueElementColorTransformerUI,getPanel,UniqueColorTransformerPanel,0
gephi,UniqueLabelColorTransformerUI,getPanel,UniqueColorTransformerPanel,0
gephi,UniqueLabelSizeTransformerUI,getPanel,UniqueSizeTransformerPanel,0
gephi,UniqueNodeSizeTransformerUI,getPanel,UniqueSizeTransformerPanel,0
gephi,UniqueSizeTransformerPanel,setup,AbstractUniqueSizeTransformer,0
gephi,PaletteGeneratorPanel,generate,Palette,0
gephi,PaletteGeneratorPanel,getSelectedPalette,Palette,0
gephi,AttributeColumnsControllerImpl,clearNodeData,Node,0
gephi,AttributeColumnsControllerImpl,copyNodeDataToOtherNodes,Node,0
gephi,AttributeColumnsControllerImpl,findEdge,Node,0
gephi,GraphElementsControllerImpl,duplicateNode,Node,1
gephi,GraphElementsControllerImpl,createEdge,Node,1
gephi,GraphElementsControllerImpl,createEdge,Node,1
gephi,GraphElementsControllerImpl,createEdge,Node,1
gephi,GraphElementsControllerImpl,createEdge,Node,1
gephi,GraphElementsControllerImpl,createEdge,Node,1
gephi,GraphElementsControllerImpl,createEdge,Node,1
gephi,GraphElementsControllerImpl,createEdge,Node,1
gephi,GraphElementsControllerImpl,createEdge,Node,1
gephi,GraphElementsControllerImpl,createEdges,Node,0
gephi,GraphElementsControllerImpl,deleteNode,Node,1
gephi,GraphElementsControllerImpl,mergeNodes,Node,0
gephi,GraphElementsControllerImpl,setNodeFixed,Node,0
gephi,GraphElementsControllerImpl,isNodeFixed,Node,0
gephi,GraphElementsControllerImpl,getNodeNeighbours,Node,0
gephi,GraphElementsControllerImpl,getNodeEdges,Node,0
gephi,GraphElementsControllerImpl,isNodeInGraph,Node,0
gephi,GraphElementsControllerImpl,buildEdge,Node,0
gephi,GraphElementsControllerImpl,copyNode,Node,0
gephi,GraphElementsControllerImpl,removeNode,Node,0
gephi,BooleanLogicOperationsUI,setup,BooleanLogicOperations,0
gephi,BooleanLogicOperationsUI,unSetup,BooleanLogicOperations,0
gephi,BooleanLogicOperationsUI,getDisplayName,BooleanLogicOperations,0
gephi,BooleanLogicOperationsUI,prepareColumnsAndOperations,BooleanLogicOperations,0
gephi,CreateTimeIntervalUI,setup,CreateTimeInterval,0
gephi,CreateTimeIntervalUI,unSetup,CreateTimeInterval,0
gephi,CreateTimeIntervalUI,getDisplayName,CreateTimeInterval,0
gephi,ColumnValuesFrequencyUI,setup,ColumnValuesFrequency,0
gephi,ColumnValuesFrequencyUI,unSetup,JFreeChartDialog,0
gephi,ColumnValuesFrequencyUI,getDisplayName,ColumnValuesFrequency,0
gephi,ColumnValuesFrequencyUI,configurePieChartButtonActionPerformed,JFreeChartDialog,0
gephi,ColumnValuesFrequencyUI,showReportButtonActionPerformed,SimpleHTMLReport,0
gephi,ConvertColumnToDynamicTimestampsUI,setup,ConvertColumnToDynamic,0
gephi,ConvertColumnToDynamicTimestampsUI,unSetup,ConvertColumnToDynamic,0
gephi,ConvertColumnToDynamicTimestampsUI,getDisplayName,ConvertColumnToDynamic,0
gephi,ConvertColumnToDynamicUI,setup,ConvertColumnToDynamic,0
gephi,ConvertColumnToDynamicUI,unSetup,ConvertColumnToDynamic,0
gephi,ConvertColumnToDynamicUI,getDisplayName,ConvertColumnToDynamic,0
gephi,CopyDataToOtherColumnUI,setup,CopyDataToOtherColumn,0
gephi,CopyDataToOtherColumnUI,unSetup,CopyDataToOtherColumn,0
gephi,CopyDataToOtherColumnUI,getDisplayName,CopyDataToOtherColumn,0
gephi,DuplicateColumnUI,setup,DuplicateColumn,0
gephi,DuplicateColumnUI,unSetup,DuplicateColumn,0
gephi,DuplicateColumnUI,getDisplayName,DuplicateColumn,0
gephi,GeneralCreateColumnFromRegexUI,setup,GeneralCreateColumnFromRegex,0
gephi,GeneralCreateColumnFromRegexUI,unSetup,GeneralCreateColumnFromRegex,0
gephi,GeneralCreateColumnFromRegexUI,getDisplayName,GeneralCreateColumnFromRegex,0
gephi,DeleteEdgesWithNodesUI,setup,DeleteEdgesWithNodes,0
gephi,DeleteEdgesWithNodesUI,unSetup,DeleteEdgesWithNodes,0
gephi,DeleteEdgesWithNodesUI,getDisplayName,DeleteEdgesWithNodes,0
gephi,AddEdgeToGraph,execute,Node,0
gephi,AddEdgeToGraph,setSource,Node,0
gephi,AddEdgeToGraph,getTarget,Node,0
gephi,AddEdgeToGraph,setTarget,Node,0
gephi,AddEdgeToGraphUI,setup,AddEdgeToGraph,0
gephi,AddEdgeToGraphUI,setNodeComboBoxSelection,Node,0
gephi,AddEdgeToGraphUI,unSetup,AddEdgeToGraph,0
gephi,AddEdgeToGraphUI,getDisplayName,AddEdgeToGraph,0
gephi,ClearEdgesUI,setup,ClearEdges,0
gephi,ClearEdgesUI,unSetup,ClearEdges,0
gephi,ClearEdgesUI,getDisplayName,ClearEdges,0
gephi,ManageColumnEstimatorsUI,setup,ManageColumnEstimators,0
gephi,ManageColumnEstimatorsUI,unSetup,ManageColumnEstimators,0
gephi,ManageColumnEstimatorsUI,getDisplayName,ManageColumnEstimators,0
gephi,ManageColumnEstimatorsUI,refreshColumns,ManageColumnEstimators,0
gephi,MergeNodeDuplicatesUI,setup,MergeNodeDuplicates,0
gephi,MergeNodeDuplicatesUI,unSetup,MergeNodeDuplicates,0
gephi,MergeNodeDuplicatesUI,getDisplayName,MergeNodeDuplicates,0
gephi,MergeNodeDuplicatesUI,loadBaseColumn,MergeNodeDuplicates,0
gephi,MergeNodeDuplicatesUI,loadDeleteMergedNodesCheckBox,MergeNodeDuplicates,0
gephi,ClearNodesData,setup,Node,0
gephi,CopyNodeDataToOtherNodes,setup,Node,0
gephi,CopyNodeDataToOtherNodes,execute,Node,0
gephi,CopyNodeDataToOtherNodes,getRow,Node,0
gephi,CopyNodeDataToOtherNodes,setRow,Node,0
gephi,CopyNodes,setup,Node,0
gephi,DeleteNodes,setup,Node,0
gephi,Free,setup,Node,0
gephi,Free,canExecute,Node,0
gephi,LinkNodes,setup,Node,0
gephi,LinkNodes,execute,Node,0
gephi,LinkNodes,getSourceNode,Node,0
gephi,LinkNodes,setSourceNode,Node,0
gephi,MergeNodes,setup,Node,0
gephi,MergeNodes,execute,Node,0
gephi,MergeNodes,getSelectedNode,Node,0
gephi,MergeNodes,setSelectedNode,Node,0
gephi,OpenInEditNodeWindow,setup,Node,0
gephi,SelectEdgesOnTable,setup,Node,0
gephi,SelectNeighboursOnTable,setup,Node,0
gephi,SelectOnGraph,setup,Node,0
gephi,SelectOnGraph,execute,Node,0
gephi,SetNodesSize,setup,Node,0
gephi,Settle,setup,Node,0
gephi,Settle,canExecute,Node,0
gephi,CopyNodesUI,setup,CopyNodes,0
gephi,CopyNodesUI,unSetup,CopyNodes,0
gephi,CopyNodesUI,getDisplayName,CopyNodes,0
gephi,LinkNodesUI,setup,LinkNodes,0
gephi,LinkNodesUI,unSetup,LinkNodes,0
gephi,LinkNodesUI,getDisplayName,LinkNodes,0
gephi,MergeNodesUI,setup,MergeNodes,0
gephi,MergeNodesUI,unSetup,MergeNodes,0
gephi,MergeNodesUI,getDisplayName,MergeNodes,0
gephi,MergeNodesUI,loadColumnsStrategies,MergeNodes,0
gephi,MergeNodesUI,getColumnAvailableStrategies,MergeNodes,0
gephi,MergeNodesUI,loadDeleteMergedNodesCheckBox,MergeNodes,0
gephi,MergeNodesUI,loadSelectedRow,MergeNodes,0
gephi,SetNodesSizeUI,setup,SetNodesSize,0
gephi,SetNodesSizeUI,unSetup,SetNodesSize,0
gephi,SetNodesSizeUI,getDisplayName,SetNodesSize,0
gephi,JoinWithSeparatorUI,setup,JoinWithSeparator,0
gephi,JoinWithSeparatorUI,unSetup,JoinWithSeparator,0
gephi,JoinWithSeparatorUI,getDisplayName,JoinWithSeparator,0
gephi,GeneralNumberListStatisticsReportUI,unSetup,JFreeChartDialog,0
gephi,GeneralNumberListStatisticsReportUI,showReportButtonActionPerformed,SimpleHTMLReport,0
gephi,GeneralNumberListStatisticsReportUI,divisionsComboBoxItemStateChanged,JFreeChartDialog,0
gephi,GeneralNumberListStatisticsReportUI,configureHistogramButtonActionPerformed,JFreeChartDialog,0
gephi,AppearanceToolbar,AppearanceToolbar,AppearanceUIController,0
gephi,AppearanceToolbar,setup,AppearanceUIModel,0
gephi,AppearanceTopComponent,refreshModel,AppearanceUIModel,0
gephi,AppearanceTopComponent,refreshCenterPanel,AppearanceUIModel,0
gephi,AppearanceTopComponent,refreshCombo,AppearanceUIController,0
gephi,AppearanceTopComponent,refreshControls,AppearanceUIModel,0
gephi,AppearanceTopComponent,initControls,AppearanceUIModel,0
gephi,AppearanceTopComponent,isModelEnabled,AppearanceUIModel,0
gephi,AppearanceTopComponent,initComponents,AppearanceToolbar,0
gephi,AppearanceUIController,transform,AppearanceUIModel,0
gephi,AppearanceUIController,getModel,AppearanceUIModel,0
gephi,AppearanceUIController,setSelectedElementClass,AppearanceUIModel,0
gephi,AppearanceUIController,setSelectedCategory,AppearanceUIModel,0
gephi,AppearanceUIController,setSelectedTransformerUI,AppearanceUIModel,0
gephi,AppearanceUIController,setSelectedFunction,AppearanceUIModel,0
gephi,AppearanceUIController,setAutoApply,AppearanceUIModel,0
gephi,AppearanceUIController,startAutoApply,AppearanceUIModel,0
gephi,AppearanceUIController,stopAutoApply,AppearanceUIModel,0
gephi,AppearanceUIController,refreshColumnsList,AppearanceUIModel,0
gephi,AppearanceUIModel,select,FunctionObserverExecutor,0
gephi,AppearanceUIModel,unselect,FunctionObserverExecutor,0
gephi,AppearanceUIModelPersistenceProvider,writeXML,AppearanceUIModel,0
gephi,AppearanceUIModelPersistenceProvider,writeSelected,AppearanceUIModel,0
gephi,AppearanceUIModelPersistenceProvider,readXML,AppearanceUIModel,0
gephi,AppearanceUIModelPersistenceProvider,readSelected,AppearanceUIModel,0
gephi,AutoAppyTransformer,run,AppearanceUIController,0
gephi,FunctionObserverExecutor,FunctionObserverExecutor,AppearanceUIModel,0
gephi,FunctionObserverExecutor,run,AppearanceUIModel,0
gephi,TableObserverExecutor,TableObserverExecutor,AppearanceUIModel,0
gephi,TableObserverExecutor,start,AppearanceUIModel,0
gephi,TableObserverExecutor,run,AppearanceUIModel,0
gephi,Utils,findNodeFunction,AppearanceUIModel,1
gephi,ReportController,sendSentryReport,Report,1
gephi,ReportController,buildReportDocument,Report,0
gephi,ReportController,buildXMLDocument,Report,0
gephi,ReportController,logScreenSize,Report,1
gephi,ReportController,logCPU,Report,1
gephi,ReportController,logMemoryInfo,Report,1
gephi,ReportController,logJavaInfo,Report,0
gephi,ReportController,logVersion,Report,0
gephi,ReportController,logGLInfo,Report,0
gephi,ReportController,logModules,Report,0
gephi,ReportController,logMessageLog,Report,0
gephi,ReportPanel,ReportPanel,Report,0
gephi,ReportPanel,setup,Report,0
gephi,ReportPanel,showDialog,Report,0
gephi,ContextPanel,refreshModel,ContextRefreshThread,0
gephi,AvailableColumnsPanel,AvailableColumnsPanel,AvailableColumnsModel,0
gephi,AvailableColumnsPanel,refreshColumns,AvailableColumnsModel,0
gephi,AvailableColumnsPanel,refreshAvailableColumnsControls,AvailableColumnsModel,0
gephi,ConfigurationPanel,onlyVisibleCheckBoxActionPerformed,DataTableTopComponent,0
gephi,ConfigurationPanel,useSparklinesCheckBoxActionPerformed,DataTableTopComponent,0
gephi,ConfigurationPanel,timeIntervalsGraphicsCheckBoxActionPerformed,DataTableTopComponent,0
gephi,ConfigurationPanel,showEdgesNodesLabelsCheckBoxActionPerformed,DataTableTopComponent,0
gephi,DataTableTopComponent,activateWorkspace,DataTablesObservers,0
gephi,DataTableTopComponent,deactivateAll,AvailableColumnsModel,0
gephi,DataTableTopComponent,initEvents,DataTablesObservers,0
gephi,DataTableTopComponent,getTableAvailableColumnsModel,AvailableColumnsModel,0
gephi,DataTableTopComponent,refreshAvailableColumnsButton,AvailableColumnsModel,0
gephi,DataTableTopComponent,initNodesView,NodesDataTable,0
gephi,DataTableTopComponent,initEdgesView,EdgesDataTable,0
gephi,DataTableTopComponent,refreshFilterColumns,EdgesDataTable,0
gephi,DataTableTopComponent,getNodeTableSelection,NodesDataTable,0
gephi,DataTableTopComponent,setNodeTableSelection,NodesDataTable,0
gephi,DataTableTopComponent,getEdgeTableSelection,EdgesDataTable,0
gephi,DataTableTopComponent,setEdgeTableSelection,EdgesDataTable,0
gephi,DataTableTopComponent,clearSelection,EdgesDataTable,0
gephi,DataTableTopComponent,setUseSparklines,EdgesDataTable,0
gephi,DataTableTopComponent,setTimeIntervalGraphics,EdgesDataTable,0
gephi,DataTableTopComponent,setShowEdgesNodesLabels,EdgesDataTable,0
gephi,DataTableTopComponent,eventDispatched,EdgesDataTable,0
gephi,DataTablesModel,getEdgeAvailableColumnsModel,AvailableColumnsModel,0
gephi,DataTablesModel,getNodeAvailableColumnsModel,AvailableColumnsModel,0
gephi,DataTablesModel,getTableAvailableColumnsModel,AvailableColumnsModel,0
gephi,AddColumnUI,createValidationPanel,AddColumnUI,0
gephi,MergeColumnsUI,createValidationPanel,MergeColumnsUI,0
gephi,DataLaboratoryPersistenceProvider,writeDataTablesModel,DataTablesModel,0
gephi,AbstractElementsDataTable,getFakeDataColumns,DataTablesModel,0
gephi,AbstractElementsDataTable,refreshModel,DataTablesModel,0
gephi,AbstractElementsDataTable,refreshCellRenderersConfiguration,TimestampSetGraphicsComponentProvider,0
gephi,EdgesDataTable,getFakeDataColumns,DataTablesModel,0
gephi,NodesDataTable,getFakeDataColumns,DataTablesModel,0
gephi,AbstractTimeSetGraphicsComponentProvider,setImagePainter,TimeIntervalGraphics,0
gephi,AbstractTimeSetGraphicsComponentProvider,getMax,TimeIntervalGraphics,0
gephi,AbstractTimeSetGraphicsComponentProvider,getMin,TimeIntervalGraphics,0
gephi,AbstractTimeSetGraphicsComponentProvider,setMinMax,TimeIntervalGraphics,0
gephi,AbstractExporterUI,getExporter,DialogFileFilter,0
gephi,DesktopExportController,exportFiles,LongTaskExecutor,0
gephi,DesktopExportController,exportFile,LongTaskExecutor,0
gephi,TopDialog,updateNotificationLine,TopDialog,0
gephi,FilterPanelPanel,refreshModel,FilterUIModel,0
gephi,FilterPanelPanel,setup,FilterUIModel,0
gephi,FilterPanelPanel,unsetup,FilterUIModel,0
gephi,FilterUIModel,setExpand,Category,0
gephi,FilterUIModel,isExpanded,Category,0
gephi,FiltersPanel,initEvents,FilterUIModel,0
gephi,FiltersPanel,refreshModel,FilterUIModel,0
gephi,FiltersPanel,updateEnabled,FilterUIModel,0
gephi,FiltersPanel,stateChanged,FilterUIModel,0
gephi,FiltersPanel,unsetup,FilterUIModel,0
gephi,FiltersPanel,setup,FilterUIModel,0
gephi,FiltersTopComponent,activateWorkspace,WorkspaceColumnsObservers,0
gephi,FiltersTopComponent,refreshModel,FilterUIModel,0
gephi,FiltersTopComponent,getUiModel,FilterUIModel,0
gephi,FiltersTopComponent,initEvents,WorkspaceColumnsObservers,0
gephi,CategoryChildFactory,CategoryChildFactory,Category,0
gephi,CategoryChildFactory,createKeys,Category,0
gephi,CategoryNode,CategoryNode,Category,0
gephi,CategoryNode,getIcon,Category,0
gephi,CategoryNode,getCategory,Category,0
gephi,FiltersExplorer,setup,FilterUIModel,0
gephi,FiltersExplorer,loadExpandStatus,CategoryNode,0
gephi,FiltersExplorer,saveExpandStatus,FilterUIModel,0
gephi,QueryExplorer,setup,FilterUIModel,0
gephi,QueryExplorer,propertyChange,FilterUIModel,0
gephi,QueryExplorer,loadExpandStatus,Node,0
gephi,QueryExplorer,saveExpandStatus,FilterUIModel,0
gephi,DesktopGeneratorController,generate,LongTaskExecutor,0
gephi,DesktopImportControllerUI,importFiles,LongTaskExecutor,0
gephi,DesktopImportControllerUI,doImport,LongTaskExecutor,0
gephi,DesktopImportControllerUI,importDatabase,LongTaskExecutor,0
gephi,DesktopImportControllerUI,importWizard,LongTaskExecutor,0
gephi,DesktopImportControllerUI,showProcessorIssues,Report,0
gephi,ProcessorIssuesReportPanel,setData,Report,0
gephi,ProcessorIssuesReportPanel,fillIssues,Report,0
gephi,ReportPanel,setData,Report,0
gephi,ReportPanel,fillIssues,Report,1
gephi,LayoutPanel,initEvents,LayoutPresetPersistence,0
gephi,LayoutPanel,loadDefaultProperties,LayoutPresetPersistence,0
gephi,LayoutPanel,reset,LayoutPresetPersistence,0
gephi,LayoutPresetPersistence,deletePreset,Preset,1
gephi,LayoutPresetPersistence,loadPreset,Preset,0
gephi,LayoutPresetPersistence,addPreset,Preset,0
gephi,LayoutTopComponent,refreshModel,LayoutPanel,0
gephi,LayoutPresetPersistenceTest,setUp,LayoutPresetPersistence,0
gephi,LayoutPresetPersistenceTest,tearDown,LayoutPresetPersistence,0
gephi,LayoutPresetPersistenceTest,testEmpty,Contract,0
gephi,LayoutPresetPersistenceTest,testSave,Contract,0
gephi,LayoutPresetPersistenceTest,testSaveMultiple,Contract,0
gephi,LayoutPresetPersistenceTest,testLoad,LayoutPresetPersistence,0
gephi,PresetUtils,removePreset,PreviewPreset,0
gephi,PresetUtils,savePreset,PreviewPreset,0
gephi,PresetUtils,writeXML,PreviewPreset,0
gephi,PresetUtils,addPreset,PreviewPreset,0
gephi,PreviewSettingsTopComponent,isDefaultPreset,PreviewPreset,0
gephi,PreviewSketch,mousePressed,Vector,0
gephi,PreviewSketch,mouseDragged,Vector,0
gephi,PreviewSketch,screenPositionToModelPosition,Vector,1
gephi,PreviewTopComponent,initTarget,PreviewSketch,0
gephi,PreviewUIControllerImpl,refreshPreview,PreviewUIModelImpl,0
gephi,PreviewUIControllerImpl,setVisibilityRatio,PreviewUIModelImpl,0
gephi,PreviewUIControllerImpl,getModel,PreviewUIModelImpl,0
gephi,PreviewUIControllerImpl,getUserPresets,PresetUtils,0
gephi,PreviewUIControllerImpl,setCurrentPreset,PreviewUIModelImpl,0
gephi,PreviewUIControllerImpl,addPreset,PresetUtils,0
gephi,PreviewUIControllerImpl,removePreset,PresetUtils,0
gephi,PreviewUIControllerImpl,hasPreset,PresetUtils,0
gephi,PreviewUIControllerImpl,savePreset,PreviewUIModelImpl,0
gephi,PreviewUIModelImpl,getCurrentPreset,PreviewPreset,0
gephi,PreviewUIModelImpl,setCurrentPreset,PreviewPreset,0
gephi,PreviewUIModelImpl,writeXML,PreviewPreset,0
gephi,DependantColorPanel,itemStateChanged,DependantColorPropertyEditor,0
gephi,DependantColorPanel,setup,DependantColorPropertyEditor,1
gephi,DependantOriginalColorPanel,itemStateChanged,DependantOriginalColorPropertyEditor,0
gephi,DependantOriginalColorPanel,setup,DependantOriginalColorPropertyEditor,1
gephi,EdgeColorPanel,itemStateChanged,EdgeColorPropertyEditor,0
gephi,EdgeColorPanel,setup,EdgeColorPropertyEditor,0
gephi,ProjectControllerUIImpl,saveProject,LongTaskExecutor,0
gephi,ProjectControllerUIImpl,openProject,LongTaskExecutor,0
gephi,ProjectControllerUIImpl,openProject,LongTaskExecutor,0
gephi,ProjectControllerUIImpl,removeProject,LongTaskExecutor,0
gephi,ProjectControllerUIImpl,openFile,LongTaskExecutor,0
gephi,ProjectControllerUIImpl,duplicateWorkspace,LongTaskExecutor,0
gephi,NewWorkspace,createValidationPanel,NewWorkspace,0
gephi,ProjectPropertiesEditor,createValidationPanel,ProjectPropertiesEditor,0
gephi,WorkspacePropertiesEditor,createValidationPanel,WorkspacePropertiesEditor,0
gephi,SearchAction,actionPerformed,SearchUIModel,0
gephi,SearchAction,closeDialog,SearchDialog,0
gephi,SearchDialog,SearchDialog,SearchUIModel,0
gephi,SearchDialog,setup,SearchUIModel,0
gephi,SearchDialog,search,SearchUIModel,0
gephi,NodeIdSearchProvider,toHtmlDisplay,Node,0
gephi,NodePopup,createPopup,Node,0
gephi,SearchControllerImplTest,setUp,SearchControllerImpl,0
gephi,SearchControllerImplTest,cleanUp,SearchControllerImpl,0
gephi,SearchControllerImplTest,testNodeId,SearchControllerImpl,0
gephi,SearchControllerImplTest,testNodeLabel,SearchControllerImpl,0
gephi,SearchControllerImplTest,testUniqueNode,SearchControllerImpl,0
gephi,SearchControllerImplTest,testElement,SearchControllerImpl,0
gephi,SearchControllerImplTest,testFuzzyLabel,SearchControllerImpl,0
gephi,SearchControllerImplTest,testAsync,SearchControllerImpl,0
gephi,SearchControllerImplTest,testAsyncCancel,SearchControllerImpl,0
gephi,SearchControllerImplTest,testCategoryFilter,SearchControllerImpl,0
gephi,SearchControllerImplTest,testFakeCategoryFilter,SearchControllerImpl,0
gephi,SearchControllerImplTest,buildRequest,GraphGenerator,0
gephi,SearchControllerImplTest,buildRequest,GraphGenerator,0
gephi,FuzzyElementLabelSearchProviderTest,testHtmlFirst,Node,0
gephi,FuzzyElementLabelSearchProviderTest,testHtmlLast,Node,0
gephi,FuzzyElementLabelSearchProviderTest,testHtmlMiddle,Node,0
gephi,FuzzyElementLabelSearchProviderTest,testFirstOnly,Node,0
gephi,FuzzyElementLabelSearchProviderTest,testLowerCase,Node,0
gephi,AvailableStatisticsChooser,setup,JSqueezeBoxPanel,0
gephi,DynamicSettingsPanel,createCounpoundPanel,DynamicSettingsPanel,0
gephi,StatisticsControllerUIImpl,setup,StatisticsModelUIImpl,0
gephi,StatisticsControllerUIImpl,execute,StatisticsModelUIImpl,0
gephi,StatisticsControllerUIImpl,execute,StatisticsModelUIImpl,0
gephi,StatisticsControllerUIImpl,setStatisticsUIVisible,StatisticsModelUIImpl,0
gephi,StatisticsPanel,refreshFrontEnd,JSqueezeBoxPanel,0
gephi,StatisticsPanel,initFrontEnds,JSqueezeBoxPanel,0
gephi,StatisticsPanel,initComponents,JSqueezeBoxPanel,0
gephi,StatisticsTopComponent,refreshModel,StatisticsModelUIImpl,0
gephi,StatisticsTopComponent,stateChanged,StatisticsModelUIImpl,0
gephi,BottomComponentImpl,getComponent,TimelineTopComponent,0
gephi,BottomComponentImpl,isVisible,TimelineTopComponent,0
gephi,BottomComponentImpl,setVisible,TimelineTopComponent,0
gephi,CustomBoundsDialog,createValidationPanel,CustomBoundsDialog,0
gephi,Sparkline,getImage,SparklineParameters,0
gephi,Sparkline,draw,SparklineParameters,0
gephi,TickGraph,getImage,TickParameters,1
gephi,TickGraph,draw,TickParameters,0
gephi,TickGraph,drawDate,TickParameters,0
gephi,TickGraph,drawStartEnd,TickParameters,0
gephi,TickGraph,drawReal,TickParameters,0
gephi,TimelineDrawer,consumeEvent,TimelineModelEvent,0
gephi,TimelineDrawer,paintComponent,DrawerSettings,0
gephi,TimelineDrawer,mouseClicked,DrawerSettings,0
gephi,TimelineDrawer,mousePressed,TimelineTooltip,0
gephi,TimelineDrawer,mouseExited,TimelineTooltip,0
gephi,TimelineDrawer,mouseMoved,TimelineTooltip,0
gephi,TimelineDrawer,mouseDragged,DrawerSettings,0
gephi,TimelineTooltip,start,RichTooltip,0
gephi,TimelineTooltip,stop,RichTooltip,0
gephi,TimelineTopComponent,setup,TimelineDrawer,0
gephi,TimelineTopComponent,timelineModelChanged,TimelineDrawer,0
gephi,DesktopToolController,unselect,PropertiesBar,0
gephi,DesktopToolController,getToolbar,PropertiesBar,0
gephi,DesktopToolController,getPropertiesBar,PropertiesBar,0
gephi,PropertiesBar,setEnabled,SelectionBar,0
gephi,ExporterCSV,writeMatrixNode,Node,0
gephi,ExporterCSV,writeListNode,Node,0
gephi,ExporterGDF,exportData,NormalizationHelper,0
gephi,ExporterGDF,defaultNodeColumns,NormalizationHelper,0
gephi,ExporterGEXF,execute,NormalizationHelper,0
gephi,ExporterGEXF,writeNodePosition,NormalizationHelper,0
gephi,ExporterGEXF,writeNodeSize,NormalizationHelper,0
gephi,ExporterGEXF,writeNodeColor,Node,0
gephi,ExporterGML,execute,NormalizationHelper,0
gephi,ExporterGML,printNode,NormalizationHelper,0
gephi,ExporterGraphML,exportData,NormalizationHelper,0
gephi,ExporterGraphML,createNodeAttvalue,Node,0
gephi,ExporterGraphML,createNode,Node,0
gephi,ExporterGraphML,createNodeSize,NormalizationHelper,0
gephi,ExporterGraphML,createNodeColorR,Node,1
gephi,ExporterGraphML,createNodeColorG,Node,1
gephi,ExporterGraphML,createNodeColorB,Node,1
gephi,ExporterGraphML,createNodePositionX,NormalizationHelper,0
gephi,ExporterGraphML,createNodePositionY,NormalizationHelper,0
gephi,ExporterGraphML,createNodePositionZ,NormalizationHelper,0
gephi,ExporterGraphML,createNodeLabel,Node,1
gephi,ExporterJson,execute,NormalizationHelper,0
gephi,ExporterSpreadsheet,exportData,ExportTable,0
gephi,ExporterSpreadsheet,getTableToExport,ExportTable,0
gephi,ExporterSpreadsheet,setTableToExport,ExportTable,0
gephi,ExporterVNA,exportData,NormalizationHelper,0
gephi,ExporterVNA,exportNodeProperties,NormalizationHelper,0
gephi,ExporterVNA,printEdgeData,Node,1
gephi,GEXFTest,createExporter,GraphGenerator,1
gephi,JsonTest,createExporter,GraphGenerator,1
gephi,SpreadsheetTest,createNodeExporter,GraphGenerator,1
gephi,SpreadsheetTest,createExporter,GraphGenerator,1
gephi,VNATest,createExporter,GraphGenerator,1
gephi,UIExporterCSV,setup,ExporterCSV,1
gephi,UIExporterCSV,unsetup,ExporterCSV,0
gephi,UIExporterCSV,getPanel,UIExporterCSVPanel,0
gephi,UIExporterCSVPanel,setup,ExporterCSV,1
gephi,UIExporterCSVPanel,unsetup,ExporterCSV,1
gephi,UIExporterDL,getPanel,UIExporterDLPanel,0
gephi,UIExporterDL,setup,ExporterDL,1
gephi,UIExporterDL,unsetup,ExporterDL,0
gephi,UIExporterDL,isUIForExporter,ExporterDL,0
gephi,UIExporterDLPanel,setup,ExporterDL,1
gephi,UIExporterDLPanel,unsetup,ExporterDL,1
gephi,UIExporterGDF,setup,ExporterGDF,1
gephi,UIExporterGDF,unsetup,ExporterGDF,0
gephi,UIExporterGDF,getPanel,UIExporterGDFPanel,0
gephi,UIExporterGDFPanel,setup,ExporterGDF,1
gephi,UIExporterGDFPanel,unsetup,ExporterGDF,1
gephi,UIExporterGEXF,setup,ExporterGEXF,1
gephi,UIExporterGEXF,unsetup,ExporterGEXF,0
gephi,UIExporterGEXF,getPanel,UIExporterGEXFPanel,0
gephi,UIExporterGEXFPanel,setup,ExporterGEXF,1
gephi,UIExporterGEXFPanel,unsetup,ExporterGEXF,1
gephi,UIExporterGML,getPanel,UIExporterGMLPanel,1
gephi,UIExporterGML,setup,ExporterGML,0
gephi,UIExporterGML,unsetup,ExporterGML,0
gephi,UIExporterGML,isUIForExporter,ExporterGML,0
gephi,UIExporterGMLPanel,createValidationPanel,UIExporterGMLPanel,1
gephi,UIExporterGMLPanel,setup,ExporterGML,1
gephi,UIExporterGMLPanel,unsetup,ExporterGML,1
gephi,UIExporterGraphML,setup,ExporterGraphML,1
gephi,UIExporterGraphML,unsetup,ExporterGraphML,0
gephi,UIExporterGraphML,getPanel,UIExporterGraphMLPanel,0
gephi,UIExporterGraphMLPanel,setup,ExporterGraphML,1
gephi,UIExporterGraphMLPanel,unsetup,ExporterGraphML,1
gephi,UIExporterJson,setup,ExporterJson,1
gephi,UIExporterJson,unsetup,ExporterJson,0
gephi,UIExporterJson,getPanel,UIExporterJsonPanel,0
gephi,UIExporterJsonPanel,setup,ExporterJson,1
gephi,UIExporterJsonPanel,unsetup,ExporterJson,0
gephi,UIExporterPajek,setup,ExporterPajek,1
gephi,UIExporterPajek,unsetup,ExporterPajek,0
gephi,UIExporterPajek,getPanel,UIExporterPajekPanel,0
gephi,UIExporterPajekPanel,setup,ExporterPajek,1
gephi,UIExporterPajekPanel,unsetup,ExporterPajek,1
gephi,UIExporterSpreadsheet,setup,ExporterSpreadsheet,1
gephi,UIExporterSpreadsheet,unsetup,ExporterSpreadsheet,0
gephi,UIExporterSpreadsheet,getPanel,UIExporterSpreadsheetPanel,0
gephi,UIExporterSpreadsheetPanel,setup,ExporterSpreadsheet,1
gephi,UIExporterSpreadsheetPanel,unsetup,ExporterSpreadsheet,1
gephi,UIExporterSpreadsheetPanel,attributesExportCheckboxActionPerformed,ExporterSpreadsheet,1
gephi,UIExporterVNA,getPanel,UIExporterVNAPanel,0
gephi,UIExporterVNA,setup,ExporterVNA,1
gephi,UIExporterVNA,unsetup,ExporterVNA,0
gephi,UIExporterVNA,isUIForExporter,ExporterVNA,0
gephi,UIExporterVNAPanel,setup,ExporterVNA,1
gephi,UIExporterVNAPanel,unsetup,ExporterVNA,1
gephi,Category,Category,Category,0
gephi,Category,getParent,Category,0
gephi,Category,equals,Category,0
gephi,Category,hashCode,Category,0
gephi,FilterAutoRefreshor,FilterAutoRefreshor,FilterModelImpl,0
gephi,FilterAutoRefreshor,manualRefresh,FilterModelImpl,0
gephi,FilterControllerImpl,setValue,FilterProperty,0
gephi,FilterModelImpl,getLibrary,FilterLibraryImpl,0
gephi,FilterModelImpl,setSubQuery,FilterAutoRefreshor,0
gephi,FilterModelImpl,removeSubQuery,FilterAutoRefreshor,0
gephi,FilterModelImpl,setAutoRefresh,FilterAutoRefreshor,0
gephi,FilterModelImpl,getFilterThread,FilterThread,0
gephi,FilterModelImpl,setFilterThread,FilterThread,0
gephi,FilterModelImpl,getAutoRefreshor,FilterAutoRefreshor,0
gephi,FilterModelImpl,setCurrentResult,FilterAutoRefreshor,0
gephi,FilterModelImpl,destroy,FilterAutoRefreshor,0
gephi,FilterModelPersistenceProvider,writeXML,FilterModelImpl,1
gephi,FilterModelPersistenceProvider,writeQuery,FilterModelImpl,0
gephi,FilterModelPersistenceProvider,writeParameter,Serialization,0
gephi,FilterModelPersistenceProvider,readXML,FilterModelImpl,1
gephi,FilterModelPersistenceProvider,readQuery,Serialization,0
gephi,FilterProcessor,process,AbstractQueryImpl,0
gephi,FilterProcessor,simplifyQuery,AbstractQueryImpl,1
gephi,FilterProcessor,getTree,AbstractQueryImpl,0
gephi,FilterThread,FilterThread,FilterModelImpl,0
gephi,FilterThread,run,FilterModelImpl,0
gephi,FilterThread,filter,FilterModelImpl,0
gephi,FilterThread,select,FilterModelImpl,1
gephi,FilterThread,setRootQuery,AbstractQueryImpl,1
gephi,RangePropertyEditor,getValue,Range,0
gephi,RangePropertyEditor,setValue,Range,0
gephi,RangePropertyEditor,getAsText,Range,0
gephi,RangePropertyEditor,setAsText,Range,0
gephi,AbstractAttributeFilterBuilder,AbstractAttributeFilterBuilder,Category,0
gephi,AbstractFilterBuilder,AbstractFilterBuilder,Category,0
gephi,AbstractFilterBuilder,getCategory,Category,0
gephi,AttributeEqualBuilder,getCategory,Category,0
gephi,AttributeNonNullBuilder,getCategory,Category,0
gephi,AttributeRangeBuilder,getCategory,Category,0
gephi,ListAttributeContainsBuilder,getCategory,Category,0
gephi,DynamicRangeBuilder,getCategory,Category,0
gephi,InterEdgesBuilder,getCategory,Category,0
gephi,IntraEdgesBuilder,getCategory,Category,0
gephi,PartitionBuilder,getCategory,Category,0
gephi,PartitionCountBuilder,getCategory,Category,0
gephi,RangePanel,setupHistogram,JQuickHistogram,0
gephi,RangePanel,buildTooltip,JQuickHistogram,0
gephi,RandomGraphPanel,createValidationPanel,RandomGraphPanel,1
gephi,RandomGraphUIImpl,getPanel,RandomGraphPanel,0
gephi,RandomGraphUIImpl,setup,RandomGraph,1
gephi,RandomGraphUIImpl,unsetup,RandomGraphPanel,0
gephi,AbstractDatabase,getPropertiesAssociations,PropertiesAssociations,0
gephi,Report,append,Report,0
gephi,Report,logIssue,Issue,0
gephi,EdgeDraftImpl,EdgeDraftImpl,ImportContainerImpl,0
gephi,EdgeDraftImpl,getSource,NodeDraftImpl,0
gephi,EdgeDraftImpl,setSource,NodeDraftImpl,0
gephi,EdgeDraftImpl,getTarget,NodeDraftImpl,0
gephi,EdgeDraftImpl,setTarget,NodeDraftImpl,0
gephi,EdgeDraftImpl,isSelfLoop,NodeDraftImpl,1
gephi,EdgeDraftImpl,toString,NodeDraftImpl,0
gephi,ElementDraftImpl,ElementDraftImpl,ImportContainerImpl,0
gephi,ElementDraftImpl,getGraphTimestamp,ImportContainerImpl,0
gephi,ElementDraftImpl,getGraphInterval,ImportContainerImpl,0
gephi,ElementDraftImpl,setColor,ImportContainerImpl,0
gephi,ElementDraftImpl,setLabelColor,ImportContainerImpl,0
gephi,ElementDraftImpl,setValue,ImportContainerImpl,0
gephi,ElementDraftImpl,setValue,ImportContainerImpl,0
gephi,ElementDraftImpl,setValue,ImportContainerImpl,0
gephi,ElementDraftImpl,setValue,ImportContainerImpl,0
gephi,ElementDraftImpl,setValue,ImportContainerImpl,0
gephi,ElementDraftImpl,parseAndSetValue,ImportContainerImpl,0
gephi,ElementDraftImpl,parseAndSetValue,ImportContainerImpl,0
gephi,ElementDraftImpl,parseAndSetValue,ImportContainerImpl,0
gephi,ElementDraftImpl,addTimestamp,ImportContainerImpl,0
gephi,ElementDraftImpl,addTimestamp,ImportContainerImpl,0
gephi,ElementDraftImpl,addTimestamps,ImportContainerImpl,0
gephi,ElementDraftImpl,addInterval,ImportContainerImpl,0
gephi,ElementDraftImpl,addIntervals,ImportContainerImpl,0
gephi,ElementDraftImpl,addInterval,ImportContainerImpl,0
gephi,ElementDraftImpl,setAttributeValue,ImportContainerImpl,0
gephi,ElementFactoryImpl,ElementFactoryImpl,ImportContainerImpl,0
gephi,ElementFactoryImpl,newNodeDraft,ImportContainerImpl,0
gephi,ElementFactoryImpl,newNodeDraft,ImportContainerImpl,0
gephi,ElementFactoryImpl,newEdgeDraft,ImportContainerImpl,0
gephi,ElementFactoryImpl,newEdgeDraft,ImportContainerImpl,0
gephi,ImportContainerImpl,factory,ElementFactoryImpl,0
gephi,ImportContainerImpl,addNode,Report,0
gephi,ImportContainerImpl,getNode,Report,0
gephi,ImportContainerImpl,addEdge,Report,0
gephi,ImportContainerImpl,removeNode,NodeDraftImpl,1
gephi,ImportContainerImpl,addNodeColumn,Report,0
gephi,ImportContainerImpl,addEdgeColumn,Report,0
gephi,ImportContainerImpl,setInterval,Report,0
gephi,ImportContainerImpl,setTimestamp,Report,0
gephi,ImportContainerImpl,setElementIdType,Report,0
gephi,ImportContainerImpl,verify,Report,0
gephi,ImportContainerImpl,closeLoader,Report,0
gephi,ImportContainerImpl,mergeDirectedEdges,ImportContainerParameters,0
gephi,ImportContainerImpl,getReport,Report,0
gephi,ImportContainerImpl,setReport,Report,0
gephi,ImportContainerImpl,allowAutoNode,ImportContainerParameters,0
gephi,ImportContainerImpl,allowParallelEdges,ImportContainerParameters,0
gephi,ImportContainerImpl,allowSelfLoop,ImportContainerParameters,0
gephi,ImportContainerImpl,isFillLabelWithId,ImportContainerParameters,0
gephi,ImportContainerImpl,setFillLabelWithId,ImportContainerParameters,0
gephi,ImportContainerImpl,getEdgesMergeStrategy,ImportContainerParameters,0
gephi,ImportContainerImpl,setEdgesMergeStrategy,ImportContainerParameters,0
gephi,ImportContainerImpl,setEdgeDefault,Report,0
gephi,ImportContainerImpl,setAllowAutoNode,ImportContainerParameters,0
gephi,ImportContainerImpl,setAllowParallelEdge,ImportContainerParameters,0
gephi,ImportContainerImpl,setAllowSelfLoop,ImportContainerParameters,0
gephi,ImportContainerImpl,isAutoScale,ImportContainerParameters,0
gephi,ImportContainerImpl,setAutoScale,ImportContainerParameters,0
gephi,ImportContainerImpl,getEdgeType,Report,0
gephi,ImportContainerImpl,getLongId,EdgeDraftImpl,0
gephi,ImportContainerImpl,getLongId,NodeDraftImpl,0
gephi,ImportContainerImpl,getOpposite,EdgeDraftImpl,0
gephi,ImportContainerImpl,checkColorAlpha,Report,0
gephi,ImportContainerImpl,checkSpecialCharacter,Report,0
gephi,NodeDraftImpl,NodeDraftImpl,ImportContainerImpl,0
gephi,ImportContainerImplTest,generateTinyUndirectedGraph,ImportContainerImpl,0
gephi,ImportContainerImplTest,generateTinyGraphWithSelfLoop,ImportContainerImpl,0
gephi,ImportContainerImplTest,generateTinyGraph,ImportContainerImpl,0
gephi,Utils,assertContainerIssues,Report,1
gephi,ImporterEdgeList,execute,Report,1
gephi,ImporterEdgeList,close,Report,0
gephi,ImporterEdgeList,importData,EdgeListDatabaseImpl,0
gephi,ImporterEdgeList,getNodes,NodeColumns,0
gephi,ImporterEdgeList,getEdges,EdgeColumns,0
gephi,ImporterEdgeList,injectElementAttribute,Report,0
gephi,ImporterEdgeList,findNodeAttributesColumns,EdgeListDatabaseImpl,0
gephi,ImporterEdgeList,findEdgeAttributesColumns,EdgeListDatabaseImpl,0
gephi,ImporterEdgeList,findTypeClass,Report,0
gephi,ImporterEdgeList,getDatabase,EdgeListDatabaseImpl,0
gephi,ImporterEdgeList,setDatabase,EdgeListDatabaseImpl,0
gephi,ImporterEdgeList,getReport,Report,0
gephi,ImporterDL,execute,Report,0
gephi,ImporterDL,importData,Report,0
gephi,ImporterDL,computeHeaders,Report,1
gephi,ImporterDL,readLabels,Report,0
gephi,ImporterDL,readeMatrixBlock,Report,1
gephi,ImporterDL,readMatrixRow,Report,1
gephi,ImporterDL,readEdgelistBlock,Report,0
gephi,ImporterDL,readEdgelistRow,Report,0
gephi,ImporterDL,getReport,Report,0
gephi,ImporterDOT,execute,Report,0
gephi,ImporterDOT,setSyntax,StreamTokenizerWithMultilineLiterals,0
gephi,ImporterDOT,graph,Report,0
gephi,ImporterDOT,stmtList,StreamTokenizerWithMultilineLiterals,0
gephi,ImporterDOT,stmt,StreamTokenizerWithMultilineLiterals,0
gephi,ImporterDOT,nodeID,StreamTokenizerWithMultilineLiterals,0
gephi,ImporterDOT,parseColor,StreamTokenizerWithMultilineLiterals,0
gephi,ImporterDOT,nodeAttributes,Report,0
gephi,ImporterDOT,edgeStructure,StreamTokenizerWithMultilineLiterals,1
gephi,ImporterDOT,isEdgeToken,StreamTokenizerWithMultilineLiterals,0
gephi,ImporterDOT,edgeAttributes,Report,0
gephi,ImporterDOT,getReport,Report,0
gephi,ImporterGDF,execute,Report,0
gephi,ImporterGDF,importData,Report,0
gephi,ImporterGDF,walkFile,Report,0
gephi,ImporterGDF,findNodeColumns,Report,0
gephi,ImporterGDF,findEdgeColumns,Report,0
gephi,ImporterGDF,setNodeData,Report,0
gephi,ImporterGDF,setEdgeData,Report,0
gephi,ImporterGDF,getReport,Report,0
gephi,ImporterGEXF,execute,Report,0
gephi,ImporterGEXF,readGexf,Report,0
gephi,ImporterGEXF,readGraph,Report,0
gephi,ImporterGEXF,readNode,Report,0
gephi,ImporterGEXF,readElementAttValue,Report,0
gephi,ImporterGEXF,readElementColor,Report,0
gephi,ImporterGEXF,readNodePosition,Report,0
gephi,ImporterGEXF,readNodeSize,Report,0
gephi,ImporterGEXF,readElementSpell,Report,0
gephi,ImporterGEXF,readEdge,Report,0
gephi,ImporterGEXF,readAttribute,Report,0
gephi,ImporterGEXF,checkTimerepresentationIsInterval,Report,0
gephi,ImporterGEXF,checkTimerepresentationIsTimestamp,Report,0
gephi,ImporterGEXF,getReport,Report,0
gephi,ImporterGML,execute,Report,0
gephi,ImporterGML,importData,Report,0
gephi,ImporterGML,parseGraph,Report,0
gephi,ImporterGML,parseNode,Report,0
gephi,ImporterGML,addEdgeAttributes,Report,0
gephi,ImporterGML,getReport,Report,0
gephi,ImporterGraphML,execute,Report,0
gephi,ImporterGraphML,readGraph,Report,0
gephi,ImporterGraphML,readNode,Report,0
gephi,ImporterGraphML,readNodeAttValue,Report,0
gephi,ImporterGraphML,readEdge,Report,0
gephi,ImporterGraphML,readEdgeAttValue,Report,0
gephi,ImporterGraphML,readAttribute,Report,1
gephi,ImporterGraphML,getReport,Report,0
gephi,ImporterPajek,execute,Report,0
gephi,ImporterPajek,importData,Report,1
gephi,ImporterPajek,readVertex,Report,0
gephi,ImporterPajek,readArcsOrEdges,Report,0
gephi,ImporterPajek,getReport,Report,0
gephi,ImporterTGF,execute,Report,0
gephi,ImporterTGF,importData,Report,0
gephi,ImporterTGF,getReport,Report,0
gephi,ImporterTLP,execute,Report,0
gephi,ImporterTLP,parseEdge,Report,0
gephi,ImporterTLP,getReport,Report,0
gephi,ImporterVNA,execute,Report,0
gephi,ImporterVNA,importData,Report,0
gephi,ImporterVNA,addNodeProperties,Report,0
gephi,ImporterVNA,addEdge,Report,0
gephi,ImporterVNA,getReport,Report,0
gephi,AbstractImporterSpreadsheet,execute,AbstractImportProcess,0
gephi,AbstractImporterSpreadsheet,getReport,Report,0
gephi,AbstractImporterSpreadsheet,cancel,AbstractImportProcess,0
gephi,AbstractImporterSpreadsheet,getMode,SpreadsheetGeneralConfiguration,0
gephi,AbstractImporterSpreadsheet,setMode,SpreadsheetGeneralConfiguration,0
gephi,AbstractImporterSpreadsheet,getTimeRepresentation,SpreadsheetGeneralConfiguration,0
gephi,AbstractImporterSpreadsheet,setTimeRepresentation,SpreadsheetGeneralConfiguration,0
gephi,AbstractImporterSpreadsheet,getTimeZone,SpreadsheetGeneralConfiguration,0
gephi,AbstractImporterSpreadsheet,setTimeZone,SpreadsheetGeneralConfiguration,0
gephi,AbstractImporterSpreadsheet,getColumnsClasses,SpreadsheetGeneralConfiguration,0
gephi,AbstractImporterSpreadsheet,setColumnsClasses,SpreadsheetGeneralConfiguration,0
gephi,AbstractImporterSpreadsheet,getColumnClass,SpreadsheetGeneralConfiguration,0
gephi,AbstractImporterSpreadsheet,setColumnClass,SpreadsheetGeneralConfiguration,0
gephi,SpreadsheetUtils,logInfo,Report,0
gephi,SpreadsheetUtils,logWarning,Report,0
gephi,SpreadsheetUtils,logError,Report,0
gephi,SpreadsheetUtils,logCritical,Report,0
gephi,SpreadsheetUtils,logIssue,Issue,0
gephi,AbstractImportProcess,AbstractImportProcess,SpreadsheetGeneralConfiguration,0
gephi,AbstractImportProcess,logInfo,Report,0
gephi,AbstractImportProcess,logWarning,Report,1
gephi,AbstractImportProcess,logError,Report,1
gephi,AbstractImportProcess,getReport,Report,0
gephi,ImportAdjacencyListProcess,ImportAdjacencyListProcess,SpreadsheetGeneralConfiguration,0
gephi,ImportEdgesProcess,ImportEdgesProcess,SpreadsheetGeneralConfiguration,0
gephi,ImportMatrixProcess,ImportMatrixProcess,SpreadsheetGeneralConfiguration,0
gephi,ImportNodesProcess,ImportNodesProcess,SpreadsheetGeneralConfiguration,0
gephi,AbstractProcessor,addColumnsToTable,Report,0
gephi,AbstractProcessor,flushToNode,Node,1
gephi,AbstractProcessor,flushToElementAttributes,Report,0
gephi,AbstractProcessor,flushEdgeWeight,Report,0
gephi,AbstractProcessor,mergeIntervalSets,Report,0
gephi,AbstractProcessor,configurationMatchesExisting,Report,0
gephi,AbstractProcessor,setContainers,Report,0
gephi,AbstractProcessor,getReport,Report,0
gephi,DefaultProcessor,findIncompatibleEdge,Node,1
gephi,ImportTest,setup,ImportContainerImpl,1
gephi,ImportTest,teardown,ImportContainerImpl,1
gephi,ImportTest,showReport,Report,1
gephi,ImportTest,setEdgesMergeStrategy,ImportContainerImpl,0
gephi,ImportTest,buildMergeWeightsTestGraph,ImportContainerImpl,0
gephi,ImportTest,processMergeWeightsTestGraph,ImportContainerImpl,0
gephi,DynamicEdgeWeightTest,setUp,EdgeDraftImpl,1
gephi,DynamicEdgeWeightTest,testNewEdge,EdgeDraftImpl,0
gephi,DynamicEdgeWeightTest,testMergeWeight,EdgeDraftImpl,0
gephi,DynamicEdgeWeightTest,testPreserveEdgeWeight,EdgeDraftImpl,0
gephi,EdgeWeightTest,setUp,EdgeDraftImpl,1
gephi,EdgeWeightTest,testSumMergeStrategy,EdgeDraftImpl,0
gephi,EdgeWeightTest,testFirstMergeStrategy,EdgeDraftImpl,0
gephi,EdgeWeightTest,testLastMergeStrategy,EdgeDraftImpl,0
gephi,EdgeWeightTest,testNoMergeStrategy,EdgeDraftImpl,0
gephi,EdgeWeightTest,testAvgMergeStrategy,EdgeDraftImpl,0
gephi,EdgeWeightTest,testAvgMergeStrategyWithThree,EdgeDraftImpl,0
gephi,EdgeWeightTest,testMinMergeStrategy,EdgeDraftImpl,0
gephi,EdgeWeightTest,testMaxMergeStrategy,EdgeDraftImpl,0
gephi,EdgeListDatabaseImporterUI,setup,EdgeListPanel,0
gephi,EdgeListDatabaseImporterUI,getPanel,EdgeListPanel,0
gephi,EdgeListDatabaseImporterUI,unsetup,EdgeListPanel,0
gephi,EdgeListDatabaseManager,addDatabase,EdgeListDatabaseImpl,0
gephi,EdgeListDatabaseManager,removeDatabase,EdgeListDatabaseImpl,0
gephi,EdgeListPanel,createValidationPanel,EdgeListPanel,1
gephi,EdgeListPanel,isSqlite,EdgeListPanel,1
gephi,EdgeListPanel,getSelectedDatabase,EdgeListDatabaseManager,1
gephi,EdgeListPanel,populateForm,EdgeListDatabaseImpl,1
gephi,EdgeListPanel,populateEdgeListDatabase,EdgeListDatabaseImpl,1
gephi,EdgeListPanel,removeConfigurationButtonActionPerformed,EdgeListDatabaseManager,0
gephi,SpreadsheetImporterCSVUI,getWizardDescriptor,ImportCSVUIWizard,1
gephi,SpreadsheetImporterExcelUI,getWizardDescriptor,ImportExcelUIWizard,0
gephi,AbstractWizardVisualPanel1,AbstractWizardVisualPanel1,AbstractImporterSpreadsheet,0
gephi,AbstractWizardVisualPanel1,refreshPreviewTable,AbstractImporterSpreadsheet,0
gephi,WizardPanel1CSV,WizardPanel1CSV,ImporterSpreadsheetCSV,0
gephi,WizardPanel1CSV,getComponent,WizardVisualPanel1CSV,0
gephi,WizardPanel1CSV,isValid,WizardVisualPanel1CSV,0
gephi,WizardPanel1CSV,readSettings,WizardVisualPanel1CSV,0
gephi,WizardPanel1CSV,storeSettings,WizardVisualPanel1CSV,0
gephi,WizardPanel1Excel,WizardPanel1Excel,ImporterSpreadsheetExcel,0
gephi,WizardPanel1Excel,getComponent,WizardVisualPanel1Excel,0
gephi,WizardPanel1Excel,isValid,WizardVisualPanel1Excel,0
gephi,WizardPanel1Excel,readSettings,WizardVisualPanel1Excel,0
gephi,WizardPanel1Excel,storeSettings,WizardVisualPanel1Excel,0
gephi,WizardPanel2,WizardPanel2,AbstractImporterSpreadsheet,0
gephi,WizardPanel2,getComponent,WizardVisualPanel2,0
gephi,WizardPanel2,readSettings,WizardVisualPanel2,0
gephi,WizardPanel2,storeSettings,WizardVisualPanel2,0
gephi,WizardVisualPanel1CSV,WizardVisualPanel1CSV,WizardPanel1CSV,0
gephi,WizardVisualPanel1CSV,refreshPreviewTable,WizardPanel1CSV,0
gephi,WizardVisualPanel1CSV,separatorComboBoxItemStateChanged,ImporterSpreadsheetCSV,0
gephi,WizardVisualPanel1CSV,charsetComboBoxItemStateChanged,ImporterSpreadsheetCSV,0
gephi,WizardVisualPanel1CSV,modeComboBoxItemStateChanged,ImporterSpreadsheetCSV,0
gephi,WizardVisualPanel1Excel,WizardVisualPanel1Excel,WizardPanel1Excel,0
gephi,WizardVisualPanel1Excel,refreshPreviewTable,WizardPanel1Excel,0
gephi,WizardVisualPanel1Excel,sheetComboBoxItemStateChanged,ImporterSpreadsheetExcel,0
gephi,WizardVisualPanel1Excel,modeComboBoxItemStateChanged,ImporterSpreadsheetExcel,0
gephi,WizardVisualPanel2,reloadSettings,WizardPanel2,0
gephi,WizardVisualPanel2,loadColumns,AbstractImporterSpreadsheet,0
gephi,WizardVisualPanel2,fillComboBoxWithColumnTypes,AbstractImporterSpreadsheet,0
gephi,LayoutModelImpl,isRunning,LongTaskExecutor,0
gephi,LayoutModelImpl,getExecutor,LongTaskExecutor,0
gephi,MockLayout,MockLayout,MockLayoutBuilder,0
gephi,MockLayout,getBuilder,MockLayoutBuilder,0
gephi,ForceVectorUtils,distance,Node,1
gephi,ForceVectorUtils,fcBiRepulsor,Node,1
gephi,ForceVectorUtils,fcBiRepulsor_y,Node,1
gephi,ForceVectorUtils,fcBiRepulsor_noCollide,Node,1
gephi,ForceVectorUtils,fcUniRepulsor,Node,1
gephi,ForceVectorUtils,fcBiAttractor,Node,1
gephi,ForceVectorUtils,fcBiAttractor_noCollide,Node,1
gephi,ForceVectorUtils,fcBiFlatAttractor,Node,1
gephi,ForceVectorUtils,fcUniAttractor,Node,1
gephi,AbstractForce,calculateForce,Node,0
gephi,AbstractForce,calculateForce,Node,0
gephi,ForceVector,ForceVector,ForceVector,0
gephi,ForceVector,add,ForceVector,0
gephi,ForceVector,subtract,ForceVector,0
gephi,ProportionalDisplacement,moveNode,ForceVector,0
gephi,StepDisplacement,moveNode,ForceVector,1
gephi,BarnesHut,BarnesHut,AbstractForce,0
gephi,BarnesHut,calculateForce,AbstractForce,0
gephi,ForceAtlas2,ForceAtlas2,ForceAtlas2Builder,0
gephi,ForceAtlas2,goAlgo,Region,0
gephi,ForceAtlas2,getBuilder,ForceAtlas2Builder,0
gephi,NodesThread,NodesThread,Region,0
gephi,NodesThread,run,Region,0
gephi,OperationNodeNodeAttract,OperationNodeNodeAttract,Node,0
gephi,OperationNodeNodeAttract,execute,Node,0
gephi,OperationNodeNodeRepulse,OperationNodeNodeRepulse,Node,0
gephi,OperationNodeNodeRepulse,execute,Node,0
gephi,OperationNodeRegionRepulse,OperationNodeRegionRepulse,Region,0
gephi,OperationNodeRegionRepulse,execute,Node,0
gephi,OperationNodeRepulse,OperationNodeRepulse,Node,0
gephi,OperationNodeRepulse,execute,Node,0
gephi,Region,applyForce,Node,0
gephi,LabelAdjust,repulse,Node,1
gephi,Combine,Combine,OpenOrdLayout,0
gephi,Combine,run,OpenOrdLayout,0
gephi,Control,initWorker,Worker,1
gephi,DensityGrid,add,Node,0
gephi,DensityGrid,substract,Node,0
gephi,DensityGrid,substract,Node,1
gephi,DensityGrid,add,Node,1
gephi,DensityGrid,fineSubstract,Node,1
gephi,DensityGrid,fineAdd,Node,1
gephi,OpenOrdLayout,initAlgo,Control,0
gephi,OpenOrdLayout,goAlgo,Combine,0
gephi,OpenOrdLayout,endAlgo,Combine,0
gephi,OpenOrdLayout,getControl,Control,0
gephi,Worker,updateNodePos,DensityGrid,1
gephi,Worker,getNodeEnergy,DensityGrid,0
gephi,Worker,getNextRandom,Random,0
gephi,Worker,getDensityGrid,DensityGrid,0
gephi,Worker,setDensityGrid,DensityGrid,0
gephi,Worker,setRandom,Random,0
gephi,RandomLayout,goAlgo,Random,0
gephi,AsynchronousTest,setUp,LongTaskExecutor,0
gephi,AsynchronousTest,testExecuteCallable,LongTaskExecutor,0
gephi,AsynchronousTest,testExecuteCallableException,LongTaskExecutor,0
gephi,AsynchronousTest,testExecuteCallableExceptionFuture,LongTaskExecutor,0
gephi,AsynchronousTest,testCancel,LongTaskExecutor,0
gephi,AsynchronousTest,testExecuteTwice,LongTaskExecutor,0
gephi,AsynchronousTest,testCancelRunnableInterrupt,LongTaskExecutor,0
gephi,SynchronousTest,setUp,LongTaskExecutor,0
gephi,SynchronousTest,testExecuteRunnable,LongTaskExecutor,0
gephi,SynchronousTest,testExecuteRunnableWithProgress,LongTaskExecutor,0
gephi,SynchronousTest,testExecuteRunnableException,LongTaskExecutor,0
gephi,SynchronousTest,testExecuteRunnableProgressWithException,LongTaskExecutor,0
gephi,SynchronousTest,testExecuteRunnableListener,LongTaskExecutor,0
gephi,SynchronousTest,testExecuteCallable,LongTaskExecutor,0
gephi,SynchronousTest,testExecuteCallableException,LongTaskExecutor,0
gephi,PreviewControllerImpl,render,PreviewModelImpl,0
gephi,PreviewControllerImpl,sendMouseEvent,PreviewMouseEvent,0
gephi,PreviewControllerImpl,sendMouseEvent,PreviewMouseEvent,1
gephi,PreviewModelImpl,initProperties,PreviewProperties,0
gephi,PreviewModelImpl,getProperties,PreviewProperties,0
gephi,PreviewModelImpl,isItemBuilderNeeded,PreviewProperties,0
gephi,PreviewModelImpl,updateCanvasSize,CanvasSize,0
gephi,PreviewModelImpl,getGraphicsCanvasSize,CanvasSize,0
gephi,PreviewModelImpl,reloadProperties,PreviewProperties,0
gephi,PreviewModelImpl,writeXML,PreviewProperties,1
gephi,PreviewPreset,compareTo,PreviewPreset,1
gephi,PreviewProperties,addProperty,PreviewProperty,1
gephi,PreviewProperties,removeProperty,PreviewProperty,1
gephi,PreviewProperties,getChildProperties,PreviewProperty,0
gephi,PreviewProperties,getParentProperties,PreviewProperty,0
gephi,PreviewProperties,applyPreset,PreviewPreset,0
gephi,Vector,div,Vector,0
gephi,Vector,mult,Vector,0
gephi,Vector,add,Vector,0
gephi,Vector,sub,Vector,0
gephi,Vector,set,Vector,0
gephi,Vector,add,Vector,0
gephi,Vector,sub,Vector,0
gephi,MockRendererA,render,PreviewProperties,0
gephi,MockRendererA,postProcess,PreviewProperties,0
gephi,MockRendererA,isRendererForitem,PreviewProperties,0
gephi,MockRendererA,needsItemBuilder,PreviewProperties,0
gephi,MockRendererA,getCanvasSize,PreviewProperties,0
gephi,MockRendererB,render,PreviewProperties,0
gephi,MockRendererB,postProcess,PreviewProperties,0
gephi,MockRendererB,isRendererForitem,PreviewProperties,0
gephi,MockRendererB,needsItemBuilder,PreviewProperties,0
gephi,MockRendererB,getCanvasSize,PreviewProperties,0
gephi,UIExporterPDF,setup,PDFExporter,1
gephi,UIExporterPDF,unsetup,PDFExporter,0
gephi,UIExporterPDF,getPanel,UIExporterPDFPanel,1
gephi,UIExporterPDFPanel,createValidationPanel,UIExporterPDFPanel,1
gephi,UIExporterPDFPanel,setup,PDFExporter,1
gephi,UIExporterPDFPanel,unsetup,PDFExporter,1
gephi,UIExporterPNG,getPanel,UIExporterPNGPanel,1
gephi,UIExporterPNG,setup,PNGExporter,0
gephi,UIExporterPNG,unsetup,PNGExporter,0
gephi,UIExporterPNG,isUIForExporter,PNGExporter,0
gephi,UIExporterPNGPanel,createValidationPanel,UIExporterPNGPanel,1
gephi,UIExporterPNGPanel,setup,PNGExporter,1
gephi,UIExporterPNGPanel,unsetup,PNGExporter,0
gephi,UIExporterSVG,setup,SVGExporter,0
gephi,UIExporterSVG,unsetup,SVGExporter,0
gephi,UIExporterSVG,getPanel,UIExporterSVGPanel,0
gephi,UIExporterSVGPanel,setup,SVGExporter,0
gephi,UIExporterSVGPanel,unsetup,SVGExporter,0
gephi,NodeItem,NodeItem,Node,0
gephi,NodeLabelItem,NodeLabelItem,Node,0
gephi,ArrowRenderer,postProcess,PreviewProperties,0
gephi,ArrowRenderer,showArrows,PreviewProperties,1
gephi,ArrowRenderer,isRendererForitem,PreviewProperties,0
gephi,ArrowRenderer,needsItemBuilder,PreviewProperties,0
gephi,EdgeLabelRenderer,render,PreviewProperties,1
gephi,EdgeLabelRenderer,postProcess,PreviewProperties,0
gephi,EdgeLabelRenderer,getProperties,DependantColor,0
gephi,EdgeLabelRenderer,showEdgeLabels,PreviewProperties,1
gephi,EdgeLabelRenderer,isRendererForitem,PreviewProperties,0
gephi,EdgeLabelRenderer,needsItemBuilder,PreviewProperties,0
gephi,EdgeRenderer,render,PreviewProperties,0
gephi,EdgeRenderer,postProcess,PreviewProperties,0
gephi,EdgeRenderer,getCanvasSize,PreviewProperties,0
gephi,EdgeRenderer,getProperties,EdgeColor,0
gephi,EdgeRenderer,isRendererForitem,PreviewProperties,0
gephi,EdgeRenderer,needsItemBuilder,PreviewProperties,0
gephi,EdgeRenderer,showEdges,PreviewProperties,0
gephi,NodeLabelRenderer,render,PreviewProperties,1
gephi,NodeLabelRenderer,postProcess,PreviewProperties,0
gephi,NodeLabelRenderer,renderSVG,Node,0
gephi,NodeLabelRenderer,renderPDF,Node,0
gephi,NodeLabelRenderer,getProperties,DependantColor,0
gephi,NodeLabelRenderer,showNodeLabels,PreviewProperties,1
gephi,NodeLabelRenderer,isRendererForitem,PreviewProperties,0
gephi,NodeLabelRenderer,needsItemBuilder,PreviewProperties,0
gephi,NodeRenderer,render,PreviewProperties,0
gephi,NodeRenderer,postProcess,PreviewProperties,0
gephi,NodeRenderer,getBorderWidth,PreviewProperties,0
gephi,NodeRenderer,renderG2D,PreviewProperties,0
gephi,NodeRenderer,renderSVG,PreviewProperties,0
gephi,NodeRenderer,renderPDF,PreviewProperties,0
gephi,NodeRenderer,getProperties,DependantColor,0
gephi,NodeRenderer,showNodes,PreviewProperties,0
gephi,NodeRenderer,isRendererForitem,PreviewProperties,0
gephi,NodeRenderer,needsItemBuilder,PreviewProperties,0
gephi,ProjectControllerImpl,newProjectInternal,ProjectsImpl,0
gephi,ProjectControllerImpl,openProject,LongTaskExecutor,0
gephi,ProjectControllerImpl,saveProject,LongTaskExecutor,0
gephi,ProjectControllerImpl,closeCurrentProject,ProjectsImpl,0
gephi,ProjectControllerImpl,removeProject,ProjectsImpl,0
gephi,ProjectControllerImpl,getProjects,ProjectsImpl,0
gephi,ProjectControllerImpl,getAllProjects,ProjectsImpl,0
gephi,ProjectControllerImpl,hasCurrentProject,ProjectsImpl,0
gephi,ProjectControllerImpl,openProjectInternal,ProjectsImpl,0
gephi,ProjectControllerImpl,getCurrentProject,ProjectsImpl,0
gephi,ProjectControllerImpl,getCurrentWorkspace,ProjectsImpl,0
gephi,ProjectControllerImpl,duplicateWorkspace,LongTaskExecutor,0
gephi,ProjectImpl,getCurrentWorkspace,WorkspaceProviderImpl,0
gephi,ProjectImpl,hasCurrentWorkspace,WorkspaceProviderImpl,0
gephi,ProjectImpl,setCurrentWorkspace,WorkspaceProviderImpl,1
gephi,ProjectImpl,newWorkspace,WorkspaceProviderImpl,1
gephi,ProjectImpl,newWorkspace,WorkspaceProviderImpl,1
gephi,ProjectImpl,getWorkspaces,WorkspaceProviderImpl,0
gephi,ProjectImpl,getWorkspace,WorkspaceProviderImpl,1
gephi,ProjectImpl,open,ProjectInformationImpl,1
gephi,ProjectImpl,close,WorkspaceProviderImpl,1
gephi,ProjectImpl,isOpen,ProjectInformationImpl,0
gephi,ProjectImpl,isClosed,ProjectInformationImpl,0
gephi,ProjectImpl,isInvalid,ProjectInformationImpl,0
gephi,ProjectImpl,getName,ProjectInformationImpl,0
gephi,ProjectImpl,hasFile,ProjectInformationImpl,0
gephi,ProjectImpl,getFileName,ProjectInformationImpl,0
gephi,ProjectImpl,getFile,ProjectInformationImpl,0
gephi,ProjectImpl,setFile,ProjectInformationImpl,1
gephi,ProjectImpl,getProjectMetadata,ProjectMetaDataImpl,0
gephi,ProjectImpl,compareTo,ProjectImpl,0
gephi,ProjectsImpl,addProject,ProjectImpl,1
gephi,ProjectsImpl,addOrReplaceProject,ProjectImpl,1
gephi,ProjectsImpl,removeProject,ProjectImpl,1
gephi,ProjectsImpl,getCurrentProject,ProjectImpl,0
gephi,ProjectsImpl,setCurrentProject,ProjectImpl,1
gephi,ProjectsImpl,hasCurrentProject,ProjectImpl,0
gephi,ProjectsImpl,closeCurrentProject,ProjectImpl,0
gephi,WorkspaceImpl,WorkspaceImpl,ProjectImpl,0
gephi,WorkspaceImpl,getProject,ProjectImpl,0
gephi,WorkspaceImpl,isOpen,WorkspaceInformationImpl,0
gephi,WorkspaceImpl,isClosed,WorkspaceInformationImpl,0
gephi,WorkspaceImpl,isInvalid,WorkspaceInformationImpl,0
gephi,WorkspaceImpl,close,WorkspaceInformationImpl,0
gephi,WorkspaceImpl,open,WorkspaceInformationImpl,0
gephi,WorkspaceImpl,hasSource,WorkspaceInformationImpl,0
gephi,WorkspaceImpl,getSource,WorkspaceInformationImpl,0
gephi,WorkspaceImpl,getWorkspaceMetadata,WorkspaceMetaDataImpl,0
gephi,WorkspaceProviderImpl,WorkspaceProviderImpl,ProjectImpl,0
gephi,WorkspaceProviderImpl,newWorkspace,ProjectImpl,0
gephi,WorkspaceProviderImpl,getCurrentWorkspace,WorkspaceImpl,0
gephi,WorkspaceProviderImpl,getProject,ProjectImpl,0
gephi,WorkspaceProviderImpl,purge,WorkspaceImpl,0
gephi,WorkspaceProviderImpl,setCurrentWorkspace,WorkspaceImpl,0
gephi,WorkspaceProviderImpl,hasCurrentWorkspace,WorkspaceImpl,0
gephi,WorkspaceProviderImpl,getNextWorkspaceId,ProjectImpl,0
gephi,GephiReader,readProject,ProjectsImpl,1
gephi,GephiReader,readWorkspace,ProjectImpl,1
gephi,GephiReader,readProjectMetadata,ProjectImpl,0
gephi,LoadTask,execute,ProjectsImpl,0
gephi,LoadTask,readProject,ProjectsImpl,0
gephi,LoadTask,readWorkspace,ProjectImpl,0
gephi,GephiWriterReaderTest,writeAndReadProject,ProjectImpl,0
gephi,SaveAndLoadTaskTest,saveAndLoad,ProjectImpl,1
gephi,SaveAndLoadTaskTest,saveAndLoadOverwrite,ProjectImpl,1
gephi,SaveAndLoadTaskTest,saveAndLoad,ProjectImpl,1
gephi,Utils,getCurrentWorkspace,ProjectImpl,0
gephi,StatisticsControllerImpl,executeStatic,StatisticsModelImpl,1
gephi,StatisticsControllerImpl,executeDynamic,StatisticsModelImpl,0
gephi,Renumbering,compare,EdgeWrapper,0
gephi,EdgeWrapper,EdgeWrapper,ArrayWrapper,0
gephi,ClusteringCoefficient,createNeighbourTable,Node,0
gephi,ClusteringCoefficient,increaseCCifNesessary,Node,0
gephi,ClusteringCoefficient,computeNodeClusteringCoefficient,Node,0
gephi,ClusteringCoefficient,saveCalculatedValue,Node,0
gephi,ConnectedComponents,tarjans,Node,0
gephi,ConnectedComponents,getComponentNumber,Node,0
gephi,Degree,calculateInDegree,Node,0
gephi,Degree,calculateOutDegree,Node,0
gephi,Degree,calculateDegree,Node,0
gephi,GraphDistance,setInitParametetrsForNode,Node,0
gephi,GraphDistance,getEdgeIter,Node,0
gephi,PageRank,updateValueForNode,Node,0
gephi,DynamicClusteringCoefficient,loop,ClusteringCoefficient,0
gephi,DynamicClusteringCoefficient,end,ClusteringCoefficient,0
gephi,ClusteringCoefficientUI,getSettingsPanel,ClusteringCoefficientPanel,0
gephi,ClusteringCoefficientUI,setup,ClusteringCoefficient,0
gephi,ClusteringCoefficientUI,unsetup,ClusteringCoefficientPanel,0
gephi,ClusteringCoefficientUI,getValue,ClusteringCoefficient,0
gephi,ConnectedComponentUI,getSettingsPanel,ConnectedComponentPanel,0
gephi,ConnectedComponentUI,setup,ConnectedComponents,0
gephi,ConnectedComponentUI,unsetup,ConnectedComponentPanel,0
gephi,ConnectedComponentUI,getValue,ConnectedComponents,0
gephi,DegreeUI,setup,Degree,0
gephi,DegreeUI,unsetup,Degree,0
gephi,DegreeUI,getValue,Degree,0
gephi,DiameterUI,getSettingsPanel,GraphDistancePanel,0
gephi,DiameterUI,setup,GraphDistance,0
gephi,DiameterUI,unsetup,GraphDistance,0
gephi,DiameterUI,getValue,GraphDistance,0
gephi,EigenvectorCentralityUI,getSettingsPanel,EigenvectorCentralityPanel,0
gephi,EigenvectorCentralityUI,setup,EigenvectorCentrality,0
gephi,EigenvectorCentralityUI,unsetup,EigenvectorCentrality,0
gephi,GraphDensityUI,getSettingsPanel,GraphDensityPanel,0
gephi,GraphDensityUI,setup,GraphDensity,0
gephi,GraphDensityUI,unsetup,GraphDensityPanel,0
gephi,GraphDensityUI,getValue,GraphDensity,0
gephi,HitsUI,getSettingsPanel,HitsPanel,0
gephi,HitsUI,setup,Hits,0
gephi,HitsUI,unsetup,Hits,0
gephi,ModularityUI,getSettingsPanel,ModularityPanel,0
gephi,ModularityUI,setup,Modularity,0
gephi,ModularityUI,unsetup,ModularityPanel,0
gephi,ModularityUI,getValue,Modularity,0
gephi,PageRankUI,getSettingsPanel,PageRankPanel,0
gephi,PageRankUI,setup,PageRank,0
gephi,PageRankUI,unsetup,PageRank,0
gephi,PathLengthUI,getSettingsPanel,GraphDistancePanel,0
gephi,PathLengthUI,setup,GraphDistance,0
gephi,PathLengthUI,unsetup,GraphDistancePanel,0
gephi,PathLengthUI,getValue,GraphDistance,0
gephi,StatisticalInferenceClusteringUI,setup,StatisticalInferenceClustering,0
gephi,StatisticalInferenceClusteringUI,unsetup,StatisticalInferenceClustering,0
gephi,StatisticalInferenceClusteringUI,getValue,StatisticalInferenceClustering,0
gephi,WeightedDegreeUI,setup,WeightedDegree,0
gephi,WeightedDegreeUI,unsetup,WeightedDegree,0
gephi,WeightedDegreeUI,getValue,WeightedDegree,0
gephi,DynamicClusteringCoefficientUI,getSettingsPanel,DynamicClusteringCoefficientPanel,0
gephi,DynamicClusteringCoefficientUI,setup,DynamicClusteringCoefficient,0
gephi,DynamicClusteringCoefficientUI,unsetup,DynamicClusteringCoefficient,0
gephi,DynamicDegreeUI,getSettingsPanel,DynamicDegreePanel,0
gephi,DynamicDegreeUI,setup,DynamicDegree,0
gephi,DynamicDegreeUI,unsetup,DynamicDegreePanel,0
gephi,DynamicNbEdgesUI,getSettingsPanel,DynamicNbEdgesPanel,0
gephi,DynamicNbEdgesUI,setup,DynamicNbEdges,0
gephi,DynamicNbEdgesUI,unsetup,DynamicNbEdges,0
gephi,DynamicNbNodesUI,getSettingsPanel,DynamicNbNodesPanel,0
gephi,DynamicNbNodesUI,setup,DynamicNbNodes,0
gephi,DynamicNbNodesUI,unsetup,DynamicNbNodes,0
gephi,GraphObserverThread,GraphObserverThread,TimelineModelImpl,0
gephi,GraphObserverThread,run,TimelineControllerImpl,0
gephi,TimelineControllerImpl,getModel,TimelineModelImpl,0
gephi,TimelineControllerImpl,setup,TimelineModelImpl,0
gephi,TimelineControllerImpl,setMinMax,TimelineModelImpl,0
gephi,TimelineControllerImpl,setCustomBounds,TimelineModelImpl,0
gephi,TimelineControllerImpl,setEnabled,TimelineModelImpl,0
gephi,TimelineControllerImpl,setInterval,TimelineModelImpl,0
gephi,TimelineControllerImpl,selectColumn,TimelineModelImpl,0
gephi,TimelineControllerImpl,fireTimelineModelEvent,TimelineModelEvent,0
gephi,TimelineControllerImpl,startPlay,TimelineModelImpl,0
gephi,TimelineControllerImpl,stopPlay,TimelineModelImpl,0
gephi,TimelineControllerImpl,setPlaySpeed,TimelineModelImpl,0
gephi,TimelineControllerImpl,setPlayStep,TimelineModelImpl,0
gephi,TimelineControllerImpl,setPlayMode,TimelineModelImpl,0
gephi,Brush,unselect,BrushPanel,0
gephi,Brush,getListeners,BrushPanel,0
gephi,Brush,getUI,BrushPanel,0
gephi,EdgePencil,updatePanel,EdgePencilPanel,0
gephi,EdgePencil,unselect,EdgePencilPanel,1
gephi,EdgePencil,getListeners,Node,0
gephi,EdgePencil,getUI,EdgePencilPanel,0
gephi,HeatMap,unselect,HeatMapPanel,0
gephi,HeatMap,getListeners,HeatMapPanel,0
gephi,HeatMap,getUI,HeatMapPanel,0
gephi,NodePencil,unselect,NodePencilPanel,0
gephi,NodePencil,getListeners,NodePencilPanel,0
gephi,NodePencil,getUI,NodePencilPanel,0
gephi,Painter,unselect,PainterPanel,0
gephi,Painter,getListeners,PainterPanel,1
gephi,Painter,getUI,PainterPanel,1
gephi,ShortestPath,unselect,ShortestPathPanel,0
gephi,ShortestPath,getListeners,Node,0
gephi,ShortestPath,getUI,ShortestPathPanel,0
gephi,Sizer,unselect,SizerPanel,0
gephi,Sizer,getListeners,SizerPanel,0
gephi,Sizer,getUI,SizerPanel,0
gephi,HeatMapPanel,getGradientColors,GradientSlider,0
gephi,HeatMapPanel,getGradientPositions,GradientSlider,0
gephi,EditNodes,EditNodes,Node,0
gephi,EditNodes,buildGeneralPositionProperty,Node,0
gephi,EditToolTopComponent,editNode,Node,0
gephi,JRangeSliderPanel,refreshBoundTexts,Range,0
gephi,JRangeSliderPanel,getRange,Range,0
gephi,JRangeSliderPanel,setRange,Range,0
gephi,GradientSliderUI,GradientSliderUI,GradientSlider,0
gephi,MultiThumbSliderUI,MultiThumbSliderUI,MultiThumbSlider,0
gephi,MultiThumbSliderUI,mousePressed,MultiThumbSlider,0
gephi,MultiThumbSliderUI,mouseMoved,MultiThumbSlider,0
gephi,MultiThumbSliderUI,mouseDragged,Rectangle,0
gephi,MultiThumbSliderUI,mouseReleased,MultiThumbSlider,0
gephi,MultiThumbSliderUI,addThumb,MultiThumbSlider,0
gephi,MultiThumbSliderUI,updateIndication,MultiThumbSlider,0
gephi,MultiThumbSliderUI,calculateGeometry,Rectangle,0
gephi,MultiThumbSliderUI,calculateTrackRect,MultiThumbSlider,0
gephi,MultiThumbSliderUI,nudge,Rectangle,0
gephi,MultiThumbSliderUI,installUI,MultiThumbSlider,0
gephi,MultiThumbSliderUI,paint,MultiThumbSlider,0
gephi,MultiThumbSliderUI,uninstallUI,MultiThumbSlider,0
gephi,PaintUtils,drawBevel,Rectangle,1
gephi,BasicRichTooltipPanelUI,installUI,JRichTooltipPanel,1
gephi,BasicRichTooltipPanelUI,uninstallUI,JRichTooltipPanel,1
gephi,BasicRichTooltipPanelUI,installDefaults,JRichTooltipPanel,1
gephi,BasicRichTooltipPanelUI,uninstallDefaults,JRichTooltipPanel,0
gephi,BasicRichTooltipPanelUI,paintBackground,JRichTooltipPanel,1
gephi,BasicRichTooltipPanelUI,removeExistingComponents,JRichTooltipPanel,0
gephi,JRichTooltipPanel,JRichTooltipPanel,RichTooltip,0
gephi,JRichTooltipPanel,setUI,RichTooltipPanelUI,0
gephi,JRichTooltipPanel,getTooltipInfo,RichTooltip,0
gephi,SplineControlPanel,SplineControlPanel,SplineEditor,0
gephi,SplineControlPanel,buildDebugControls,SplineEditor,0
gephi,SplineControlPanel,buildEquationDisplay,SplineDisplay,0
gephi,SplineControlPanel,getDisplay,SplineDisplay,0
gephi,SplineEditor,buildControlPanel,SplineControlPanel,0
gephi,SplineEditor,getControl1,SplineControlPanel,0
gephi,SplineEditor,setControl1,SplineControlPanel,0
gephi,SplineEditor,getControl2,SplineControlPanel,0
gephi,SplineEditor,setControl2,SplineControlPanel,0
gephi,EquationDisplay,addEquation,AbstractEquation,0
gephi,EquationDisplay,removeEquation,AbstractEquation,0
gephi,EquationDisplay,drawEquation,AbstractEquation,1
gephi,SupportedColumnTypeWrapper,compareTo,SupportedColumnTypeWrapper,0
gephi,PaletteUtils,get3ClassPalette,Palette,0
gephi,PaletteUtils,reversePalette,Palette,1
gephi,Serialization,getValueAsText,Serialization,0
gephi,Serialization,getValueAsText,Serialization,0
gephi,Serialization,readValueFromText,Serialization,0
gephi,SparklineComponent,SparklineComponent,SparklineParameters,0
gephi,SparklineComponent,SparklineComponent,SparklineParameters,0
gephi,SparklineComponent,SparklineComponent,SparklineParameters,0
gephi,SparklineComponent,SparklineComponent,SparklineParameters,0
gephi,SparklineComponent,paintComponent,SparklineParameters,1
gephi,SparklineGraph,draw,SparklineParameters,1
gephi,SparklineGraph,draw,SparklineParameters,1
gephi,SparklineGraph,draw,SparklineParameters,1
gephi,SparklineGraph,draw,SparklineParameters,1
gephi,IntersectionPoint,getIntersectionPoint,Vec3f,0
gephi,IntersectionPoint,setIntersectionPoint,Vec3f,0
gephi,Line,Line,Vec3f,0
gephi,Line,getDirection,Vec3f,0
gephi,Line,setDirection,Vec3f,1
gephi,Line,getPoint,Vec3f,0
gephi,Line,setPoint,Vec3f,1
gephi,Line,projectPoint,Vec3f,1
gephi,Line,closestPointToRay,Vec3f,1
gephi,Line,recalc,Vec3f,0
gephi,Mat2f,setCol,Vec2f,1
gephi,Mat2f,setRow,Vec2f,1
gephi,Mat2f,xformVec,Vec2f,1
gephi,Mat2f,mul,Mat2f,0
gephi,Mat2f,mul,Mat2f,0
gephi,Mat3f,setCol,Vec3f,1
gephi,Mat3f,setRow,Vec3f,1
gephi,Mat3f,xformVec,Vec3f,1
gephi,Mat3f,mul,Mat3f,0
gephi,Mat3f,mul,Mat3f,0
gephi,Mat4f,Mat4f,Mat4f,0
gephi,Mat4f,set,Mat4f,1
gephi,Mat4f,setTranslation,Vec3f,1
gephi,Mat4f,setRotation,Rotf,0
gephi,Mat4f,setRotation,Vec3f,1
gephi,Mat4f,getRotation,Rotf,0
gephi,Mat4f,setScale,Vec3f,1
gephi,Mat4f,mul,Mat4f,0
gephi,Mat4f,mul,Mat4f,0
gephi,Mat4f,xformVec,Vec4f,0
gephi,Mat4f,xformPt,Vec3f,0
gephi,Mat4f,xformDir,Vec3f,0
gephi,Matf,Matf,Matf,0
gephi,Matf,mul,Matf,0
gephi,Matf,mul,Vecf,0
gephi,MathUtil,makePerpendicular,Vec3f,0
gephi,Plane,Plane,Vec3f,0
gephi,Plane,getNormal,Vec3f,0
gephi,Plane,setNormal,Vec3f,1
gephi,Plane,getPoint,Vec3f,0
gephi,Plane,setPoint,Vec3f,1
gephi,Plane,projectPoint,Vec3f,1
gephi,Plane,intersectRay,Vec3f,1
gephi,Plane,recalc,Vec3f,1
gephi,PlaneUV,PlaneUV,Vec3f,0
gephi,PlaneUV,PlaneUV,Vec3f,0
gephi,PlaneUV,PlaneUV,Vec3f,0
gephi,PlaneUV,getOrigin,Vec3f,0
gephi,PlaneUV,setOrigin,Vec3f,1
gephi,PlaneUV,setNormalAndUV,Vec3f,1
gephi,PlaneUV,setNormalAndU,Vec3f,1
gephi,PlaneUV,getNormal,Vec3f,0
gephi,PlaneUV,setNormal,Vec3f,1
gephi,PlaneUV,getUAxis,Vec3f,0
gephi,PlaneUV,getVAxis,Vec3f,0
gephi,PlaneUV,projectPoint,Vec3f,1
gephi,PlaneUV,intersectRay,Vec3f,1
gephi,PlaneUV,setEverything,Vec3f,1
gephi,Rotf,Rotf,Rotf,0
gephi,Rotf,Rotf,Vec3f,0
gephi,Rotf,Rotf,Vec3f,0
gephi,Rotf,withinEpsilon,Rotf,1
gephi,Rotf,set,Vec3f,0
gephi,Rotf,set,Rotf,0
gephi,Rotf,set,Vec3f,0
gephi,Rotf,get,Vec3f,1
gephi,Rotf,times,Rotf,0
gephi,Rotf,mul,Rotf,1
gephi,Rotf,toMatrix,Mat4f,1
gephi,Rotf,fromMatrix,Mat4f,1
gephi,Rotf,rotateVector,Vec3f,1
gephi,Rotf,rotateVector,Vec3f,0
gephi,Vec2f,Vec2f,Vec2f,0
gephi,Vec2f,set,Vec2f,0
gephi,Vec2f,dot,Vec2f,1
gephi,Vec2f,plus,Vec2f,0
gephi,Vec2f,add,Vec2f,0
gephi,Vec2f,add,Vec2f,0
gephi,Vec2f,addScaled,Vec2f,0
gephi,Vec2f,addScaled,Vec2f,0
gephi,Vec2f,minus,Vec2f,0
gephi,Vec2f,sub,Vec2f,0
gephi,Vec2f,sub,Vec2f,0
gephi,Vec3d,Vec3d,Vec3d,0
gephi,Vec3d,set,Vec3d,1
gephi,Vec3d,dot,Vec3d,0
gephi,Vec3d,plus,Vec3d,0
gephi,Vec3d,add,Vec3d,0
gephi,Vec3d,add,Vec3d,0
gephi,Vec3d,addScaled,Vec3d,0
gephi,Vec3d,addScaled,Vec3d,0
gephi,Vec3d,minus,Vec3d,0
gephi,Vec3d,sub,Vec3d,0
gephi,Vec3d,sub,Vec3d,0
gephi,Vec3d,cross,Vec3d,0
gephi,Vec3d,cross,Vec3d,0
gephi,Vec3f,Vec3f,Vec3f,0
gephi,Vec3f,set,Vec3f,0
gephi,Vec3f,dot,Vec3f,0
gephi,Vec3f,plus,Vec3f,0
gephi,Vec3f,add,Vec3f,0
gephi,Vec3f,add,Vec3f,0
gephi,Vec3f,addScaled,Vec3f,0
gephi,Vec3f,addScaled,Vec3f,0
gephi,Vec3f,minus,Vec3f,0
gephi,Vec3f,sub,Vec3f,0
gephi,Vec3f,sub,Vec3f,0
gephi,Vec3f,cross,Vec3f,0
gephi,Vec3f,cross,Vec3f,0
gephi,Vec3f,componentMul,Vec3f,1
gephi,Vec4f,Vec4f,Vec4f,0
gephi,Vec4f,set,Vec4f,0
gephi,Vec4f,dot,Vec4f,1
gephi,Vec4f,plus,Vec4f,0
gephi,Vec4f,add,Vec4f,0
gephi,Vec4f,add,Vec4f,0
gephi,Vec4f,addScaled,Vec4f,0
gephi,Vec4f,addScaled,Vec4f,0
gephi,Vec4f,minus,Vec4f,0
gephi,Vec4f,sub,Vec4f,0
gephi,Vec4f,sub,Vec4f,0
gephi,Vec4f,componentMul,Vec4f,1
gephi,Vecf,Vecf,Vecf,0
gephi,Veci,Veci,Veci,0
gephi,GraphLimits,getDistanceFromPoint,Vec3f,0
gephi,GraphLimits,setClosestPoint,Vec3f,0
gephi,VizController,getInstance,VizController,0
gephi,VizController,initInstances,AbstractEngine,0
gephi,VizController,refreshWorkspace,VizModel,1
gephi,VizController,destroy,SelectionManager,0
gephi,VizController,resetSelection,VizModel,0
gephi,VizController,centerOnNode,SelectionManager,0
gephi,VizController,centerOnEdge,SelectionManager,0
gephi,VizController,selectNode,Node,0
gephi,VizController,selectNodes,VizModel,0
gephi,VizController,selectEdges,VizModel,0
gephi,VizController,getSelectedNodes,SelectionManager,0
gephi,VizController,getSelectedEdges,SelectionManager,0
gephi,VizController,getEdgeTextColumns,VizModel,0
gephi,VizController,getNodeTextColumns,VizModel,0
gephi,VizController,getVizModel,VizModel,0
gephi,VizController,getDrawable,GLAbstractListener,0
gephi,VizController,getEngine,AbstractEngine,0
gephi,VizController,getVizConfig,VizConfig,0
gephi,VizController,getLimits,GraphLimits,0
gephi,VizController,getDataBridge,DataBridge,0
gephi,VizController,getTextManager,TextManager,0
gephi,VizController,getScreenshotMaker,ScreenshotMaker,0
gephi,VizController,getSelectionManager,SelectionManager,0
gephi,VizModel,defaultValues,VizConfig,1
gephi,VizModel,getTextModel,TextModelImpl,0
gephi,VizModel,getConfig,VizConfig,0
gephi,VizModel,getLimits,GraphLimits,0
gephi,VizModel,readXML,TextModelImpl,0
gephi,VizModel,writeXML,TextModelImpl,0
gephi,SelectionManager,initArchitecture,VizConfig,0
gephi,SelectionManager,blockSelection,VizConfig,0
gephi,SelectionManager,disableSelection,VizConfig,1
gephi,SelectionManager,setDraggingEnable,VizConfig,1
gephi,SelectionManager,setRectangleSelection,AbstractEngine,0
gephi,SelectionManager,setDirectMouseSelection,AbstractEngine,0
gephi,SelectionManager,setDraggingMouseSelection,AbstractEngine,0
gephi,SelectionManager,setCustomSelection,AbstractEngine,0
gephi,SelectionManager,resetSelection,AbstractEngine,0
gephi,SelectionManager,getSelectedNodes,AbstractEngine,0
gephi,SelectionManager,getSelectedEdges,AbstractEngine,0
gephi,SelectionManager,selectNodes,AbstractEngine,0
gephi,SelectionManager,selectEdges,AbstractEngine,0
gephi,SelectionManager,centerOnNode,AbstractEngine,0
gephi,SelectionManager,centerOnEdge,AbstractEngine,0
gephi,SelectionManager,isRectangleSelection,VizConfig,0
gephi,SelectionManager,isDirectMouseSelection,VizConfig,0
gephi,SelectionManager,isCustomSelection,VizConfig,0
gephi,SelectionManager,isSelectionEnabled,VizConfig,0
gephi,SelectionManager,isDraggingEnabled,VizConfig,0
gephi,GraphContextMenu,getMenu,DataBridge,0
gephi,BasicItem,setup,Node,0
gephi,CopyOrMoveToWorkspace,setup,Node,0
gephi,CopyOrMoveToWorkspaceSubItem,setup,Node,0
gephi,DataBridge,initArchitecture,TextManager,0
gephi,DataBridge,updateWorld,AbstractEngine,0
gephi,DataBridge,hasColumnsChanged,TextModelImpl,0
gephi,DataBridge,reset,TextModelImpl,0
gephi,DataBridge,refreshNodeColumns,TextModelImpl,0
gephi,DataBridge,refreshEdgeColumns,TextModelImpl,1
gephi,GraphTopComponent,initDrawable,AbstractEngine,0
gephi,GraphTopComponent,initCollapsePanel,VizBarController,0
gephi,GraphTopComponent,initToolPanels,SelectionToolbar,0
gephi,GraphTopComponent,componentClosed,AbstractEngine,0
gephi,LabelAttributesPanel,setup,TextModelImpl,0
gephi,LabelAttributesPanel,refresh,TextModelImpl,0
gephi,LabelAttributesPanel,unsetup,TextModelImpl,0
gephi,VizBarController,createDefaultGroups,VizToolbar,0
gephi,VizBarController,getToolbar,VizToolbar,0
gephi,VizBarController,getExtendedBar,VizExtendedBar,1
gephi,StandardVizEventManager,initArchitecture,AbstractEngine,0
gephi,StandardVizEventManager,mouseLeftClick,AbstractEngine,0
gephi,StandardVizEventManager,mouseLeftPress,AbstractEngine,0
gephi,StandardVizEventManager,mouseLeftPressing,AbstractEngine,0
gephi,Modeler,Modeler,CompatibilityEngine,0
gephi,Edge2dModel,Edge2dModel,NodeModel,0
gephi,Edge2dModel,display,NodeModel,0
gephi,Edge2dModel,displayArrow,NodeModel,0
gephi,Edge2dModel,isAutoSelected,NodeModel,0
gephi,Edge2dModel,getSourceModel,NodeModel,0
gephi,Edge2dModel,getTargetModel,NodeModel,0
gephi,EdgeModel,displayArrow,VizModel,0
gephi,EdgeModeler,EdgeModeler,CompatibilityEngine,0
gephi,EdgeModeler,initModel,NodeModel,0
gephi,SelfLoopModel,SelfLoopModel,NodeModel,0
gephi,SelfLoopModel,display,Vec3f,0
gephi,SelfLoopModel,displayArrow,VizModel,0
gephi,SelfLoopModel,isAutoSelected,NodeModel,0
gephi,SelfLoopModel,getSourceModel,NodeModel,0
gephi,SelfLoopModel,getTargetModel,NodeModel,0
gephi,NodeDiskModel,NodeDiskModel,Node,0
gephi,NodeDiskModel,display,VizModel,1
gephi,NodeDiskModel,selectionTest,Vecf,1
gephi,NodeModel,NodeModel,Node,0
gephi,NodeModel,isInOctreeLeaf,Octant,0
gephi,NodeModel,selectionTest,Vecf,0
gephi,NodeModel,getNode,Node,0
gephi,NodeModel,getX,Node,0
gephi,NodeModel,getY,Node,0
gephi,NodeModel,getOctant,Octant,0
gephi,NodeModel,setOctant,Octant,0
gephi,NodeModel,hasCustomTextColor,Node,0
gephi,NodeModel,getTextWidth,Node,1
gephi,NodeModel,getTextHeight,Node,1
gephi,NodeModel,getText,Node,1
gephi,NodeModel,setText,Node,1
gephi,NodeModel,getTextSize,Node,1
gephi,NodeModel,getTextR,Node,0
gephi,NodeModel,getTextG,Node,0
gephi,NodeModel,getTextB,Node,0
gephi,NodeModel,getTextAlpha,Node,0
gephi,NodeModel,isTextVisible,Node,1
gephi,NodeModel,getElementProperties,Node,0
gephi,NodeModel,addEdge,EdgeModel,1
gephi,NodeModel,removeEdge,EdgeModel,1
gephi,NodeModeler,NodeModeler,CompatibilityEngine,0
gephi,NodeModeler,initModel,Node,0
gephi,NodeModeler,cameraDistance,NodeModel,1
gephi,Octant,addNode,NodeModel,1
gephi,Octant,removeNode,NodeModel,1
gephi,Octree,initArchitecture,VizController,1
gephi,Octree,addNode,Octant,0
gephi,Octree,removeNode,NodeModel,0
gephi,Octree,subdivide,Octant,0
gephi,Octree,clampPosition,Octant,0
gephi,Octree,refreshLimits,GraphLimits,0
gephi,Octree,updateVisibleOctant,GraphLimits,0
gephi,AbstractEngine,initArchitecture,VizController,1
gephi,AbstractEngine,isUnderMouse,NodeModel,1
gephi,AbstractEngine,setRectangleSelection,VizConfig,1
gephi,AbstractEngine,getOctree,Octree,0
gephi,AbstractEngine,getNodeModeler,NodeModeler,0
gephi,AbstractEngine,getEdgeModeler,EdgeModeler,0
gephi,AbstractEngine,getNodeModelsForNodes,DataBridge,1
gephi,AbstractEngine,getEdgeModelsForEdges,DataBridge,1
gephi,CompatibilityEngine,initArchitecture,CompatibilityScheduler,0
gephi,CompatibilityEngine,mouseClick,CompatibilityScheduler,0
gephi,CompatibilityEngine,stopDrag,CompatibilityScheduler,0
gephi,CompatibilityEngine,selectObject,CompatibilityScheduler,0
gephi,CompatibilityEngine,resetSelection,CompatibilityScheduler,0
gephi,CompatibilityEngine,startAnimating,CompatibilityScheduler,0
gephi,CompatibilityEngine,stopAnimating,CompatibilityScheduler,0
gephi,CompatibilityEngine,getScheduler,CompatibilityScheduler,0
gephi,DefaultOptionsPanelController,getPanel,DefaultPanel,0
gephi,DefaultPanel,DefaultPanel,DefaultOptionsPanelController,0
gephi,OpenGLOptionsPanelController,getPanel,OpenGLPanel,0
gephi,OpenGLPanel,OpenGLPanel,OpenGLOptionsPanelController,0
gephi,CompatibilityScheduler,initArchitecture,VizConfig,0
gephi,CompatibilityScheduler,start,BasicFPSAnimator,0
gephi,CompatibilityScheduler,stop,BasicFPSAnimator,0
gephi,CompatibilityScheduler,isAnimating,BasicFPSAnimator,0
gephi,CompatibilityScheduler,display,CompatibilityEngine,0
gephi,CompatibilityScheduler,setFps,BasicFPSAnimator,0
gephi,ScreenshotMaker,initArchitecture,TextManager,0
gephi,ScreenshotMaker,takeScreenshot,LongTaskExecutor,0
gephi,ScreenshotMaker,run,AbstractEngine,0
gephi,ScreenshotSettingsPanel,createValidationPanel,ScreenshotSettingsPanel,1
gephi,ScreenshotSettingsPanel,unsetup,ScreenshotMaker,1
gephi,Cylinder,getSelectionAreaRectancle,SelectionManager,0
gephi,Cylinder,mouseTest,SelectionManager,0
gephi,Cylinder,drawArea,SelectionManager,0
gephi,Cylinder,isEnabled,SelectionManager,0
gephi,Rectangle,mouseTest,NodeModel,1
gephi,GLAbstractListener,initArchitecture,VizController,1
gephi,GLAbstractListener,getCaps,VizController,0
gephi,GLAbstractListener,initConfig,VizController,0
gephi,GLAbstractListener,init,AbstractEngine,0
gephi,GLAbstractListener,setCameraPosition,Vec3f,0
gephi,GLAbstractListener,setVizController,VizController,0
gephi,GLAbstractListener,getGraphicalConfiguration,GraphicalConfiguration,0
gephi,GLAbstractListener,getCameraVector,Vec3f,0
gephi,GLAbstractListener,dispose,AbstractEngine,0
gephi,StandardGraphIO,initArchitecture,GraphLimits,0
gephi,StandardGraphIO,startMouseListening,GLAbstractListener,0
gephi,StandardGraphIO,stopMouseListening,GLAbstractListener,0
gephi,StandardGraphIO,mousePressed,GLAbstractListener,0
gephi,StandardGraphIO,mouseReleased,GLAbstractListener,0
gephi,StandardGraphIO,mouseMoved,AbstractEngine,0
gephi,StandardGraphIO,mouseClicked,GLAbstractListener,0
gephi,StandardGraphIO,mouseDragged,AbstractEngine,0
gephi,StandardGraphIO,mouseWheelMoved,AbstractEngine,0
gephi,StandardGraphIO,setCameraDistance,AbstractEngine,0
gephi,StandardGraphIO,centerOnZero,AbstractEngine,0
gephi,StandardGraphIO,centerOnGraph,AbstractEngine,0
gephi,StandardGraphIO,centerOnCoordinate,GLAbstractListener,0
gephi,FixedSizeMode,getSizeFactor2d,NodeModel,0
gephi,FixedSizeMode,getSizeFactor3d,NodeModel,0
gephi,ObjectColorMode,textNodeColor,NodeModel,0
gephi,ObjectColorMode,textEdgeColor,EdgeModel,1
gephi,ObjectColorMode,textColor,VizConfig,0
gephi,ProportionalSizeMode,getSizeFactor2d,NodeModel,1
gephi,ProportionalSizeMode,getSizeFactor3d,NodeModel,1
gephi,ScaledSizeMode,getSizeFactor2d,NodeModel,0
gephi,ScaledSizeMode,getSizeFactor3d,NodeModel,0
gephi,TextColorMode,textNodeColor,NodeModel,1
gephi,TextColorMode,textEdgeColor,EdgeModel,1
gephi,TextColorMode,textColor,VizConfig,0
gephi,TextManager,initArchitecture,TextModelImpl,0
gephi,TextManager,initRenderer,TextModelImpl,0
gephi,TextManager,defaultNodeColor,TextModelImpl,0
gephi,TextManager,defaultEdgeColor,TextModelImpl,0
gephi,TextManager,isSelectedOnly,TextModelImpl,0
gephi,TextManager,getModel,TextModelImpl,0
gephi,TextManager,setModel,TextModelImpl,0
gephi,TextManager,refreshNode,TextModelImpl,0
gephi,TextManager,refreshEdge,TextModelImpl,0
gephi,UniqueColorMode,textNodeColor,NodeModel,1
gephi,UniqueColorMode,textEdgeColor,EdgeModel,1
gephi,UniqueColorMode,textColor,VizConfig,0
gephi,WelcomeTopComponent,getInstance,WelcomeTopComponent,0
plantuml,JsonResult,ok,Diagram,0
plantuml,JsonResult,fromError,PSystemError,0
plantuml,StringBounderCanvas,calculateDimensionInternal,UFont,0
plantuml,AtomicParser,getClosingBracket,TextNavigator,0
plantuml,AtomicParser,parseSingle,TextNavigator,0
plantuml,AtomicParser,parse,TextNavigator,0
plantuml,AtomicParser,manageLookAround,TextNavigator,0
plantuml,AtomicParser,manageClass,TextNavigator,0
plantuml,AtomicParser,manageQuantifier,TextNavigator,0
plantuml,AtomicParser,manageQuantifierLazzy,TextNavigator,0
plantuml,AtomicParser,manageQuantifierBracket,TextNavigator,0
plantuml,AtomicParser,manageUpTo,TextNavigator,0
plantuml,AtomicParser,skipSpaces,TextNavigator,0
plantuml,AtomicParser,manageGroup,TextNavigator,0
plantuml,AtomicParser,manageAlternative,TextNavigator,0
plantuml,AtomicParser,manageNamed,TextNavigator,0
plantuml,AtomicParser,manageCharacterSet,TextNavigator,0
plantuml,AtomicParser,manageRegularCharacter,TextNavigator,0
plantuml,AtomicParser,manageDoubleQuote,TextNavigator,0
plantuml,Capture,merge,Capture,0
plantuml,ChallengeAlternative,runChallenge,TextNavigator,0
plantuml,ChallengeCharClass,ChallengeCharClass,CharClass,0
plantuml,ChallengeCharClass,toString,CharClass,0
plantuml,ChallengeCharClass,runChallenge,TextNavigator,0
plantuml,ChallengeCharSet,addChar,CharSet,1
plantuml,ChallengeCharSet,addRange,CharSet,1
plantuml,ChallengeCharSet,runChallenge,TextNavigator,0
plantuml,ChallengeEndOfText,runChallenge,TextNavigator,0
plantuml,ChallengeLazzyOneOrMore,runChallenge,TextNavigator,0
plantuml,ChallengeLookAhead,runChallenge,TextNavigator,0
plantuml,ChallengeLookBehind,runChallenge,TextNavigator,0
plantuml,ChallengeOneOrMore,runChallenge,TextNavigator,0
plantuml,ChallengeOneOrMoreUpToOldVersion,runChallenge,TextNavigator,0
plantuml,ChallengeOptional,runChallenge,TextNavigator,0
plantuml,ChallengeRepetition,ChallengeRepetition,Repetition,0
plantuml,ChallengeRepetition,runChallenge,TextNavigator,0
plantuml,ChallengeResult,toString,Capture,0
plantuml,ChallengeResult,ChallengeResult,Capture,0
plantuml,ChallengeResult,ChallengeResult,Capture,0
plantuml,ChallengeResult,withNameLength,Capture,0
plantuml,ChallengeResult,findValuesByKey,Capture,1
plantuml,ChallengeResult,getKeysToBeRefactored,Capture,0
plantuml,ChallengeResult,getCapture,Capture,0
plantuml,ChallengeResult,getNonMergeableCapture,Capture,0
plantuml,ChallengeSingleChar,runChallenge,TextNavigator,0
plantuml,ChallengeUpTo,runChallenge,TextNavigator,0
plantuml,ChallengeZeroOrMore,runChallenge,TextNavigator,0
plantuml,CharClass,fromDefinition,TextNavigator,1
plantuml,CompositeList,parseAndBuildFromTextNavigator,TextNavigator,0
plantuml,CompositeList,runChallenge,TextNavigator,0
plantuml,CompositeNamed,runChallenge,TextNavigator,0
plantuml,Repetition,parse,TextNavigator,0
plantuml,UBrexConcat,UBrexConcat,CompositeList,0
plantuml,UBrexNamed,UBrexNamed,UBrexPart,0
plantuml,UBrexOneOrMore,UBrexOneOrMore,UBrexPart,0
plantuml,UBrexOptional,UBrexOptional,UBrexPart,0
plantuml,UBrexPart,match,TextNavigator,0
plantuml,dtclose__c,dtclose,ST_dt_s,0
plantuml,dtdisc__c,dtmemory,ST_dtdisc_s,0
plantuml,dtdisc__c,dtdisc,ST_dtdisc_s,0
plantuml,dtextract__c,dtextract,ST_dt_s,0
plantuml,dtopen__c,dtopen,ST_dtmethod_s,0
plantuml,dtrestore__c,dtrestore,ST_dtlink_s,0
plantuml,dtsize__c,treecount,ST_dtlink_s,0
plantuml,dtsize__c,dtsize_,ST_dt_s,0
plantuml,dttree__c,dttree,ST_dt_s,0
plantuml,dttree__c,_DTCMP,ST_dtdisc_s,0
plantuml,dttree__c,UNFLATTEN,ST_dt_s,0
plantuml,dtview__c,dtvsearch,ST_dt_s,0
plantuml,dtview__c,dtview,ST_dt_s,0
plantuml,apply__c,subgraph_search,ST_Agobj_s,0
plantuml,apply__c,rec_apply,ST_Agobj_s,0
plantuml,apply__c,agapply,ST_Agobj_s,0
plantuml,attr__c,agdatadict,CString,0
plantuml,attr__c,agdictof,ST_Agraph_s,0
plantuml,attr__c,agnewsym,CString,0
plantuml,attr__c,agmakedatadict,CString,0
plantuml,attr__c,agdictsym,CString,0
plantuml,attr__c,aglocaldictsym,CString,0
plantuml,attr__c,agattrsym,CString,0
plantuml,attr__c,topdictsize,ST_Agobj_s,0
plantuml,attr__c,agmakeattrs,CString,0
plantuml,attr__c,freesym,ST_dtdisc_s,0
plantuml,attr__c,agattrrec,CString,0
plantuml,attr__c,addattr,ST_Agsym_s,0
plantuml,attr__c,setattr,CString,0
plantuml,attr__c,getattr,CString,0
plantuml,attr__c,agattr,CString,0
plantuml,attr__c,agraphattr_init,ST_Agraph_s,0
plantuml,attr__c,agnodeattr_init,ST_Agnode_s,0
plantuml,attr__c,agedgeattr_init,ST_Agedge_s,0
plantuml,attr__c,agget,CString,0
plantuml,attr__c,agxget,ST_Agsym_s,0
plantuml,attr__c,agxset,CString,0
plantuml,attr__c,agsafeset,CString,0
plantuml,edge__c,agfstout,ST_Agnode_s,0
plantuml,edge__c,agnxtout,ST_Agedge_s,0
plantuml,edge__c,agfstin,ST_Agnode_s,0
plantuml,edge__c,agnxtin,ST_Agedge_s,0
plantuml,edge__c,agfstedge,ST_Agnode_s,0
plantuml,edge__c,agnxtedge,ST_Agnode_s,0
plantuml,edge__c,agfindedge_by_key,ST_Agnode_s,0
plantuml,edge__c,agfindedge_by_key_w_,ST_Agnode_s,0
plantuml,edge__c,agsubrep,ST_Agnode_s,0
plantuml,edge__c,ins,ST_Agedge_s,0
plantuml,edge__c,installedge,ST_Agedge_s,0
plantuml,edge__c,newedge,ST_Agnode_s,0
plantuml,edge__c,ok_to_make_edge,ST_Agnode_s,0
plantuml,edge__c,agedge,CString,0
plantuml,edge__c,agsubedge,ST_Agedge_s,0
plantuml,edge__c,agedgeidcmpf,ST_dtdisc_s,0
plantuml,edge__c,agedgeseqcmpf,ST_dtdisc_s,0
plantuml,edge__c,agtail,ST_Agedge_s,0
plantuml,graph__c,agclos,ST_Agdisc_s,0
plantuml,graph__c,agopen_w_,ST_Agdisc_s,0
plantuml,graph__c,agopen1,ST_Agraph_s,0
plantuml,graph__c,agnextseq,ST_Agraph_s,0
plantuml,graph__c,agnnodes,ST_Agraph_s,0
plantuml,graph__c,agnedges,ST_Agraph_s,0
plantuml,graph__c,agisdirected,ST_Agraph_s,0
plantuml,graph__c,agisundirected,ST_Agraph_s,0
plantuml,graph__c,agisstrict,ST_Agraph_s,0
plantuml,graph__c,cnt,ST_dt_s,0
plantuml,graph__c,agdegree,ST_Agnode_s,0
plantuml,graph__c,agraphidcmpf,ST_dtdisc_s,0
plantuml,id__c,idopen,ST_Agdisc_s,0
plantuml,id__c,idmap,CString,0
plantuml,id__c,idprint,Globals,0
plantuml,id__c,agmapnametoid,CString,0
plantuml,id__c,agnameof,ST_Agobj_s,0
plantuml,id__c,agregister,ST_Agraph_s,0
plantuml,imap__c,aginternalmaplookup,CString,0
plantuml,imap__c,find_isym,ST_Agraph_s,0
plantuml,imap__c,aginternalmapprint,ST_Agraph_s,0
plantuml,mem__c,memopen,ST_Agdisc_s,0
plantuml,mem__c,memalloc,size_t,0
plantuml,mem__c,memresize,size_t,0
plantuml,mem__c,agalloc,size_t,0
plantuml,node__c,agfindnode_by_id,ST_Agraph_s,0
plantuml,node__c,agfstnode,ST_Agraph_s,0
plantuml,node__c,agnxtnode,ST_Agnode_s,0
plantuml,node__c,newnode,ST_Agraph_s,0
plantuml,node__c,installnode,ST_Agnode_s,0
plantuml,node__c,installnodetoroot,ST_Agnode_s,0
plantuml,node__c,initnode,ST_Agnode_s,0
plantuml,node__c,agidnode,ST_Agraph_s,0
plantuml,node__c,agnode,CString,0
plantuml,node__c,agsubnode,ST_Agnode_s,0
plantuml,node__c,agsubnodeidcmpf,ST_dtdisc_s,0
plantuml,node__c,agsubnodeseqcmpf,ST_dtdisc_s,0
plantuml,obj__c,agmethod_init,ST_Agraph_s,0
plantuml,obj__c,aginitcb,ST_Agcbstack_s,0
plantuml,obj__c,agmethod_upd,ST_Agsym_s,0
plantuml,obj__c,agupdcb,ST_Agcbstack_s,0
plantuml,obj__c,agroot,ST_Agobj_s,0
plantuml,obj__c,agraphof,ST_Agobj_s,0
plantuml,obj__c,agcontains,ST_Agobj_s,0
plantuml,obj__c,agobjkind,ST_Agobj_s,0
plantuml,rec__c,set_data,ST_Agrec_s,0
plantuml,rec__c,aggetrec,CString,0
plantuml,rec__c,objputrec,ST_Agrec_s,0
plantuml,rec__c,agbindrec,size_t,0
plantuml,refstr__c,refsymbind,CString,0
plantuml,refstr__c,refstrbind,CString,0
plantuml,refstr__c,agstrbind,CString,0
plantuml,refstr__c,agstrdup,CString,0
plantuml,refstr__c,agstrfree,CString,0
plantuml,refstr__c,aghtmlstr,CString,0
plantuml,subg__c,agfindsubg_by_id,ST_Agraph_s,0
plantuml,subg__c,localsubg,ST_Agraph_s,0
plantuml,subg__c,agsubg,CString,0
plantuml,subg__c,agfstsubg,ST_Agraph_s,0
plantuml,subg__c,agnxtsubg,ST_Agraph_s,0
plantuml,subg__c,agparent,ST_Agraph_s,0
plantuml,utils__c,agdictobjmem,ST_dtdisc_s,0
plantuml,utils__c,agdtopen,ST_dtmethod_s,0
plantuml,utils__c,agdtdelete,ST_dt_s,0
plantuml,utils__c,agdtdisc,ST_dtdisc_s,0
plantuml,arrows__c,arrow_match_name_frag,CString,0
plantuml,arrows__c,arrow_match_shape,CString,0
plantuml,arrows__c,arrow_match_name,CString,0
plantuml,arrows__c,arrow_flags,ST_Agedge_s,0
plantuml,arrows__c,arrow_length,ST_Agedge_s,0
plantuml,arrows__c,inside_w_,ST_inside_t,0
plantuml,arrows__c,arrowEndClip,ST_bezier,0
plantuml,arrows__c,arrowStartClip,ST_bezier,0
plantuml,emit__c,init_xdot,ST_Agraph_s,0
plantuml,emit__c,update_bb_bz,ST_boxf,0
plantuml,htmltable__c,html_port,CString,0
plantuml,htmltable__c,make_html_label,ST_textlabel_t,0
plantuml,input__c,getdoubles2ptf,ST_pointf,0
plantuml,input__c,findCharset,ST_Agraph_s,0
plantuml,input__c,setRatio,ST_Agraph_s,0
plantuml,input__c,graph_init,ST_Agraph_s,0
plantuml,input__c,do_graph_label,ST_Agraph_s,0
plantuml,labels__c,storeline,CString,0
plantuml,labels__c,make_simple_label,ST_textlabel_t,0
plantuml,labels__c,make_label,CString,0
plantuml,labels__c,strdup_and_subst_obj0,ST_Agobj_s,0
plantuml,labels__c,strdup_and_subst_obj,CString,0
plantuml,memory__c,zmalloc,size_t,0
plantuml,memory__c,gmalloc,size_t,0
plantuml,memory__c,grealloc,size_t,0
plantuml,ns__c,add_tree_edge,ST_Agedge_s,0
plantuml,ns__c,exchange_tree_edges,ST_Agedge_s,0
plantuml,ns__c,init_rank,Globals,0
plantuml,ns__c,incident,ST_Agedge_s,0
plantuml,ns__c,leave_edge,Globals,0
plantuml,ns__c,dfs_enter_outedge,ST_Agnode_s,0
plantuml,ns__c,dfs_enter_inedge,ST_Agnode_s,0
plantuml,ns__c,enter_edge,ST_Agedge_s,0
plantuml,ns__c,treesearch,ST_Agnode_s,0
plantuml,ns__c,tight_tree,Globals,0
plantuml,ns__c,init_cutvalues,Globals,0
plantuml,ns__c,feasible_tree,Globals,0
plantuml,ns__c,treeupdate,ST_Agnode_s,0
plantuml,ns__c,rerank,ST_Agnode_s,0
plantuml,ns__c,update,ST_Agedge_s,0
plantuml,ns__c,scan_and_normalize,Globals,0
plantuml,ns__c,freeTreeList,ST_Agraph_s,0
plantuml,ns__c,LR_balance,Globals,0
plantuml,ns__c,TB_balance,Globals,0
plantuml,ns__c,init_graph,ST_Agraph_s,0
plantuml,ns__c,rank2,ST_Agraph_s,0
plantuml,ns__c,rank,ST_Agraph_s,0
plantuml,ns__c,x_cutval,ST_Agedge_s,0
plantuml,ns__c,x_val,ST_Agnode_s,0
plantuml,ns__c,dfs_cutval,ST_Agedge_s,0
plantuml,ns__c,dfs_range,ST_Agedge_s,0
plantuml,splines__c,arrow_clip,ST_splineInfo,0
plantuml,splines__c,bezier_clip,Globals,0
plantuml,splines__c,shape_clip0,ST_Agnode_s,0
plantuml,splines__c,new_spline,ST_Agedge_s,0
plantuml,splines__c,clip_and_install,ST_splineInfo,0
plantuml,splines__c,conc_slope,ST_Agnode_s,0
plantuml,splines__c,add_box_w_,ST_path,0
plantuml,splines__c,beginpath,ST_Agedge_s,0
plantuml,splines__c,HT2,ST_Agnode_s,0
plantuml,splines__c,endpath,ST_Agedge_s,0
plantuml,splines__c,selfRight,ST_splineInfo,0
plantuml,splines__c,selfRightSpace,ST_Agedge_s,0
plantuml,splines__c,makeSelfEdge,ST_splineInfo,0
plantuml,splines__c,endPoints,ST_pointf,0
plantuml,splines__c,edgeMidpoint,ST_Agedge_s,0
plantuml,splines__c,getsplinepoints,ST_Agedge_s,0
plantuml,strcasecmp__c,strcasecmp,CString,0
plantuml,textspan__c,textspan_size_w_,ST_textspan_t,0
plantuml,textspan__c,textfont_dict_open,ST_GVC_s,0
plantuml,utils__c,free_queue,ST_nodequeue,0
plantuml,utils__c,enqueue,ST_Agnode_s,0
plantuml,utils__c,dequeue,ST_nodequeue,0
plantuml,utils__c,late_int,ST_Agsym_s,0
plantuml,utils__c,late_double,ST_Agsym_s,0
plantuml,utils__c,late_string,CString,0
plantuml,utils__c,late_nnstring,CString,0
plantuml,utils__c,late_bool,ST_Agsym_s,0
plantuml,utils__c,UF_find,ST_Agnode_s,0
plantuml,utils__c,UF_union,ST_Agnode_s,0
plantuml,utils__c,UF_singleton,ST_Agnode_s,0
plantuml,utils__c,UF_setname,ST_Agnode_s,0
plantuml,utils__c,safefile,CString,0
plantuml,utils__c,maptoken,CString,0
plantuml,utils__c,mapBool,CString,0
plantuml,utils__c,mapbool,CString,0
plantuml,utils__c,dotneato_closest,ST_splines,0
plantuml,utils__c,common_init_node,ST_Agnode_s,0
plantuml,utils__c,initFontEdgeAttr,ST_fontinfo,0
plantuml,utils__c,initFontLabelEdgeAttr,ST_fontinfo,0
plantuml,utils__c,noClip,ST_Agsym_s,0
plantuml,utils__c,chkPort_w_,CString,0
plantuml,utils__c,common_init_edge,ST_Agedge_s,0
plantuml,utils__c,addLabelBB_w_,ST_textlabel_t,0
plantuml,utils__c,updateBB,ST_textlabel_t,0
plantuml,utils__c,htmlEntityUTF8,ST_Agraph_s,0
plantuml,utils__c,edgeType,CString,0
plantuml,utils__c,setEdgeType,ST_Agraph_s,0
plantuml,utils__c,gv_nodesize,ST_Agnode_s,0
plantuml,acyclic__c,reverse_edge,ST_Agedge_s,0
plantuml,acyclic__c,dfs,ST_Agnode_s,0
plantuml,acyclic__c,acyclic_,ST_Agraph_s,0
plantuml,aspect__c,setAspect,ST_aspect_t,0
plantuml,class1__c,nonconstraint_edge,ST_Agedge_s,0
plantuml,class1__c,interclust1,ST_Agedge_s,0
plantuml,class1__c,class1_,ST_Agraph_s,0
plantuml,class2__c,label_vnode,ST_Agedge_s,0
plantuml,class2__c,incr_width,ST_Agnode_s,0
plantuml,class2__c,plain_vnode,ST_Agedge_s,0
plantuml,class2__c,leader_of,ST_Agnode_s,0
plantuml,class2__c,make_chain,ST_Agedge_s,0
plantuml,class2__c,interclrep,ST_Agedge_s,0
plantuml,class2__c,is_cluster_edge,ST_Agedge_s,0
plantuml,class2__c,merge_chain,ST_Agedge_s,0
plantuml,class2__c,mergeable,ST_Agedge_s,0
plantuml,class2__c,class2,ST_Agraph_s,0
plantuml,cluster__c,map_interclust_node,ST_Agnode_s,0
plantuml,cluster__c,make_slots,ST_Agraph_s,0
plantuml,cluster__c,clone_vn,ST_Agnode_s,0
plantuml,cluster__c,map_path,ST_Agedge_s,0
plantuml,cluster__c,make_interclust_chain,ST_Agedge_s,0
plantuml,cluster__c,interclexp,ST_Agraph_s,0
plantuml,cluster__c,merge_ranks,ST_Agraph_s,0
plantuml,cluster__c,remove_rankleaders,ST_Agraph_s,0
plantuml,cluster__c,expand_cluster,ST_Agraph_s,0
plantuml,cluster__c,mark_clusters,ST_Agraph_s,0
plantuml,cluster__c,build_skeleton,ST_Agraph_s,0
plantuml,cluster__c,install_cluster,ST_nodequeue,0
plantuml,cluster__c,mark_lowclusters,ST_Agraph_s,0
plantuml,cluster__c,mark_lowcluster_basic,ST_Agraph_s,0
plantuml,decomp__c,begin_component,Globals,0
plantuml,decomp__c,add_to_component,ST_Agnode_s,0
plantuml,decomp__c,end_component,Globals,0
plantuml,decomp__c,search_component,ST_Agnode_s,0
plantuml,decomp__c,decompose,ST_Agraph_s,0
plantuml,dotinit__c,dot_init_subg,ST_Agraph_s,0
plantuml,dotinit__c,dot_init_node,ST_Agnode_s,0
plantuml,dotinit__c,dot_init_edge,ST_Agedge_s,0
plantuml,dotinit__c,dot_init_node_edge,ST_Agraph_s,0
plantuml,dotinit__c,dotLayout,ST_Agraph_s,0
plantuml,dotinit__c,doDot,ST_Agraph_s,0
plantuml,dotinit__c,dot_layout,ST_Agraph_s,0
plantuml,dotinit__c,dot_root,ST_Agobj_s,0
plantuml,dotsplines__c,getmainedge,ST_Agedge_s,0
plantuml,dotsplines__c,spline_merge,ST_Agnode_s,0
plantuml,dotsplines__c,swap_ends_p,ST_Agedge_s,0
plantuml,dotsplines__c,swap_spline,ST_splines,0
plantuml,dotsplines__c,edge_normalize,ST_Agraph_s,0
plantuml,dotsplines__c,_dot_splines,ST_Agraph_s,0
plantuml,dotsplines__c,dot_splines,ST_Agraph_s,0
plantuml,dotsplines__c,place_vnlabel,ST_Agnode_s,0
plantuml,dotsplines__c,setflags,ST_Agedge_s,0
plantuml,dotsplines__c,makeSimpleFlatLabels,ST_Agnode_s,0
plantuml,dotsplines__c,makeSimpleFlat,ST_Agnode_s,0
plantuml,dotsplines__c,make_flat_adj_edges,ST_Agedge_s,0
plantuml,dotsplines__c,makeFlatEnd,ST_pathend_t,0
plantuml,dotsplines__c,make_flat_labeled_edge,ST_Agedge_s,0
plantuml,dotsplines__c,make_flat_edge,ST_path,0
plantuml,dotsplines__c,makeLineEdge,ST_Agedge_s,0
plantuml,dotsplines__c,make_regular_edge,ST_path,0
plantuml,dotsplines__c,completeregularpath,ST_pathend_t,0
plantuml,dotsplines__c,adjustregularpath,ST_path,0
plantuml,dotsplines__c,rank_box_w_,ST_Agraph_s,0
plantuml,dotsplines__c,straight_len,ST_Agnode_s,0
plantuml,dotsplines__c,straight_path,ST_Agedge_s,0
plantuml,dotsplines__c,recover_slack,ST_path,0
plantuml,dotsplines__c,resize_vn,ST_Agnode_s,0
plantuml,dotsplines__c,top_bound,ST_Agedge_s,0
plantuml,dotsplines__c,bot_bound,ST_Agedge_s,0
plantuml,dotsplines__c,cl_vninside,ST_Agnode_s,0
plantuml,dotsplines__c,cl_bound,ST_Agnode_s,0
plantuml,dotsplines__c,maximal_bbox_w_,ST_Agedge_s,0
plantuml,dotsplines__c,neighbor,ST_Agedge_s,0
plantuml,dotsplines__c,pathscross,ST_Agedge_s,0
plantuml,fastgr__c,ffe_w_,ST_Agnode_s,0
plantuml,fastgr__c,find_fast_edge,ST_Agnode_s,0
plantuml,fastgr__c,find_fast_node,ST_Agnode_s,0
plantuml,fastgr__c,find_flat_edge,ST_Agnode_s,0
plantuml,fastgr__c,safe_list_append,ST_elist,0
plantuml,fastgr__c,fast_edge,ST_Agedge_s,0
plantuml,fastgr__c,zapinlist,ST_Agedge_s,0
plantuml,fastgr__c,delete_fast_edge,ST_Agedge_s,0
plantuml,fastgr__c,other_edge,ST_Agedge_s,0
plantuml,fastgr__c,safe_other_edge,ST_Agedge_s,0
plantuml,fastgr__c,new_virtual_edge,ST_Agedge_s,0
plantuml,fastgr__c,virtual_edge,ST_Agedge_s,0
plantuml,fastgr__c,fast_node,ST_Agnode_s,0
plantuml,fastgr__c,delete_fast_node,ST_Agnode_s,0
plantuml,fastgr__c,virtual_node,ST_Agraph_s,0
plantuml,fastgr__c,flat_edge,ST_Agedge_s,0
plantuml,fastgr__c,delete_flat_edge,ST_Agedge_s,0
plantuml,fastgr__c,basic_merge,ST_Agedge_s,0
plantuml,fastgr__c,merge_oneway,ST_Agedge_s,0
plantuml,flat__c,make_vn_slot,ST_Agraph_s,0
plantuml,flat__c,findlr,ST_Agnode_s,0
plantuml,flat__c,setbounds,ST_Agnode_s,0
plantuml,flat__c,flat_limits,ST_Agedge_s,0
plantuml,flat__c,flat_node,ST_Agedge_s,0
plantuml,flat__c,abomination,ST_Agraph_s,0
plantuml,flat__c,checkFlatAdjacent,ST_Agedge_s,0
plantuml,flat__c,flat_edges,ST_Agraph_s,0
plantuml,mincross__c,dot_mincross,ST_Agraph_s,0
plantuml,mincross__c,free_matrix,ST_adjmatrix_t,0
plantuml,mincross__c,init_mccomp,ST_Agraph_s,0
plantuml,mincross__c,ordered_edges,ST_Agraph_s,0
plantuml,mincross__c,mincross_clust,ST_Agraph_s,0
plantuml,mincross__c,left2right,ST_Agnode_s,0
plantuml,mincross__c,in_cross,ST_Agnode_s,0
plantuml,mincross__c,out_cross,ST_Agnode_s,0
plantuml,mincross__c,exchange,ST_Agnode_s,0
plantuml,mincross__c,transpose_step,ST_Agraph_s,0
plantuml,mincross__c,transpose,ST_Agraph_s,0
plantuml,mincross__c,mincross_,ST_Agraph_s,0
plantuml,mincross__c,restore_best,ST_Agraph_s,0
plantuml,mincross__c,save_best,ST_Agraph_s,0
plantuml,mincross__c,merge_components,ST_Agraph_s,0
plantuml,mincross__c,merge2,ST_Agraph_s,0
plantuml,mincross__c,cleanup2,ST_Agraph_s,0
plantuml,mincross__c,neighbor,ST_Agnode_s,0
plantuml,mincross__c,is_a_normal_node_of,ST_Agnode_s,0
plantuml,mincross__c,is_a_vnode_of_an_edge_of,ST_Agnode_s,0
plantuml,mincross__c,inside_cluster,ST_Agnode_s,0
plantuml,mincross__c,furthestnode,ST_Agnode_s,0
plantuml,mincross__c,save_vlist,ST_Agraph_s,0
plantuml,mincross__c,rec_save_vlists,ST_Agraph_s,0
plantuml,mincross__c,rec_reset_vlists,ST_Agraph_s,0
plantuml,mincross__c,realFillRanks,ST_Agraph_s,0
plantuml,mincross__c,fillRanks,ST_Agraph_s,0
plantuml,mincross__c,init_mincross,ST_Agraph_s,0
plantuml,mincross__c,flat_rev,ST_Agedge_s,0
plantuml,mincross__c,flat_search,ST_Agnode_s,0
plantuml,mincross__c,flat_breakcycles,ST_Agraph_s,0
plantuml,mincross__c,allocate_ranks,ST_Agraph_s,0
plantuml,mincross__c,install_in_rank,ST_Agnode_s,0
plantuml,mincross__c,build_ranks,ST_Agraph_s,0
plantuml,mincross__c,enqueue_neighbors,ST_Agnode_s,0
plantuml,mincross__c,constraining_flat_edge,ST_Agedge_s,0
plantuml,mincross__c,postorder,ST_Agnode_s,0
plantuml,mincross__c,flat_reorder,ST_Agraph_s,0
plantuml,mincross__c,reorder,ST_Agraph_s,0
plantuml,mincross__c,mincross_step,ST_Agraph_s,0
plantuml,mincross__c,rcross,ST_Agraph_s,0
plantuml,mincross__c,ncross,ST_Agraph_s,0
plantuml,mincross__c,flat_mval,ST_Agnode_s,0
plantuml,mincross__c,medians,ST_Agraph_s,0
plantuml,mincross__c,endpoint_class,ST_Agnode_s,0
plantuml,mincross__c,virtual_weight,ST_Agedge_s,0
plantuml,mincross__c,mincross_options,ST_Agraph_s,0
plantuml,rank__c,renewlist,ST_elist,0
plantuml,rank__c,cleanup1,ST_Agraph_s,0
plantuml,rank__c,edgelabel_ranks,ST_Agraph_s,0
plantuml,rank__c,rank_set_class,ST_Agraph_s,0
plantuml,rank__c,make_new_cluster,ST_Agraph_s,0
plantuml,rank__c,node_induce,ST_Agraph_s,0
plantuml,rank__c,cluster_leader,ST_Agraph_s,0
plantuml,rank__c,collapse_cluster,ST_Agraph_s,0
plantuml,rank__c,collapse_sets,ST_Agraph_s,0
plantuml,rank__c,set_minmax,ST_Agraph_s,0
plantuml,rank__c,minmax_edges_w_,ST_Agraph_s,0
plantuml,rank__c,minmax_edges2_w_,ST_Agraph_s,0
plantuml,rank__c,rank1,ST_Agraph_s,0
plantuml,rank__c,expand_ranksets,ST_aspect_t,0
plantuml,rank__c,dot1_rank,ST_aspect_t,0
plantuml,rank__c,dot_rank,ST_aspect_t,0
plantuml,rank__c,is_cluster,ST_Agraph_s,0
plantuml,sameport__c,dot_sameports,ST_Agraph_s,0
plantuml,gvc__c,gvContext,Globals,0
plantuml,gvlayout__c,gvlayout_select,ST_gvlayout_features_t,0
plantuml,gvlayout__c,gvLayoutJobs,ST_Agraph_s,0
plantuml,gvplugin__c,gvplugin_load,CString,0
plantuml,gvtextlayout__c,gvtextlayout_select,ST_GVC_s,0
plantuml,index__c,RTreeNewLeafList,ST_Branch_t,0
plantuml,index__c,RTreeLeafListAdd,ST_Branch_t,0
plantuml,index__c,RTreeLeafListFree,ST_LeafList_t,0
plantuml,index__c,RTreeNewIndex,ST_RTree,0
plantuml,index__c,RTreeClose2,ST_Node_t___,0
plantuml,index__c,RTreeClose,ST_RTree,0
plantuml,index__c,RTreeSearch,ST_Rect_t,0
plantuml,index__c,RTreeInsert,ST_Node_t___,0
plantuml,index__c,RTreeInsert2,ST_Node_t___,0
plantuml,node__c,RTreeNewNode,ST_RTree,0
plantuml,node__c,InitNode,ST_Node_t___,0
plantuml,node__c,InitBranch,ST_Branch_t,0
plantuml,node__c,NodeCover,ST_Node_t___,0
plantuml,node__c,PickBranch,ST_Node_t___,0
plantuml,node__c,AddBranch,ST_Node_t___,0
plantuml,node__c,DisconBranch,ST_Node_t___,0
plantuml,rectangle__c,InitRect,ST_Rect_t,0
plantuml,rectangle__c,RectArea,ST_Rect_t,0
plantuml,rectangle__c,CombineRect,ST_Rect_t,0
plantuml,rectangle__c,Overlap,ST_Rect_t,0
plantuml,split_q__c,SplitNode,ST_Node_t___,0
plantuml,split_q__c,GetBranches,ST_Branch_t,0
plantuml,split_q__c,MethodZero,ST_RTree,0
plantuml,split_q__c,PickSeeds,ST_RTree,0
plantuml,split_q__c,Classify,ST_RTree,0
plantuml,split_q__c,LoadNodes,ST_PartitionVars,0
plantuml,xlabels__c,icompare,ST_dtdisc_s,0
plantuml,xlabels__c,xlnew,ST_label_params_t,0
plantuml,xlabels__c,xlfree,ST_XLabels_t,0
plantuml,xlabels__c,xlhorder,ST_XLabels_t,0
plantuml,xlabels__c,hd_hil_s_from_xy,ST_point,0
plantuml,xlabels__c,aabbaabb,ST_Rect_t,0
plantuml,xlabels__c,lblenclosing,ST_object_t,0
plantuml,xlabels__c,objp2rect,ST_Rect_t,0
plantuml,xlabels__c,objplp2rect,ST_Rect_t,0
plantuml,xlabels__c,objplpmks,ST_object_t,0
plantuml,xlabels__c,getintrsxi,ST_object_t,0
plantuml,xlabels__c,recordointrsx,ST_Rect_t,0
plantuml,xlabels__c,recordlintrsx,ST_object_t,0
plantuml,xlabels__c,xlintersections,ST_object_t,0
plantuml,xlabels__c,xladjust,ST_object_t,0
plantuml,xlabels__c,xlhdxload,ST_XLabels_t,0
plantuml,xlabels__c,xlhdxunload,ST_XLabels_t,0
plantuml,xlabels__c,xlspdxload,ST_XLabels_t,0
plantuml,xlabels__c,xlinitialize,ST_XLabels_t,0
plantuml,xlabels__c,placeLabels,ST_label_params_t,0
plantuml,pack__c,parsePackModeInfo,ST_pack_info,0
plantuml,pack__c,getPackModeInfo,ST_pack_info,0
plantuml,pack__c,getPack,ST_Agraph_s,0
plantuml,pack__c,getPackInfo,ST_pack_info,0
plantuml,shortest__c,Pshortestpath,ST_Ppoly_t,0
plantuml,shortest__c,triangulate,ST_pointnlink_t,0
plantuml,shortest__c,loadtriangle,Globals,0
plantuml,shortest__c,connecttris,Globals,0
plantuml,shortest__c,marktripath,Globals,0
plantuml,shortest__c,add2dq,ST_pointnlink_t,0
plantuml,shortest__c,splitdq,Globals,0
plantuml,shortest__c,finddqsplit,ST_pointnlink_t,0
plantuml,shortest__c,ccw,ST_pointf,0
plantuml,shortest__c,intersects,ST_pointf,0
plantuml,shortest__c,between,ST_pointf,0
plantuml,shortest__c,pointintri,ST_pointf,0
plantuml,shortest__c,growpnls,Globals,0
plantuml,shortest__c,growtris,Globals,0
plantuml,shortest__c,growdq,Globals,0
plantuml,shortest__c,growops,Globals,0
plantuml,util__c,make_polyline_,ST_Ppoly_t,0
plantuml,ST_Agedge_s,getTheField,ST_dtlink_s,0
plantuml,ST_Agedge_s,plus_,ST_Agedge_s,0
plantuml,ST_Agraph_s,getTheField,ST_dtlink_s,0
plantuml,ST_Agsubnode_s,in_id_AMP,ST_dtlink_s,0
plantuml,ST_Agsubnode_s,out_id_AMP,ST_dtlink_s,0
plantuml,ST_Agsubnode_s,in_seq_AMP,ST_dtlink_s,0
plantuml,ST_Agsubnode_s,out_seq_AMP,ST_dtlink_s,0
plantuml,ST_Agsubnode_s,getTheField,ST_dtlink_s,0
plantuml,ST_Agsym_s,getTheField,ST_dtlink_s,0
plantuml,ST_BestPos_t,copy,ST_pointf,0
plantuml,ST_SplitQ_t,castTo,ST_Rect_t,0
plantuml,ST_boxf,toString,ST_pointf,0
plantuml,ST_boxf,copy,ST_pointf,0
plantuml,ST_cinfo_t,copy,ST_boxf,0
plantuml,ST_field_t,toString,ST_textlabel_t,0
plantuml,ST_port,copy,CString,0
plantuml,ST_refstr_t,getTheField,CString,0
plantuml,ST_refstr_t,setString,CString,1
plantuml,ST_textlabel_t,toString,ST_pointf,0
plantuml,GraphicsPlotCanvas,GraphicsPlotCanvas,ConfigParameters,0
plantuml,GraphicsPlotCanvas,paint,GraphicalElement,0
plantuml,GraphicsPlotCanvas,drawPlot,Plot,1
plantuml,GraphicsPlotCanvas,drawCoordinateSystem,Plot,1
plantuml,GraphicsPlotCanvas,calculateTransformation,Transformation,1
plantuml,GraphicsPlotCanvas,setMarker,GraphicalElement,0
plantuml,DataContainer,notifyListeners,DataEvent,0
plantuml,DataCurve,DataCurve,ConfigParameters,0
plantuml,DataCurve,getContainer,DataContainer,0
plantuml,DataCurve,setContainer,DataContainer,0
plantuml,DataEvent,DataEvent,DataEventType,0
plantuml,DataEvent,createAddEvent,DataContainer,1
plantuml,DataEvent,createInsertEvent,DataContainer,1
plantuml,DataEvent,createReplaceEvent,DataContainer,1
plantuml,DataEvent,createRemoveEvent,DataContainer,1
plantuml,DataEvent,getContainer,DataContainer,0
plantuml,DataEvent,getType,DataEventType,0
plantuml,DataPlot,DataPlot,ConfigParameters,0
plantuml,DataPlot,create,ConfigParameters,1
plantuml,DataPoint,setContainer,DataContainer,0
plantuml,Anchor,getVerticalAnchor,Anchor,0
plantuml,BasicGraphicAttributes,BasicGraphicAttributes,ConfigParameters,0
plantuml,BasicGraphicAttributes,BasicGraphicAttributes,Anchor,0
plantuml,BasicGraphicAttributes,getFontStyle,FontStyle,0
plantuml,BasicGraphicAttributes,getHorizontalAnchor,Anchor,0
plantuml,BasicGraphicAttributes,getVerticalAnchor,Anchor,0
plantuml,ClippingRectangle,isInside,GraphPoint,1
plantuml,FontStyle,getFontStyle,FontStyle,0
plantuml,GraphicalComposite,addElement,GraphicalElement,0
plantuml,GraphicalComposite,replaceElementAt,GraphicalElement,0
plantuml,Oval,Oval,GraphPoint,0
plantuml,Polygon,addPoint,GraphPoint,0
plantuml,Polygon,replacePointAt,GraphPoint,0
plantuml,Rectangle,Rectangle,GraphPoint,0
plantuml,Rectangle,getCenter,GraphPoint,0
plantuml,Text,Text,GraphPoint,0
plantuml,Text,getPosition,GraphPoint,0
plantuml,AbstractSymbolFactory,AbstractSymbolFactory,ConfigParameters,0
plantuml,AbstractSymbolFactory,createSymbol,GraphPoint,0
plantuml,AbstractSymbolFactory,createSymbol,GraphPoint,0
plantuml,AbstractSymbolFactory,createLegendSymbol,GraphPoint,0
plantuml,AbstractSymbolFactory,createPlainSymbol,GraphPoint,0
plantuml,AxisParameters,createXAxis,ConfigParameters,0
plantuml,AxisParameters,createYAxis,ConfigParameters,0
plantuml,AxisParameters,createAxis,GraphPoint,0
plantuml,AxisParameters,createTicLabelFormat,ConfigParameters,0
plantuml,BarFactory,BarFactory,ConfigParameters,0
plantuml,BarFactory,createSymbol,GraphPoint,1
plantuml,BarFactory,createLegendSymbol,GraphPoint,0
plantuml,BarFactory,createPlainSymbol,GraphPoint,0
plantuml,CartesianCoordinateSystem,CartesianCoordinateSystem,ConfigParameters,0
plantuml,CartesianCoordinateSystem,CartesianCoordinateSystem,AxisParameters,0
plantuml,CartesianCoordinateSystem,createView,AxisParameters,1
plantuml,CartesianCoordinateSystem,createLabel,GraphicalComposite,0
plantuml,CartesianCoordinateSystem,createTicsAndGrid,GraphicalComposite,0
plantuml,CartesianCoordinateSystem,addLine,GraphicalComposite,0
plantuml,CartesianCoordinateSystem,getView,GraphicalComposite,0
plantuml,CartesianCoordinateSystem,getClippingShape,ClippingRectangle,0
plantuml,CartesianCoordinateSystem,getTransformation,CartesianTransformation,0
plantuml,CircleSymbolFactory,CircleSymbolFactory,ConfigParameters,0
plantuml,CircleSymbolFactory,createPlainSymbol,GraphPoint,0
plantuml,ErrorBarFactory,ErrorBarFactory,ConfigParameters,0
plantuml,ErrorBarFactory,createLegendSymbol,GraphPoint,0
plantuml,ErrorBarFactory,createSymbol,GraphPoint,0
plantuml,Legend,Legend,ConfigParameters,0
plantuml,Legend,mergeWithDefaultConfig,ConfigParameters,0
plantuml,Legend,getBox,GraphicalComposite,0
plantuml,Plot,Plot,ConfigParameters,0
plantuml,Plot,setCoordinateSystem,DataPlot,0
plantuml,Plot,notifyListeners,PlotEvent,0
plantuml,Plot,connect,DataPlot,0
plantuml,Plot,transform,Transformation,1
plantuml,Plot,getCompletePlot,GraphicalElement,0
plantuml,Plot,getCoordinateSystem,GraphicalElement,0
plantuml,Plot,getAnnotation,GraphicalElement,0
plantuml,Plot,setAnnotation,GraphicalElement,0
plantuml,Plot,getLegend,GraphicalComposite,0
plantuml,Plot,dataChanged,DataPlot,1
plantuml,Plot,generateCurves,Legend,1
plantuml,Plot,fillCurve,Transformation,0
plantuml,PlotCanvas,PlotCanvas,ConfigParameters,0
plantuml,PlotCanvas,getPaper,ClippingRectangle,0
plantuml,PlotCanvas,getHorizontalAnchor,Anchor,0
plantuml,PlotCanvas,getVerticalAnchor,Anchor,0
plantuml,PlotCanvas,getPlot,Plot,0
plantuml,PlotCanvas,connect,Plot,0
plantuml,PlotCanvas,plotChanged,PlotEvent,0
plantuml,PlotEvent,PlotEvent,PlotEventType,0
plantuml,PlotEvent,getSource,Plot,0
plantuml,PlotEvent,getType,PlotEventType,0
plantuml,SimpleCurve,SimpleCurve,Legend,0
plantuml,SimpleCurve,getView,GraphicalComposite,0
plantuml,SimpleCurve,getLegendSymbol,GraphicalElement,0
plantuml,SimpleCurve,addPoint,GraphicalComposite,0
plantuml,SimpleCurve,removeAllPoints,GraphicalComposite,0
plantuml,SimpleCurveFactory,SimpleCurveFactory,ConfigParameters,0
plantuml,SimpleCurveFactory,create,Legend,0
plantuml,SquareSymbolFactory,SquareSymbolFactory,ConfigParameters,0
plantuml,SquareSymbolFactory,createPlainSymbol,GraphPoint,0
plantuml,Symbol,Symbol,GraphicalElement,0
plantuml,Symbol,getSymbol,GraphicalElement,0
plantuml,TicLabelMap,TicLabelMap,ConfigParameters,0
plantuml,Graphics2DRenderer,startRendering,GraphicalComposite,0
plantuml,Graphics2DRenderer,finishRendering,GraphicalComposite,0
plantuml,Graphics2DRenderer,render,Polygon,0
plantuml,Graphics2DRenderer,render,Rectangle,1
plantuml,Graphics2DRenderer,render,Oval,1
plantuml,Graphics2DRenderer,drawShape,BasicGraphicalElement,0
plantuml,Graphics2DRenderer,render,Text,0
plantuml,Graphics2DRenderer,createFont,FontStyle,1
plantuml,Transformation,Transformation,Anchor,0
plantuml,CartesianTransformation,CartesianTransformation,GraphPoint,0
plantuml,CartesianTransformation,transformToGraph,DataPoint,0
plantuml,CartesianTransformation,transformToData,GraphPoint,0
plantuml,ConfigParameters,decodeInternal,HColorSet,0
plantuml,ConfigParametersBasedConfigData,ConfigParametersBasedConfigData,ConfigParameters,0
plantuml,ConfigParametersBasedConfigData,getFullKey,ConfigParameters,0
plantuml,ConfigParametersBasedConfigData,get,ConfigParameters,1
plantuml,ConfigParametersBasedConfigData,getNode,ConfigParameters,1
plantuml,Factory,create,ConfigParameters,1
plantuml,Factory,create,ConfigParameters,1
plantuml,Factory,createOrGet,ConfigParameters,1
plantuml,Factory,createObject,ConfigParameters,0
plantuml,FactoryException,FactoryException,ConfigParameters,0
plantuml,Format,create,ConfigParameters,0
plantuml,CucaDiagram,CucaDiagram,PreprocessingArtifact,0
plantuml,CucaDiagram,setLastEntity,Entity,0
plantuml,CucaDiagram,updateLasts,Entity,0
plantuml,CucaDiagram,reallyCreateLeaf,Entity,0
plantuml,CucaDiagram,getChildrenGroups,Entity,0
plantuml,CucaDiagram,gotoGroup,Display,0
plantuml,CucaDiagram,gotoGroup,USymbol,0
plantuml,CucaDiagram,exportDiagramGraphic,FileFormatOption,0
plantuml,CucaDiagram,getTextMainBlock,FileFormatOption,0
plantuml,CucaDiagram,exportDiagramInternal,FileFormatOption,0
plantuml,CucaDiagram,isEmpty,Entity,0
plantuml,CucaDiagram,showPortion,Entity,0
plantuml,CucaDiagram,getVisibleStereotypeLabels,Entity,0
plantuml,CucaDiagram,isStandalone,Entity,0
plantuml,CucaDiagram,isStandaloneForArgo,Entity,0
plantuml,CucaDiagram,getLastEntity,Entity,0
plantuml,CucaDiagram,constraintOnLinks,Display,0
plantuml,CucaDiagram,isStereotypeRemoved,Stereotype,0
plantuml,CucaDiagram,isHidden,Entity,0
plantuml,CucaDiagram,isRemoved,Entity,0
plantuml,CucaDiagram,isNoteWithSingleLinkAttachedTo,Entity,1
plantuml,CucaDiagram,isRemovedIgnoreUnlinked,Entity,0
plantuml,CucaDiagram,createLeaf,CucaDiagram,0
plantuml,CucaDiagram,addLink,Link,0
plantuml,CucaDiagram,containsSimilarLink,Link,0
plantuml,CucaDiagram,removeLink,Link,0
plantuml,ImageBuilder,create,FileFormatOption,0
plantuml,ImageBuilder,create,FileFormatOption,0
plantuml,ImageBuilder,ImageBuilder,FileFormatOption,0
plantuml,ImageBuilder,backcolor,HColor,0
plantuml,ImageBuilder,blackBackcolor,HColor,0
plantuml,ImageBuilder,dimension,XDimension2D,0
plantuml,ImageBuilder,margin,ClockwiseTopRightBottomLeft,0
plantuml,ImageBuilder,styled,TitledDiagram,1
plantuml,ImageBuilder,write,TitledDiagram,0
plantuml,ImageBuilder,writeImageInternal,ClockwiseTopRightBottomLeft,0
plantuml,ImageBuilder,drawWarning,FontConfiguration,0
plantuml,ImageBuilder,getWarningDimension,FontConfiguration,0
plantuml,ImageBuilder,maybeDrawBorder,XDimension2D,0
plantuml,ImageBuilder,getFinalDimension,XDimension2D,0
plantuml,ImageBuilder,createUGraphic,FileFormatOption,0
plantuml,ImageBuilder,createUGraphicSVG,TitledDiagram,0
plantuml,ImageBuilder,createUGraphicPNG,FileFormatOption,0
plantuml,ImageBuilder,getHoverPathColorRGB,FileFormatOption,0
plantuml,ImageBuilder,calculateMargin,TitledDiagram,1
plantuml,ImageBuilder,createImageData,XDimension2D,0
plantuml,AbstractPSystem,AbstractPSystem,PreprocessingArtifact,0
plantuml,AbstractPSystem,getMetadata,UmlSource,0
plantuml,AbstractPSystem,getSource,UmlSource,0
plantuml,AbstractPSystem,getTitle,UmlSource,0
plantuml,AbstractPSystem,executeCommand,BlocLines,0
plantuml,AbstractPSystem,exportDiagram,FileFormatOption,0
plantuml,AbstractPSystem,createImageBuilder,FileFormatOption,1
plantuml,AbstractPSystem,muteColorMapper,ColorMapper,0
plantuml,AbstractPSystem,exportDiagramNow,FileFormatOption,0
plantuml,AbstractPSystem,exportDiagramGraphic,FileFormatOption,0
plantuml,AbstractPSystem,getPreprocessingArtifact,PreprocessingArtifact,0
plantuml,AbstractPSystem,addWarning,Warning,0
plantuml,AbstractPSystem,getWarnings,PreprocessingArtifact,0
plantuml,AnnotatedWorker,AnnotatedWorker,AnnotatedBuilder,0
plantuml,AnnotatedWorker,addAdd,AnnotatedBuilder,0
plantuml,AnnotatedWorker,addLegend,AnnotatedBuilder,0
plantuml,AnnotatedWorker,addTitle,AnnotatedBuilder,0
plantuml,AnnotatedWorker,addCaption,AnnotatedBuilder,0
plantuml,BlockUml,BlockUml,Previous,0
plantuml,BlockUml,getDiagram,Diagram,0
plantuml,BlockUml,getLocalDefines,Defines,0
plantuml,BlockUmlBuilder,BlockUmlBuilder,SFile,0
plantuml,BlockUmlBuilder,BlockUmlBuilder,Defines,0
plantuml,BlockUmlBuilder,BlockUmlBuilder,SFile,0
plantuml,BlockUmlBuilder,getImportedFiles,ImportedFiles,0
plantuml,FileFormatOption,FileFormatOption,ColorMapper,0
plantuml,FileFormatOption,getDefaultStringBounder,TikzFontDistortion,0
plantuml,FileFormatOption,withUseRedForError,ColorMapper,0
plantuml,FileFormatOption,withTikzFontDistortion,ColorMapper,0
plantuml,FileFormatOption,withSvgLinkTarget,ColorMapper,0
plantuml,FileFormatOption,withPreserveAspectRatio,ColorMapper,0
plantuml,FileFormatOption,withHoverColor,ColorMapper,0
plantuml,FileFormatOption,withScale,ColorMapper,0
plantuml,FileFormatOption,withWartermark,ColorMapper,0
plantuml,FileFormatOption,withColorMapper,ColorMapper,0
plantuml,FileFormatOption,getTikzFontDistortion,TikzFontDistortion,0
plantuml,FileFormatOption,getColorMapper,ColorMapper,0
plantuml,FileImageData,FileImageData,SFile,0
plantuml,FileImageData,getFile,SFile,0
plantuml,FileSystem,getInstance,FileSystem,0
plantuml,FileSystem,setCurrentDir,SFile,0
plantuml,FileUtils,readSvg,SFile,1
plantuml,FileUtils,copyToFile,SFile,1
plantuml,FileUtils,copyToStream,SFile,1
plantuml,FileUtils,copyToFile,SFile,0
plantuml,FileUtils,readFile,SFile,1
plantuml,GeneratedImageImpl,GeneratedImageImpl,BlockUml,0
plantuml,GeneratedImageImpl,getPngFile,SFile,0
plantuml,GeneratedImageImpl,lineErrorRaw,BlockUml,0
plantuml,GeneratedImageImpl,toString,SFile,0
plantuml,GeneratedImageImpl,hashCode,SFile,0
plantuml,GeneratedImageImpl,equals,SFile,0
plantuml,GeneratedImageImpl,getBlockUml,BlockUml,0
plantuml,NewpagedDiagram,NewpagedDiagram,PreprocessingArtifact,0
plantuml,NewpagedDiagram,executeCommand,BlocLines,0
plantuml,NewpagedDiagram,exportDiagramNow,FileFormatOption,0
plantuml,Option,setFileFormatOption,FileFormatOption,0
plantuml,Option,getDefaultDefines,SFile,0
plantuml,Option,getFileFormatOption,FileFormatOption,0
plantuml,OptionFlags,getInstance,OptionFlags,0
plantuml,OptionFlags,logData,SFile,0
plantuml,OptionFlags,setLogData,SFile,1
plantuml,PSystemBuilder,createPSystem,PreprocessingArtifact,0
plantuml,PSystemBuilder,isOk,Diagram,0
plantuml,PSystemUtils,exportDiagrams,FileFormatOption,0
plantuml,PSystemUtils,exportDiagrams,FileFormatOption,0
plantuml,PSystemUtils,exportDiagramsNewpaged,FileFormatOption,0
plantuml,PSystemUtils,exportDiagramsSequence,FileFormatOption,0
plantuml,PSystemUtils,createFilesHtml,SuggestedFile,0
plantuml,PSystemUtils,splitPng,FileFormatOption,1
plantuml,PSystemUtils,exportDiagramsDefault,FileFormatOption,1
plantuml,Pipe,Pipe,Option,0
plantuml,Pipe,managePipe,Option,0
plantuml,Pipe,generateDiagram,Option,0
plantuml,Pipe,createPipeMapForDiagram,Option,0
plantuml,Pipe,computeUrlForDiagram,SourceStringReader,0
plantuml,Pipe,syntaxCheckDiagram,ErrorStatus,1
plantuml,PlainDiagram,PlainDiagram,PreprocessingArtifact,0
plantuml,PlainDiagram,createImageBuilder,FileFormatOption,1
plantuml,PlainDiagram,exportDiagramNow,FileFormatOption,1
plantuml,PlainDiagram,exportDiagramGraphic,FileFormatOption,0
plantuml,PlainDiagram,getRootDrawable,FileFormatOption,0
plantuml,PlainStringsDiagram,PlainStringsDiagram,PreprocessingArtifact,0
plantuml,PlainStringsDiagram,getRootDrawable,FileFormatOption,0
plantuml,Run,goFtp,Option,1
plantuml,Run,goPicoweb,Option,1
plantuml,Run,managePipe,ErrorStatus,0
plantuml,Run,manageAllFiles,ErrorStatus,0
plantuml,Run,processArgs,ErrorStatus,0
plantuml,Run,manageFileInternal,ErrorStatus,0
plantuml,Run,extractPreproc,Cypher,0
plantuml,Run,hasErrors,ErrorStatus,0
plantuml,SourceFileReader,SourceFileReader,FileFormatOption,0
plantuml,SourceFileReader,SourceFileReader,FileFormatOption,0
plantuml,SourceFileReader,getSuggestedFile,BlockUml,1
plantuml,SourceFileReaderAbstract,SourceFileReaderAbstract,Defines,0
plantuml,SourceFileReaderAbstract,getFileFormatOption,FileFormatOption,0
plantuml,SourceFileReaderAbstract,getBlocks,BlockUmlBuilder,0
plantuml,SourceFileReaderAbstract,getIncludedFiles,BlockUmlBuilder,0
plantuml,SourceFileReaderAbstract,setFileFormatOption,FileFormatOption,0
plantuml,SourceFileReaderAbstract,getCrashedImage,FileFormatOption,0
plantuml,SourceFileReaderAbstract,exportWarnOrErrIfWord,Diagram,0
plantuml,SourceFileReaderAbstract,getSuggestedFile,BlockUml,0
plantuml,SourceFileReaderCopyCat,SourceFileReaderCopyCat,FileFormatOption,0
plantuml,SourceFileReaderCopyCat,getSuggestedFile,BlockUml,0
plantuml,SourceFileReaderHardFile,SourceFileReaderHardFile,FileFormatOption,0
plantuml,SourceFileReaderHardFile,getSuggestedFile,BlockUml,0
plantuml,SourceStringReader,SourceStringReader,Defines,0
plantuml,SourceStringReader,SourceStringReader,Defines,0
plantuml,SourceStringReader,SourceStringReader,SFile,0
plantuml,SourceStringReader,SourceStringReader,Defines,0
plantuml,SourceStringReader,SourceStringReader,SFile,0
plantuml,SourceStringReader,SourceStringReader,SFile,0
plantuml,SourceStringReader,generateImage,SFile,0
plantuml,SourceStringReader,outputImage,SFile,0
plantuml,SourceStringReader,generateImage,FileFormatOption,0
plantuml,SourceStringReader,outputImage,FileFormatOption,0
plantuml,SourceStringReader,generateImage,FileFormatOption,0
plantuml,SourceStringReader,outputImage,FileFormatOption,0
plantuml,SourceStringReader,generateDiagramDescription,FileFormatOption,0
plantuml,SourceStringReader,generateDiagramDescription,FileFormatOption,0
plantuml,SourceStringReader,getCMapData,FileFormatOption,0
plantuml,SourceStringReader,noValidStartFound,FileFormatOption,0
plantuml,Splash,createSplash,Splash,0
plantuml,Splash,incTotal,Splash,0
plantuml,Splash,incDone,Splash,0
plantuml,Splash,disposeSplash,Splash,0
plantuml,StdrptNull,finalMessage,ErrorStatus,0
plantuml,StdrptPipe0,finalMessage,ErrorStatus,0
plantuml,StdrptV1,printInfo,Diagram,0
plantuml,StdrptV1,finalMessage,ErrorStatus,0
plantuml,StdrptV2,finalMessage,ErrorStatus,0
plantuml,StdrptV2,printInfo,Diagram,0
plantuml,StringUtils,getSplit,Pattern2,0
plantuml,StringUtils,unicodeForHtml,Display,0
plantuml,StringUtils,getHeight,Display,0
plantuml,StringUtils,getWcWidth,Display,0
plantuml,TikzFontDistortion,updateFromPragma,Pragma,0
plantuml,TitledDiagram,TitledDiagram,PreprocessingArtifact,0
plantuml,TitledDiagram,getCurrentStyleBuilder,SkinParam,0
plantuml,TitledDiagram,getSkinParam,SkinParam,0
plantuml,TitledDiagram,setParam,SkinParam,0
plantuml,TitledDiagram,addSprite,SkinParam,0
plantuml,TitledDiagram,setTitle,DisplayPositioned,0
plantuml,TitledDiagram,getTitle,DisplayPositioned,0
plantuml,TitledDiagram,getTitleDisplay,DisplayPositioned,0
plantuml,TitledDiagram,setMainFrame,DisplayPositioned,0
plantuml,TitledDiagram,setCaption,DisplayPositioned,0
plantuml,TitledDiagram,getCaption,DisplayPositioned,0
plantuml,TitledDiagram,getHeader,DisplayPositioned,0
plantuml,TitledDiagram,getFooter,DisplayPositioned,0
plantuml,TitledDiagram,updateFooter,DisplayPositioned,0
plantuml,TitledDiagram,updateHeader,DisplayPositioned,0
plantuml,TitledDiagram,getLegend,DisplayPositioned,0
plantuml,TitledDiagram,setLegend,DisplayPositioned,0
plantuml,TitledDiagram,getMainFrame,DisplayPositioned,0
plantuml,TitledDiagram,createImageBuilder,FileFormatOption,0
plantuml,TitledDiagram,muteColorMapper,ColorMapper,0
plantuml,TitledDiagram,getTextMainBlock,FileFormatOption,0
plantuml,TitledDiagram,exportDiagramGraphic,FileFormatOption,0
plantuml,TitledDiagram,getPragma,SkinParam,0
plantuml,TitledDiagram,addWarning,Warning,0
plantuml,UmlDiagram,UmlDiagram,PreprocessingArtifact,0
plantuml,UmlDiagram,exportDiagramNow,XDimension2D,0
plantuml,UmlDiagram,exportCmap,SuggestedFile,1
plantuml,UmlDiagram,exportDiagramInternal,FileFormatOption,0
plantuml,UmlDiagram,getWarningOrError,XDimension2D,0
plantuml,CucaNote,CucaNote,Colors,0
plantuml,CucaNote,build,Colors,0
plantuml,CucaNote,withStrategy,Colors,0
plantuml,CucaNote,getDisplay,Display,0
plantuml,CucaNote,getColors,Colors,0
plantuml,CucaNote,getPosition,Position,0
plantuml,DisplayPositioned,DisplayPositioned,Display,0
plantuml,DisplayPositioned,withPage,Display,0
plantuml,DisplayPositioned,withDisplay,Display,0
plantuml,DisplayPositioned,withHorizontalAlignment,Display,0
plantuml,DisplayPositioned,withLocation,Display,0
plantuml,DisplayPositioned,single,Display,0
plantuml,DisplayPositioned,single,Display,0
plantuml,DisplayPositioned,getDisplay,Display,0
plantuml,DisplayPositioned,isNull,Display,0
plantuml,DisplayPositioned,hasUrl,Display,0
plantuml,DisplayPositioned,createRibbon,Display,1
plantuml,Entity,addNote,Colors,0
plantuml,Entity,getNotes,Position,0
plantuml,Entity,addStereotag,Stereotag,0
plantuml,Entity,Entity,CucaDiagram,0
plantuml,Entity,Entity,CucaDiagram,0
plantuml,Entity,Entity,CucaDiagram,0
plantuml,Entity,muteToType,USymbol,0
plantuml,Entity,getDisplay,Display,0
plantuml,Entity,setDisplay,Display,0
plantuml,Entity,getStereotype,Stereotype,0
plantuml,Entity,setStereotype,Stereotype,0
plantuml,Entity,toString,Display,0
plantuml,Entity,getUrl99,Url,0
plantuml,Entity,hasUrl,Url,0
plantuml,Entity,addUrl,Url,0
plantuml,Entity,getMargins,Margins,0
plantuml,Entity,ensureMargins,Margins,1
plantuml,Entity,getEntityPosition,Stereotype,0
plantuml,Entity,getPackageStyle,Stereotype,0
plantuml,Entity,overrideImage,Url,0
plantuml,Entity,getUSymbol,USymbol,0
plantuml,Entity,setUSymbol,USymbol,0
plantuml,Entity,isHidden,CucaDiagram,0
plantuml,Entity,isRemoved,CucaDiagram,0
plantuml,Entity,isAloneAndUnlinked,CucaDiagram,0
plantuml,Entity,setNeighborhood,Neighborhood,0
plantuml,Entity,getNeighborhood,Neighborhood,0
plantuml,Entity,putTip,Display,0
plantuml,Entity,getColors,Colors,0
plantuml,Entity,setColors,Colors,0
plantuml,Entity,setSpecificColorTOBEREMOVED,HColor,0
plantuml,Entity,setLegend,DisplayPositioned,0
plantuml,Entity,getLegend,DisplayPositioned,0
plantuml,Entity,setStereostyle,Stereostyles,0
plantuml,Entity,getStereostyles,Stereostyles,0
plantuml,Entity,addKal,Kal,0
plantuml,Entity,getKals,Direction,0
plantuml,Entity,getDiagram,CucaDiagram,0
plantuml,Entity,getStateHeader,Display,0
plantuml,Entity,setTogether,Together,0
plantuml,Entity,getTogether,Together,0
plantuml,Entity,getSkinParam,CucaDiagram,0
plantuml,Entity,getUmlDiagramType,CucaDiagram,0
plantuml,EntityUtils,isParent,Entity,0
plantuml,EntityUtils,isPureInnerLink12,Link,1
plantuml,EntityUtils,isPureInnerLink3,Link,1
plantuml,Link,getStyleBuilder,StyleBuilder,0
plantuml,Link,Link,LinkArg,0
plantuml,Link,getInv,LinkArg,0
plantuml,Link,isBetween,Entity,0
plantuml,Link,toString,Entity,0
plantuml,Link,getEntity1,Entity,0
plantuml,Link,getEntity2,Entity,0
plantuml,Link,getEntityPort1,Entity,0
plantuml,Link,getEntityPort2,Entity,0
plantuml,Link,getEntityPort,Bibliotekon,1
plantuml,Link,isReallyGroup,Entity,1
plantuml,Link,isLollipopInterfaceEye,Entity,0
plantuml,Link,getNote,CucaNote,0
plantuml,Link,addNote,CucaNote,0
plantuml,Link,addNoteFrom,Link,0
plantuml,Link,contains,Entity,0
plantuml,Link,getOther,Entity,0
plantuml,Link,getQuantifierMargin,UFont,0
plantuml,Link,getUrl,Url,0
plantuml,Link,setUrl,Url,0
plantuml,Link,isHidden,Entity,0
plantuml,Link,sameConnections,Link,0
plantuml,Link,doesTouch,Link,0
plantuml,Link,isAutolink,Entity,0
plantuml,Link,isRemoved,Entity,0
plantuml,Link,setLinkConstraint,LinkConstraint,0
plantuml,Link,getLinkConstraint,LinkConstraint,0
plantuml,Link,setStereotype,Stereotype,0
plantuml,Link,getStereotype,Stereotype,0
plantuml,Link,getLinkArg,LinkArg,0
plantuml,Link,hasKal1,LinkArg,0
plantuml,Link,hasKal2,LinkArg,0
plantuml,LinkArg,build,Display,0
plantuml,LinkArg,build,Display,0
plantuml,LinkArg,withQuantifier,Display,0
plantuml,LinkArg,withKal,Display,0
plantuml,LinkArg,withDistanceAngle,Display,0
plantuml,LinkArg,LinkArg,Display,0
plantuml,LinkArg,getInv,Display,0
plantuml,LinkArg,getLabel,Display,0
plantuml,Together,Together,Together,0
plantuml,Together,getParent,Together,0
plantuml,ActivityDiagram,ActivityDiagram,PreprocessingArtifact,0
plantuml,ActivityDiagram,startIf,ConditionalContext,0
plantuml,ActivityDiagram,endif,ConditionalContext,0
plantuml,ActivityDiagram,updateLasts,Entity,0
plantuml,ActivityDiagram,createNote,Display,0
plantuml,ActivityDiagram,getLastEntityConsulted,Entity,0
plantuml,ActivityDiagram,getLastEntityBrancheConsulted,Entity,0
plantuml,ActivityDiagram,getCurrentContext,ConditionalContext,0
plantuml,ActivityDiagram,setLastEntityConsulted,Entity,0
plantuml,ActivityDiagram,createInnerActivity,Entity,0
plantuml,ActivityDiagram,concurrentActivity,Entity,0
plantuml,ActivityDiagramFactory,createEmptyDiagram,PreprocessingArtifact,0
plantuml,ConditionalContext,ConditionalContext,Direction,0
plantuml,ConditionalContext,getDirection,Direction,0
plantuml,ConditionalContext,getParent,ConditionalContext,0
plantuml,ConditionalContext,getBranch,Entity,0
plantuml,CommandElse,executeArg,RegexResult,0
plantuml,CommandEndPartition,executeArg,RegexResult,0
plantuml,CommandEndif,executeArg,RegexResult,0
plantuml,CommandIf,executeArg,RegexResult,0
plantuml,CommandInnerConcurrent,executeArg,RegexResult,0
plantuml,CommandLinkActivity,executeArg,RegexResult,0
plantuml,CommandLinkActivity,getEntity,RegexResult,1
plantuml,CommandLinkActivity,ubrexGetEntityForIfOnly,RegexResult,1
plantuml,CommandLinkActivity,getTypeIfExisting,ActivityDiagram,0
plantuml,CommandLinkLongActivity,executeNow,BlocLines,1
plantuml,CommandLinkLongActivity,extractUrl,StringLocated,1
plantuml,CommandPartition,executeArg,RegexResult,0
plantuml,UBrexCommandElse,executeArg,RegexResult,0
plantuml,UBrexCommandEndif,executeArg,RegexResult,0
plantuml,UBrexCommandIf,executeArg,RegexResult,0
plantuml,UBrexCommandPartition,executeArg,RegexResult,0
plantuml,ActivityDiagram3,ActivityDiagram3,PreprocessingArtifact,0
plantuml,ActivityDiagram3,swimlane,Swimlanes,0
plantuml,ActivityDiagram3,setCurrent,Swimlanes,0
plantuml,ActivityDiagram3,current,Swimlanes,0
plantuml,ActivityDiagram3,nextLinkRenderer,Swimlanes,0
plantuml,ActivityDiagram3,addActivity,Swimlanes,0
plantuml,ActivityDiagram3,addSpot,Swimlanes,0
plantuml,ActivityDiagram3,addGoto,Swimlanes,0
plantuml,ActivityDiagram3,addLabel,Swimlanes,0
plantuml,ActivityDiagram3,start,Swimlanes,0
plantuml,ActivityDiagram3,stop,Swimlanes,0
plantuml,ActivityDiagram3,end,Swimlanes,0
plantuml,ActivityDiagram3,breakInstruction,Swimlanes,0
plantuml,ActivityDiagram3,exportDiagramInternal,FileFormatOption,1
plantuml,ActivityDiagram3,getTextMainBlock,FileFormatOption,1
plantuml,ActivityDiagram3,getTextBlock,Swimlanes,0
plantuml,ActivityDiagram3,fork,Swimlanes,0
plantuml,ActivityDiagram3,forkAgain,Swimlanes,0
plantuml,ActivityDiagram3,endFork,Swimlanes,0
plantuml,ActivityDiagram3,split,Swimlanes,0
plantuml,ActivityDiagram3,endSplit,Swimlanes,0
plantuml,ActivityDiagram3,startSwitch,Swimlanes,0
plantuml,ActivityDiagram3,switchCase,Display,0
plantuml,ActivityDiagram3,startIf,Swimlanes,0
plantuml,ActivityDiagram3,elseIf,HColor,0
plantuml,ActivityDiagram3,else2,LinkRendering,0
plantuml,ActivityDiagram3,startRepeat,Swimlanes,0
plantuml,ActivityDiagram3,repeatWhile,Swimlanes,0
plantuml,ActivityDiagram3,backward,Swimlanes,0
plantuml,ActivityDiagram3,doWhile,Swimlanes,0
plantuml,ActivityDiagram3,endwhile,Display,0
plantuml,ActivityDiagram3,startGroup,Swimlanes,0
plantuml,ActivityDiagram3,setNextLinkRendererInternal,Swimlanes,0
plantuml,ActivityDiagram3,setNextLink,LinkRendering,0
plantuml,ActivityDiagram3,setLabelNextArrow,Display,0
plantuml,ActivityDiagram3,setColorNextArrow,Rainbow,0
plantuml,ActivityDiagram3,addNote,Swimlanes,0
plantuml,ActivityDiagram3,manageHasUrl,Display,0
plantuml,ActivityDiagramFactory3,createEmptyDiagram,PreprocessingArtifact,0
plantuml,Branch,containsBreak,InstructionList,0
plantuml,Branch,Branch,HColorSet,0
plantuml,Branch,add,InstructionList,0
plantuml,Branch,kill,InstructionList,0
plantuml,Branch,addNote,InstructionList,0
plantuml,Branch,setInlinkRendering,LinkRendering,0
plantuml,Branch,updateFtile,LinkRendering,0
plantuml,Branch,updateGtile,InstructionList,0
plantuml,Branch,getSwimlanes,InstructionList,0
plantuml,Branch,getLabelTest,Display,0
plantuml,Branch,getOut,LinkRendering,0
plantuml,Branch,getInColor,HColor,0
plantuml,Branch,getInlabel,LinkRendering,0
plantuml,Branch,getInRainbow,LinkRendering,0
plantuml,Branch,getLabelPositiveRainbow,LinkRendering,0
plantuml,Branch,getColor,HColor,0
plantuml,Branch,isEmpty,InstructionList,0
plantuml,Branch,getLast,InstructionList,0
plantuml,Branch,isOnlySingleStopOrSpot,InstructionList,0
plantuml,Branch,setSpecial,LinkRendering,0
plantuml,Branch,getSpecial,LinkRendering,0
plantuml,Branch,getDisplayPositive,LinkRendering,0
plantuml,Branch,getTextBlock,Display,1
plantuml,InstructionBreak,InstructionBreak,LinkRendering,0
plantuml,InstructionBreak,getInLinkRendering,LinkRendering,0
plantuml,InstructionEnd,InstructionEnd,LinkRendering,0
plantuml,InstructionEnd,getInLinkRendering,LinkRendering,0
plantuml,InstructionFork,InstructionFork,Swimlane,0
plantuml,InstructionFork,createGtile,Swimlane,0
plantuml,InstructionFork,createFtile,Swimlane,0
plantuml,InstructionFork,forkAgain,Swimlane,0
plantuml,InstructionFork,getInLinkRendering,LinkRendering,0
plantuml,InstructionFork,addNote,Stereotype,0
plantuml,InstructionFork,getSwimlanes,Swimlane,0
plantuml,InstructionFork,getSwimlaneIn,Swimlane,0
plantuml,InstructionFork,getSwimlaneOut,Swimlane,0
plantuml,InstructionFork,manageOutRendering,LinkRendering,0
plantuml,InstructionFork,setStyle,Swimlane,0
plantuml,InstructionGoto,InstructionGoto,Swimlane,0
plantuml,InstructionGroup,containsBreak,InstructionList,0
plantuml,InstructionGroup,InstructionGroup,Style,0
plantuml,InstructionGroup,add,InstructionList,0
plantuml,InstructionGroup,createGtile,Style,0
plantuml,InstructionGroup,createFtile,Style,0
plantuml,InstructionGroup,kill,InstructionList,0
plantuml,InstructionGroup,getInLinkRendering,LinkRendering,0
plantuml,InstructionGroup,addNote,USymbol,0
plantuml,InstructionGroup,getSwimlanes,InstructionList,0
plantuml,InstructionGroup,getSwimlaneIn,InstructionList,0
plantuml,InstructionGroup,getSwimlaneOut,InstructionList,0
plantuml,InstructionGroup,getLast,InstructionList,0
plantuml,InstructionIf,InstructionIf,Stereotype,0
plantuml,InstructionIf,add,Branch,0
plantuml,InstructionIf,createGtile,Swimlane,0
plantuml,InstructionIf,createFtile,Branch,1
plantuml,InstructionIf,swithToElse2,Branch,0
plantuml,InstructionIf,elseIf,Branch,0
plantuml,InstructionIf,endif,Branch,0
plantuml,InstructionIf,kill,Branch,0
plantuml,InstructionIf,getInLinkRendering,LinkRendering,0
plantuml,InstructionIf,addNote,Stereotype,0
plantuml,InstructionIf,getSwimlaneIn,Swimlane,0
plantuml,InstructionIf,getSwimlaneOut,Swimlane,0
plantuml,InstructionIf,getLast,Branch,0
plantuml,InstructionIf,outColor,LinkRendering,0
plantuml,InstructionLabel,InstructionLabel,Swimlane,0
plantuml,InstructionList,InstructionList,Swimlane,0
plantuml,InstructionList,createFtile,Swimlane,0
plantuml,InstructionList,addNote,Stereotype,0
plantuml,InstructionList,getSwimlaneIn,Swimlane,0
plantuml,InstructionList,setOutRendering,LinkRendering,0
plantuml,InstructionPartition,getSwimlanes,InstructionList,0
plantuml,InstructionPartition,getSwimlaneIn,InstructionList,0
plantuml,InstructionPartition,getSwimlaneOut,InstructionList,0
plantuml,InstructionPartition,createFtile,InstructionList,0
plantuml,InstructionPartition,add,InstructionList,0
plantuml,InstructionPartition,kill,InstructionList,0
plantuml,InstructionPartition,getInLinkRendering,InstructionList,0
plantuml,InstructionPartition,addNote,Stereotype,0
plantuml,InstructionPartition,containsBreak,InstructionList,0
plantuml,InstructionRepeat,containsBreak,InstructionList,0
plantuml,InstructionRepeat,InstructionRepeat,Stereotype,0
plantuml,InstructionRepeat,setBackward,Stereotype,0
plantuml,InstructionRepeat,hasBackward,Display,0
plantuml,InstructionRepeat,add,InstructionList,0
plantuml,InstructionRepeat,createGtile,Display,0
plantuml,InstructionRepeat,getGtileBackward,BoxStyle,0
plantuml,InstructionRepeat,createFtile,Swimlane,0
plantuml,InstructionRepeat,getFtileBackward,Stereotype,0
plantuml,InstructionRepeat,setTest,LinkRendering,0
plantuml,InstructionRepeat,kill,InstructionList,0
plantuml,InstructionRepeat,getInLinkRendering,LinkRendering,0
plantuml,InstructionRepeat,addNote,Colors,0
plantuml,InstructionRepeat,getSwimlanes,InstructionList,0
plantuml,InstructionSimple,InstructionSimple,Stereotype,0
plantuml,InstructionSimple,createGtile,Stereotype,0
plantuml,InstructionSimple,createFtile,Url,0
plantuml,InstructionSimple,getInLinkRendering,LinkRendering,0
plantuml,InstructionSplit,InstructionSplit,Swimlane,0
plantuml,InstructionSplit,createGtile,Swimlane,0
plantuml,InstructionSplit,createFtile,Swimlane,0
plantuml,InstructionSplit,splitAgain,Swimlane,0
plantuml,InstructionSplit,endSplit,Swimlane,0
plantuml,InstructionSplit,getInLinkRendering,LinkRendering,0
plantuml,InstructionSplit,addNote,Stereotype,0
plantuml,InstructionSplit,getSwimlaneOut,Swimlane,0
plantuml,InstructionSpot,InstructionSpot,Swimlane,0
plantuml,InstructionSpot,createFtile,HColor,0
plantuml,InstructionSpot,createGtile,HColor,0
plantuml,InstructionSpot,getInLinkRendering,LinkRendering,0
plantuml,InstructionStart,InstructionStart,LinkRendering,0
plantuml,InstructionStart,getInLinkRendering,LinkRendering,0
plantuml,InstructionStop,InstructionStop,LinkRendering,0
plantuml,InstructionStop,getInLinkRendering,LinkRendering,0
plantuml,InstructionSwitch,InstructionSwitch,HColor,0
plantuml,InstructionSwitch,add,Branch,0
plantuml,InstructionSwitch,createGtile,Swimlane,0
plantuml,InstructionSwitch,createFtile,Display,0
plantuml,InstructionSwitch,kill,Branch,0
plantuml,InstructionSwitch,getInLinkRendering,LinkRendering,0
plantuml,InstructionSwitch,getSwimlaneIn,Swimlane,0
plantuml,InstructionSwitch,getSwimlaneOut,Swimlane,0
plantuml,InstructionSwitch,switchCase,Branch,0
plantuml,InstructionSwitch,endSwitch,LinkRendering,0
plantuml,InstructionSwitch,addNote,Stereotype,0
plantuml,InstructionWhile,overwriteYes,Display,0
plantuml,InstructionWhile,InstructionWhile,StyleBuilder,0
plantuml,InstructionWhile,add,InstructionList,0
plantuml,InstructionWhile,createGtile,Display,0
plantuml,InstructionWhile,createFtile,StyleBuilder,0
plantuml,InstructionWhile,kill,InstructionList,0
plantuml,InstructionWhile,getInLinkRendering,LinkRendering,0
plantuml,InstructionWhile,outDisplay,LinkRendering,0
plantuml,InstructionWhile,outColor,LinkRendering,0
plantuml,InstructionWhile,addNote,Stereotype,0
plantuml,InstructionWhile,getSwimlanes,InstructionList,0
plantuml,InstructionWhile,getLast,InstructionList,0
plantuml,InstructionWhile,containsBreak,InstructionList,0
plantuml,InstructionWhile,setBackward,Stereotype,0
plantuml,InstructionWhile,incoming,LinkRendering,0
plantuml,LinkRendering,create,Rainbow,0
plantuml,LinkRendering,LinkRendering,Display,0
plantuml,LinkRendering,withRainbow,Display,0
plantuml,LinkRendering,withDisplay,Display,0
plantuml,LinkRendering,getDisplay,Display,0
plantuml,LinkRendering,getRainbow,Rainbow,0
plantuml,LinkRendering,getRainbow,Rainbow,0
plantuml,LinkRendering,isNone,Rainbow,0
plantuml,LinkRendering,toString,Rainbow,0
plantuml,MonoSwimable,MonoSwimable,Swimlane,0
plantuml,MonoSwimable,getSwimlanes,Swimlane,0
plantuml,MonoSwimable,getSwimlaneIn,Swimlane,0
plantuml,MonoSwimable,getSwimlaneOut,Swimlane,0
plantuml,WithNote,addNote,Stereotype,0
plantuml,WithNote,eventuallyAddNote,Swimlane,0
plantuml,CommandActivity3,executeArg,RegexResult,1
plantuml,CommandActivityLegacy1,executeArg,RegexResult,1
plantuml,CommandActivityLong3,executeNow,BlocLines,1
plantuml,CommandArrow3,executeArg,RegexResult,1
plantuml,CommandArrowLong3,executeNow,BlocLines,1
plantuml,CommandBackward3,executeArg,RegexResult,1
plantuml,CommandBackward3,getBackRendering,RegexResult,1
plantuml,CommandBackward3,getRainbow,RegexResult,1
plantuml,CommandBackwardLong3,executeNow,BlocLines,1
plantuml,CommandBreak,executeArg,RegexResult,0
plantuml,CommandCase,executeArg,RegexResult,1
plantuml,CommandCircleSpot3,executeArg,RegexResult,1
plantuml,CommandElse3,executeArg,RegexResult,0
plantuml,CommandElseIf2,executeArg,RegexResult,1
plantuml,CommandElseIf3,executeArg,RegexResult,1
plantuml,CommandElseLegacy1,executeArg,RegexResult,0
plantuml,CommandEnd3,executeArg,RegexResult,0
plantuml,CommandEndPartition3,executeArg,RegexResult,0
plantuml,CommandEndSwitch,executeArg,RegexResult,0
plantuml,CommandEndif3,executeArg,RegexResult,0
plantuml,CommandFork3,executeArg,RegexResult,0
plantuml,CommandForkAgain3,executeArg,RegexResult,0
plantuml,CommandForkEnd3,executeArg,RegexResult,0
plantuml,CommandGoto,executeArg,RegexResult,1
plantuml,CommandGroupEnd3,executeArg,RegexResult,0
plantuml,CommandIf2,executeArg,RegexResult,1
plantuml,CommandIf4,executeArg,RegexResult,1
plantuml,CommandIfLegacy1,executeArg,RegexResult,0
plantuml,CommandKill3,executeArg,RegexResult,0
plantuml,CommandLabel,executeArg,RegexResult,0
plantuml,CommandLink3,executeArg,RegexResult,1
plantuml,CommandNolink,executeArg,RegexResult,0
plantuml,CommandNote3,executeArg,RegexResult,1
plantuml,CommandNoteLong3,executeNow,BlocLines,1
plantuml,CommandPartition3,executeArg,RegexResult,1
plantuml,CommandRepeat3,executeArg,RegexResult,1
plantuml,CommandRepeatWhile3,executeArg,RegexResult,1
plantuml,CommandRepeatWhile3Multilines,executeNow,BlocLines,1
plantuml,CommandSplit3,executeArg,RegexResult,0
plantuml,CommandSplitAgain3,executeArg,RegexResult,0
plantuml,CommandSplitEnd3,executeArg,RegexResult,0
plantuml,CommandStart3,executeArg,RegexResult,0
plantuml,CommandStop3,executeArg,RegexResult,0
plantuml,CommandSwimlane,executeArg,RegexResult,1
plantuml,CommandSwimlane2,executeArg,RegexResult,1
plantuml,CommandSwitch,executeArg,RegexResult,1
plantuml,CommandWhile3,executeArg,RegexResult,1
plantuml,CommandWhileEnd3,executeArg,RegexResult,1
plantuml,AbstractFtile,getThickness,Style,0
plantuml,AbstractFtile,calculateDimension,FtileGeometry,0
plantuml,BoxStyle,fromString,BoxStyle,0
plantuml,BoxStyle,checkDeprecatedWarning,TitledDiagram,0
plantuml,CollisionDetector,CollisionDetector,Context,0
plantuml,CollisionDetector,CollisionDetector,CollisionDetector,0
plantuml,CollisionDetector,collisionCheck,XLine2D,1
plantuml,CollisionDetector,drawSnake,Snake,0
plantuml,CollisionDetector,drawRectangle,Context,0
plantuml,CollisionDetector,drawPolygone,Context,0
plantuml,CollisionDetector,drawDebug,Context,0
plantuml,CollisionDetector,setManageSnakes,Context,0
plantuml,EntityImageLegend,create,Display,0
plantuml,FtileAssemblySimple,calculateDimension,FtileGeometry,0
plantuml,FtileAssemblySimple,getTranslated1,FtileGeometry,0
plantuml,FtileAssemblySimple,getTranslated2,FtileGeometry,0
plantuml,FtileAssemblySimple,getThickness,Style,0
plantuml,FtileBreak,FtileBreak,Swimlane,0
plantuml,FtileEmpty,FtileEmpty,Swimlane,0
plantuml,FtileEmpty,FtileEmpty,Swimlane,0
plantuml,FtileEmpty,getSwimlaneIn,Swimlane,0
plantuml,FtileEmpty,getSwimlaneOut,Swimlane,0
plantuml,FtileEmpty,getSwimlanes,Swimlane,0
plantuml,FtileFactoryDelegator,getTextBlock,Display,1
plantuml,FtileFactoryDelegator,start,Swimlane,0
plantuml,FtileFactoryDelegator,end,Swimlane,0
plantuml,FtileFactoryDelegator,stop,Swimlane,0
plantuml,FtileFactoryDelegator,spot,HColor,0
plantuml,FtileFactoryDelegator,activity,Stereotype,0
plantuml,FtileFactoryDelegator,addNote,Swimlane,0
plantuml,FtileFactoryDelegator,addUrl,Url,0
plantuml,FtileFactoryDelegator,decorateIn,LinkRendering,0
plantuml,FtileFactoryDelegator,decorateOut,LinkRendering,0
plantuml,FtileFactoryDelegator,repeat,StyleBuilder,0
plantuml,FtileFactoryDelegator,createWhile,StyleBuilder,0
plantuml,FtileFactoryDelegator,createIf,StyleBuilder,0
plantuml,FtileFactoryDelegator,createSwitch,Display,0
plantuml,FtileFactoryDelegator,createParallel,Swimlane,0
plantuml,FtileFactoryDelegator,createGroup,Style,0
plantuml,FtileFactoryDelegator,getRose,Rose,0
plantuml,FtileGeometry,FtileGeometry,XDimension2D,0
plantuml,FtileGeometry,FtileGeometry,XDimension2D,0
plantuml,FtileGeometry,translate,UTranslate,1
plantuml,FtileGeometry,appendBottom,FtileGeometry,1
plantuml,FtileGeometryMerger,FtileGeometryMerger,FtileGeometry,0
plantuml,FtileGeometryMerger,getResult,FtileGeometry,0
plantuml,FtileGoto,FtileGoto,Swimlane,0
plantuml,FtileLabel,FtileLabel,Swimlane,0
plantuml,FtileMargedVertically,calculateDimension,FtileGeometry,0
plantuml,FtileMinWidthCentered,calculateDimension,FtileGeometry,0
plantuml,FtileUtils,withSwimlaneOut,Swimlane,0
plantuml,FtileUtils,withSwimlaneIn,Swimlane,0
plantuml,FtileWithSwimlanes,FtileWithSwimlanes,Swimlane,0
plantuml,FtileWithSwimlanes,getSwimlaneIn,Swimlane,0
plantuml,FtileWithSwimlanes,getSwimlaneOut,Swimlane,0
plantuml,FtileWithUrl,FtileWithUrl,Url,0
plantuml,FtileWithUrl,drawU,Url,0
plantuml,LaneDivider,getStyle,Style,0
plantuml,Snake,cloneEmpty,Direction,0
plantuml,Snake,ignoreForCompression,Worm,0
plantuml,Snake,emphasizeDirection,Direction,0
plantuml,Snake,withoutEndDecoration,Direction,0
plantuml,Snake,withMerge,Direction,0
plantuml,Snake,create,Rainbow,0
plantuml,Snake,create,UPolygon,0
plantuml,Snake,create,UPolygon,0
plantuml,Snake,Snake,Direction,0
plantuml,Snake,translate,UTranslate,1
plantuml,Snake,toString,Worm,0
plantuml,Snake,addPoint,Worm,1
plantuml,Snake,addPoint,XPoint2D,1
plantuml,Snake,drawInternal,UPolygon,0
plantuml,Snake,drawRainbow,UPolygon,0
plantuml,Snake,getTextBlockPosition,Worm,1
plantuml,Snake,getHorizontalLines,Worm,1
plantuml,Snake,getFirst,Worm,0
plantuml,Snake,getLast,Worm,1
plantuml,Snake,same,XPoint2D,0
plantuml,Snake,merge,Direction,0
plantuml,Snake,touches,Snake,1
plantuml,Snake,doesHorizontalCross,Worm,0
plantuml,Swimlane,Swimlane,Pragma,0
plantuml,Swimlane,getDisplay,Display,0
plantuml,Swimlane,setDisplay,Display,0
plantuml,Swimlane,getTranslate,UTranslate,0
plantuml,Swimlane,setTranslate,UTranslate,0
plantuml,Swimlane,getColors,Colors,0
plantuml,Swimlane,setSpecificColorTOBEREMOVED,Colors,0
plantuml,Swimlane,setColors,Colors,0
plantuml,Swimlane,setMinMax,MinMax,0
plantuml,Swimlane,getMinMax,MinMax,0
plantuml,Swimlane,compareTo,Swimlane,1
plantuml,Swimlanes,swimlanesSpecial,Pragma,0
plantuml,Swimlanes,Swimlanes,Pragma,0
plantuml,Swimlanes,getStyle,Style,0
plantuml,Swimlanes,getFtileFactory,Pragma,0
plantuml,Swimlanes,swimlane,Swimlane,0
plantuml,Swimlanes,getOrCreate,Pragma,0
plantuml,Swimlanes,getTitle,Swimlane,1
plantuml,Swimlanes,getWidthWithoutTitle,Swimlane,1
plantuml,Swimlanes,nextLinkRenderer,LinkRendering,0
plantuml,Swimlanes,setNextLinkRenderer,LinkRendering,0
plantuml,Swimlanes,getCurrentSwimlane,Swimlane,0
plantuml,Swimlanes,getMinMax,MinMax,0
plantuml,UGraphicInterceptorUDrawable2,drawGoto,FtileGoto,1
plantuml,Worm,Worm,Arrows,0
plantuml,Worm,cloneEmpty,Arrows,0
plantuml,Worm,drawInternalOneColor,UPolygon,0
plantuml,Worm,drawLine,Direction,0
plantuml,Worm,drawLine,Direction,0
plantuml,Worm,move,Arrows,0
plantuml,Worm,moveFirstPoint,Arrows,0
plantuml,Worm,moveLastPoint,Arrows,0
plantuml,Worm,addPoint,XPoint2D,0
plantuml,Worm,translate,UTranslate,1
plantuml,Worm,doesHorizontalCross,MinMax,1
plantuml,Worm,addAll,Worm,1
plantuml,Worm,add,XPoint2D,0
plantuml,Worm,merge,Arrows,0
plantuml,Worm,getStyle,Style,0
plantuml,WormMutation,create,Worm,1
plantuml,WormMutation,mute,Worm,1
plantuml,WormTexted,WormTexted,Arrows,0
plantuml,WormTexted,WormTexted,Worm,0
plantuml,WormTexted,iterator,Worm,0
plantuml,WormTexted,addPoint,Worm,0
plantuml,WormTexted,drawInternalOneColor,Worm,0
plantuml,WormTexted,getWorm,Worm,0
plantuml,WormTexted,get,Worm,0
plantuml,WormTexted,size,Worm,0
plantuml,WormTexted,merge,Worm,0
plantuml,WormTexted,addAll,Worm,0
plantuml,ZadBuilder,ZadBuilder,ZadBuilder,0
plantuml,ZadBuilder,getZad,Context,0
plantuml,AbstractParallelFtilesBuilder,getRose,Rose,0
plantuml,ConnectionVerticalDown,ConnectionVerticalDown,Rainbow,0
plantuml,FloatingNote,FloatingNote,Display,0
plantuml,FloatingNote,getStartingX,Opale,0
plantuml,FtileFactoryDelegatorAddUrl,addUrl,Url,0
plantuml,FtileFactoryDelegatorIf,FtileFactoryDelegatorIf,Pragma,0
plantuml,FtileFactoryDelegatorWhile,ensureColor,Rainbow,0
plantuml,FtileGroup,getStyleSignature,USymbol,0
plantuml,FtileGroup,FtileGroup,Style,0
plantuml,FtileGroup,getInnerDimension,FtileGeometry,0
plantuml,FtileIfLongHorizontal,FtileIfLongHorizontal,Rainbow,0
plantuml,FtileIfLongHorizontal,getYdiamontOutToLeft,FtileGeometry,0
plantuml,FtileIfLongVertical,FtileIfLongVertical,Rainbow,0
plantuml,FtileNoteAlone,getSwimlanes,Swimlane,0
plantuml,FtileNoteAlone,getSwimlaneIn,Swimlane,0
plantuml,FtileNoteAlone,getSwimlaneOut,Swimlane,0
plantuml,FtileNoteAlone,FtileNoteAlone,Swimlane,0
plantuml,FtileNoteAlone,getStartingX,Opale,0
plantuml,FtileSwitch,FtileSwitch,Rainbow,0
plantuml,FtileWithNoteOpale,getSwimlanes,Swimlane,0
plantuml,FtileWithNoteOpale,FtileWithNoteOpale,PositionedNote,0
plantuml,FtileWithNoteOpale,getStartingX,Opale,0
plantuml,ParallelBuilderFork,ParallelBuilderFork,Swimlane,0
plantuml,ParallelBuilderFork,swimlaneOutForStep2,Swimlane,0
plantuml,UGraphicInterceptorOneSwimlane,UGraphicInterceptorOneSwimlane,Swimlane,0
plantuml,UGraphicInterceptorOneSwimlane,draw,Swimlane,0
plantuml,UGraphicInterceptorOneSwimlane,getSwimlane,Swimlane,0
plantuml,VCompactFactory,addNote,Swimlane,0
plantuml,VCompactFactory,addUrl,Url,0
plantuml,VCompactFactory,repeat,StyleBuilder,0
plantuml,VCompactFactory,createWhile,StyleBuilder,0
plantuml,VCompactFactory,createParallel,Swimlane,0
plantuml,VCompactFactory,createGroup,Style,0
plantuml,ConditionalBuilder,ConditionalBuilder,Style,0
plantuml,ConditionalBuilder,getShape2,Swimlane,0
plantuml,FtileDimensionMemoize,calculateDimensionInternal,FtileGeometry,0
plantuml,FtileDimensionMemoize,clearCacheDimensionInternal,FtileGeometry,0
plantuml,FtileIfNude,FtileIfNude,Swimlane,0
plantuml,FtileIfNude,getSwimlaneIn,Swimlane,0
plantuml,FtileIfWithDiamonds,FtileIfWithDiamonds,Swimlane,0
plantuml,FtileIfWithLinks,FtileIfWithLinks,Rainbow,0
plantuml,FtileSwitchNude,FtileSwitchNude,Swimlane,0
plantuml,FtileSwitchNude,getSwimlaneIn,Swimlane,0
plantuml,FtileSwitchWithDiamonds,FtileSwitchWithDiamonds,Swimlane,0
plantuml,FtileSwitchWithManyLinks,FtileSwitchWithManyLinks,Rainbow,0
plantuml,FtileSwitchWithOneLink,FtileSwitchWithOneLink,Rainbow,0
plantuml,FtileBlackBlock,FtileBlackBlock,Swimlane,0
plantuml,FtileBlackBlock,getSwimlanes,Swimlane,0
plantuml,FtileBlackBlock,getSwimlaneIn,Swimlane,0
plantuml,FtileBlackBlock,getSwimlaneOut,Swimlane,0
plantuml,FtileBox,getInLinkRendering,LinkRendering,0
plantuml,FtileBox,getSwimlanes,Swimlane,0
plantuml,FtileBox,getSwimlaneIn,Swimlane,0
plantuml,FtileBox,getSwimlaneOut,Swimlane,0
plantuml,FtileBox,FtileBox,Style,0
plantuml,FtileBoxOld,getInLinkRendering,LinkRendering,0
plantuml,FtileBoxOld,getSwimlanes,Swimlane,0
plantuml,FtileBoxOld,getSwimlaneIn,Swimlane,0
plantuml,FtileBoxOld,getSwimlaneOut,Swimlane,0
plantuml,FtileBoxOld,FtileBoxOld,Style,0
plantuml,FtileCircleEndCross,FtileCircleEndCross,Style,0
plantuml,FtileCircleEndCross,getSwimlanes,Swimlane,0
plantuml,FtileCircleEndCross,getSwimlaneIn,Swimlane,0
plantuml,FtileCircleEndCross,getSwimlaneOut,Swimlane,0
plantuml,FtileCircleSpot,FtileCircleSpot,Style,0
plantuml,FtileCircleSpot,getSwimlanes,Swimlane,0
plantuml,FtileCircleSpot,getSwimlaneIn,Swimlane,0
plantuml,FtileCircleSpot,getSwimlaneOut,Swimlane,0
plantuml,FtileCircleStart,FtileCircleStart,Style,0
plantuml,FtileCircleStart,getSwimlanes,Swimlane,0
plantuml,FtileCircleStart,getSwimlaneIn,Swimlane,0
plantuml,FtileCircleStart,getSwimlaneOut,Swimlane,0
plantuml,FtileCircleStop,FtileCircleStop,Style,0
plantuml,FtileCircleStop,getSwimlanes,Swimlane,0
plantuml,FtileCircleStop,getSwimlaneIn,Swimlane,0
plantuml,FtileCircleStop,getSwimlaneOut,Swimlane,0
plantuml,FtileDecorateIn,getInLinkRendering,LinkRendering,0
plantuml,FtileDecorateInLabel,FtileDecorateInLabel,XDimension2D,0
plantuml,FtileDecorateOut,getOutLinkRendering,LinkRendering,0
plantuml,FtileDecorateOutLabel,FtileDecorateOutLabel,XDimension2D,0
plantuml,FtileDiamond,FtileDiamond,Swimlane,0
plantuml,FtileDiamond,FtileDiamond,Swimlane,0
plantuml,FtileDiamondInside,FtileDiamondInside,Swimlane,0
plantuml,FtileDiamondInside,FtileDiamondInside,Swimlane,0
plantuml,FtileDiamondInside2,FtileDiamondInside2,Swimlane,0
plantuml,FtileDiamondInside2,FtileDiamondInside2,Swimlane,0
plantuml,FtileDiamondSquare,FtileDiamondSquare,Swimlane,0
plantuml,FtileDiamondSquare,FtileDiamondSquare,Swimlane,0
plantuml,FtileDiamondWIP,FtileDiamondWIP,Swimlane,0
plantuml,FtileDiamondWIP,getSwimlanes,Swimlane,0
plantuml,FtileDiamondWIP,getSwimlaneIn,Swimlane,0
plantuml,FtileDiamondWIP,getSwimlaneOut,Swimlane,0
plantuml,FtileThinSplit,FtileThinSplit,Swimlane,0
plantuml,FtileThinSplit,getSwimlanes,Swimlane,0
plantuml,FtileThinSplit,getSwimlaneIn,Swimlane,0
plantuml,FtileThinSplit,getSwimlaneOut,Swimlane,0
plantuml,AbstractGtile,AbstractGtile,Swimlane,0
plantuml,AbstractGtile,getSwimlanes,Swimlane,0
plantuml,AbstractGtile,getSwimlane,Swimlane,0
plantuml,AbstractGtile,getRose,Rose,0
plantuml,GAbstractConnection,GAbstractConnection,GPoint,0
plantuml,GAbstractConnection,toString,GPoint,0
plantuml,GAbstractConnection,drawTranslate,UTranslate,0
plantuml,GConnectionHorizontalThenVerticalDown,GConnectionHorizontalThenVerticalDown,GPoint,0
plantuml,GConnectionSideThenVerticalThenSide,GConnectionSideThenVerticalThenSide,GPoint,0
plantuml,GConnectionSideThenVerticalThenSide,drawTranslate,UTranslate,0
plantuml,GConnectionVerticalDown,GConnectionVerticalDown,GPoint,0
plantuml,GConnectionVerticalDownThenBack,GConnectionVerticalDownThenBack,GPoint,0
plantuml,GConnectionVerticalDownThenHorizontal,GConnectionVerticalDownThenHorizontal,GPoint,0
plantuml,GPoint,GPoint,LinkRendering,0
plantuml,GPoint,getLinkRendering,LinkRendering,0
plantuml,GtileAssembly,GtileAssembly,LinkRendering,0
plantuml,GtileBox,getInLinkRendering,LinkRendering,0
plantuml,GtileBox,GtileBox,Style,0
plantuml,GtileBreak,GtileBreak,Swimlane,0
plantuml,GtileCircleSpot,GtileCircleSpot,UFont,0
plantuml,GtileCircleStart,GtileCircleStart,Swimlane,0
plantuml,GtileColumns,GtileColumns,Swimlane,0
plantuml,GtileEmpty,GtileEmpty,Swimlane,0
plantuml,GtileEmpty,GtileEmpty,Swimlane,0
plantuml,GtileGoto,GtileGoto,Swimlane,0
plantuml,GtileGroup,GtileGroup,Style,0
plantuml,GtileHexagonInside,GtileHexagonInside,Swimlane,0
plantuml,GtileHexagonInside,calculateDimension,XDimension2D,0
plantuml,GtileHexagonInsideLabelled,GtileHexagonInsideLabelled,GtileHexagonInside,0
plantuml,GtileIfAlone,GtileIfAlone,Branch,0
plantuml,GtileIfHexagon,GtileIfHexagon,Swimlane,0
plantuml,GtileIfHexagon,getInnerConnections,UTranslate,0
plantuml,GtileLabel,GtileLabel,Swimlane,0
plantuml,GtileRepeat,GtileRepeat,Display,0
plantuml,GtileSplit,GtileSplit,HColor,0
plantuml,GtileTopDown,getPos1,UTranslate,0
plantuml,GtileTopDown,getPos2,UTranslate,0
plantuml,GtileTopDown3,getPos1,UTranslate,0
plantuml,GtileTopDown3,getPos2,UTranslate,0
plantuml,GtileTopDown3,getPos3,UTranslate,0
plantuml,GtileWithIncomingArrow,GtileWithIncomingArrow,AbstractGtileRoot,0
plantuml,GtileWithMargin,GtileWithMargin,AbstractGtileRoot,0
plantuml,GtileWithMargin,getSwimlanes,AbstractGtileRoot,0
plantuml,GtileWithNoteOpale,GtileWithNoteOpale,PositionedNote,0
plantuml,GtileWithNoteOpale,getStartingX,Opale,0
plantuml,GtileWithOutgoingArrow,GtileWithOutgoingArrow,AbstractGtileRoot,0
plantuml,PlantUmlTask,setOutput,Option,0
plantuml,PlantUmlTask,setConfig,Option,0
plantuml,PlantUmlTask,setDebugSvek,Option,0
plantuml,PlantUmlTask,setFormat,Option,0
plantuml,PlantUmlTask,setNbThread,Option,0
plantuml,CountRate,perMinute,MagicArray,0
plantuml,CountRate,perHour,MagicArray,0
plantuml,CountRate,perDay,MagicArray,0
plantuml,CountRate,perMinuteMax,MagicArray,0
plantuml,CountRate,perHourMax,MagicArray,0
plantuml,CountRate,perDayMax,MagicArray,0
plantuml,ImageDataAbstract,ImageDataAbstract,XDimension2D,0
plantuml,ImageDataComplex,ImageDataComplex,CMapData,0
plantuml,ImageDataComplex,ImageDataComplex,CMapData,0
plantuml,ImageDataComplex,containsCMapData,CMapData,0
plantuml,ImageDataComplex,getCMapData,CMapData,0
plantuml,ImageDataSimple,ImageDataSimple,XDimension2D,0
plantuml,ImageDataSimple,ImageDataSimple,XDimension2D,0
plantuml,Validation,validateInput,Argon2,0
plantuml,FillMemory,fillMemoryBlocks,Instance,0
plantuml,FillMemory,joinThreads,Instance,0
plantuml,FillSegment,getPrevOffset,Instance,0
plantuml,FillSegment,rotatePrevOffset,Instance,0
plantuml,FillSegment,getStartingIndex,Position,0
plantuml,FillSegment,getPseudoRandom,Block,0
plantuml,FillSegment,getRefLane,Position,0
plantuml,FillSegment,getRefColumn,Position,0
plantuml,Instance,Instance,Argon2,0
plantuml,ComponentTextActor,ComponentTextActor,Display,0
plantuml,ComponentTextArrow,ComponentTextArrow,Display,0
plantuml,ComponentTextArrow,getStartPoint,XDimension2D,0
plantuml,ComponentTextArrow,getEndPoint,XDimension2D,0
plantuml,ComponentTextDelay,ComponentTextDelay,Display,0
plantuml,ComponentTextDivider,ComponentTextDivider,Display,0
plantuml,ComponentTextGroupingElse,ComponentTextGroupingElse,Display,0
plantuml,ComponentTextGroupingHeader,ComponentTextGroupingHeader,Display,0
plantuml,ComponentTextNote,ComponentTextNote,Display,0
plantuml,ComponentTextParticipant,ComponentTextParticipant,Display,0
plantuml,ComponentTextReference,ComponentTextReference,Display,0
plantuml,ComponentTextSelfArrow,ComponentTextSelfArrow,Display,0
plantuml,ComponentTextSelfArrow,getStartPoint,XDimension2D,0
plantuml,ComponentTextSelfArrow,getEndPoint,XDimension2D,0
plantuml,ComponentTextShape,ComponentTextShape,Display,0
plantuml,TextSkin,createComponentArrow,Display,0
plantuml,TextSkin,createComponentNote,Colors,0
plantuml,TextSkin,createComponent,Display,0
plantuml,Activity,Activity,BoardDiagram,0
plantuml,Activity,addRelease,BNode,0
plantuml,Activity,getArray,BArray,0
plantuml,BNode,getParent,BNode,0
plantuml,BoardDiagram,BoardDiagram,PreprocessingArtifact,0
plantuml,CardBox,CardBox,Display,0
plantuml,BpmDiagram,cleanGrid,Grid,0
plantuml,BpmDiagram,BpmDiagram,PreprocessingArtifact,0
plantuml,BpmDiagram,getTextMainBlock,FileFormatOption,0
plantuml,BpmElement,getDisplay,Display,0
plantuml,BpmElement,getDimension,XDimension2D,0
plantuml,BpmEventAdd,BpmEventAdd,BpmElement,0
plantuml,BpmEventAdd,getElement,BpmElement,0
plantuml,CleanerInterleavingLines,mergeable,Line,0
plantuml,CleanerInterleavingLines,mergeablePuzzleSingle,BpmElement,0
plantuml,CleanerInterleavingLines,mergeablePuzzleSingle,ConnectorPuzzleEmpty,0
plantuml,CleanerInterleavingLines,mergeableCC,ConnectorPuzzleEmpty,0
plantuml,CleanerMoveBlock,clean,Grid,0
plantuml,CleanerMoveBlock,tryGrid,Line,0
plantuml,CleanerMoveBlock,tryBridge,Col,0
plantuml,CommandElseBranch,executeArg,RegexResult,0
plantuml,CommandEndBranch,executeArg,RegexResult,0
plantuml,CommandNewBranch,executeArg,RegexResult,0
plantuml,Coord,Coord,Col,0
plantuml,Coord,getCol,Col,0
plantuml,Coord,toString,Col,0
plantuml,Coord,getLine,Line,0
plantuml,Grid,Grid,Grid,0
plantuml,Grid,getRoot,Coord,0
plantuml,Grid,getCoord,Cell,0
plantuml,Grid,linesOf,Cell,0
plantuml,Grid,colsOf,Cell,0
plantuml,Grid,usedColsOf,Line,0
plantuml,GridArray,getCoord,Cell,0
plantuml,BrailleChar,drawOneSpot,BrailleGrid,0
plantuml,BrailleDrawer,BrailleDrawer,BrailleGrid,0
plantuml,BrailleGrid,drawDotPath,DotPath,0
plantuml,DriverDotPathBraille,draw,BrailleGrid,0
plantuml,UGraphicBraille,UGraphicBraille,ColorMapper,0
plantuml,UGraphicBraille,UGraphicBraille,UGraphicBraille,0
plantuml,BitReader,readMoreInput,State,0
plantuml,BitReader,fillBitWindow,State,0
plantuml,BitReader,peekBits,State,0
plantuml,BitReader,readBits,State,0
plantuml,BitReader,reload,State,0
plantuml,BitReader,bytesToNibbles,State,0
plantuml,BrotliInputStream,close,State,0
plantuml,Decode,close,State,0
plantuml,Decode,decodeVarLenUnsignedByte,State,0
plantuml,Decode,decompress,State,0
plantuml,ChenEerDiagram,ChenEerDiagram,PreprocessingArtifact,0
plantuml,CommandEndGroup,executeArg,RegexResult,0
plantuml,ChronologyDiagram,ChronologyDiagram,PreprocessingArtifact,0
plantuml,ChronologyDiagram,drawTasksTitle,LabelStrategy,0
plantuml,ChronologyDiagram,getIHtmlColorSet,HColorSet,0
plantuml,HourPattern,getDay,RegexResult,0
plantuml,TaskChronology,setUrl,Url,0
plantuml,TaskChronology,TaskChronology,TaskCode,0
plantuml,TaskChronology,setStart,Day,0
plantuml,TaskChronology,getStart,Day,0
plantuml,TaskChronology,setEnd,Day,0
plantuml,TaskChronology,getEnd,Day,0
plantuml,TaskChronology,setLoad,Load,0
plantuml,TaskChronology,addResource,Resource,0
plantuml,TaskChronology,addPause,Day,0
plantuml,TaskChronology,isAssignedTo,Resource,0
plantuml,TaskChronology,setNote,Display,0
plantuml,TaskChronology,getNote,Display,0
plantuml,TimeHeaderChronology,TimeHeaderChronology,TimeScaleChronology,0
plantuml,TimeScaleChronology,getEndingPosition,Day,0
plantuml,TimeScaleChronology,getWidth,Day,0
plantuml,TimeScaleChronology,isBreaking,Day,0
plantuml,AbstractEntityDiagram,AbstractEntityDiagram,PreprocessingArtifact,0
plantuml,ClassDiagram,ClassDiagram,PreprocessingArtifact,0
plantuml,ClassDiagram,getEntityImageClass,Entity,0
plantuml,CommandCreateClassMultilines,addTags,Entity,0
plantuml,CommandCreateClassMultilines,manageExtends,RegexResult,0
plantuml,CommandCreateElementFull2,CommandCreateElementFull2,Mode,0
plantuml,CommandHideShowByGender,executeArg,RegexResult,0
plantuml,CommandHideShowByVisibility,executeArg,RegexResult,0
plantuml,CommandHideShowSpecificClass,executeArg,RegexResult,0
plantuml,CommandLinkClass,getArrowHead1,RegexResult,0
plantuml,CommandLinkClass,getArrowHead2,RegexResult,0
plantuml,CommandLinkLollipop,getQueue,RegexResult,0
plantuml,TranscoderImpl,TranscoderImpl,Format,0
plantuml,Decompressor,Decompressor,OutputStreamProtected,0
plantuml,Decompressor,decompressHuffmanBlock,OutputStreamProtected,0
plantuml,CommandAssumeTransparent,executeArg,RegexResult,0
plantuml,CommandExecutionResult,CommandExecutionResult,AbstractPSystem,0
plantuml,CommandExecutionResult,newDiagram,AbstractPSystem,0
plantuml,CommandExecutionResult,getNewDiagram,AbstractPSystem,0
plantuml,CommandFootboxIgnored,executeArg,RegexResult,0
plantuml,CommandMultilines,getStartingPattern,Pattern2,0
plantuml,CommandMultilines2,executeNow,BlocLines,0
plantuml,CommandMultilines2,finalVerification,BlocLines,0
plantuml,CommandMultilines3,executeNow,BlocLines,0
plantuml,CommandMultilinesBracket,getDescription,Pattern2,0
plantuml,CommandMultilinesBracket,getStartingPattern,Pattern2,0
plantuml,CommandMultilinesComment,execute,BlocLines,0
plantuml,CommandNope,executeArg,RegexResult,0
plantuml,CommandSkinParam,executeArg,RegexResult,0
plantuml,PSystemBasicFactory,executeLine,PreprocessingArtifact,0
plantuml,PSystemBasicFactory,initDiagram,PreprocessingArtifact,0
plantuml,PSystemCommandFactory,createEmptyDiagram,PreprocessingArtifact,0
plantuml,PSystemCommandFactory,finalizeDiagram,PreprocessingArtifact,0
plantuml,PSystemSingleLineFactory,executeLine,PreprocessingArtifact,0
plantuml,ProtectedCommand,execute,BlocLines,0
plantuml,SingleLineCommand2,myTrim,StringLocated,0
plantuml,SingleLineCommand2,myTrim2,StringLocated,0
plantuml,SingleLineCommand2,executeArg,RegexResult,0
plantuml,SkinLoader,SkinLoader,TitledDiagram,0
plantuml,SkinLoader,execute,TitledDiagram,0
plantuml,UBrexCommandFootboxIgnored,executeArg,RegexResult,0
plantuml,UBrexSingleLineCommand2,myTrim,StringLocated,0
plantuml,UBrexSingleLineCommand2,myTrim2,StringLocated,0
plantuml,UBrexSingleLineCommand2,executeArg,RegexResult,0
plantuml,CompositeDiagram,CompositeDiagram,PreprocessingArtifact,0
plantuml,CrashImage,CrashImage,ReportLog,0
plantuml,CrashImage,generateFlashcodeImage,ReportLog,0
plantuml,XAbstractEdge,XAbstractEdge,Bibliotekon,0
plantuml,BodierJSon,setLeaf,Entity,0
plantuml,BodierJSon,setJson,JsonValue,0
plantuml,BodierLikeClassOrObject,setLeaf,Entity,0
plantuml,BodierMap,setLeaf,Entity,0
plantuml,BodierSimple,setLeaf,Entity,0
plantuml,Body3,Body3,Style,0
plantuml,BodyEnhanced1,BodyEnhanced1,Style,0
plantuml,BodyEnhanced1,BodyEnhanced1,Style,0
plantuml,BodyEnhanced2,BodyEnhanced2,Style,0
plantuml,BodyEnhanced2,addOneSingleLineManageEmbedded2,Display,0
plantuml,BodyEnhancedAbstract,BodyEnhancedAbstract,Style,0
plantuml,BodyEnhancedAbstract,getStyle,Style,0
plantuml,EntityPort,equalsId,EntityPort,0
plantuml,HideOrShow,isApplyable,Stereotype,0
plantuml,HideOrShow,isApplyableUnlinked,Entity,0
plantuml,HideOrShow,isApplyableStereotype,Stereotype,0
plantuml,HideOrShow,isApplyableTag,Entity,0
plantuml,HideOrShow,apply,Entity,0
plantuml,HideOrShow,apply,Stereotype,0
plantuml,LinkConstraint,LinkConstraint,Display,0
plantuml,LinkConstraint,setPosition,XPoint2D,0
plantuml,Magma,Magma,CucaDiagram,0
plantuml,MagmaList,add,Magma,0
plantuml,Member,getUrl,Url,0
plantuml,MethodsOrFieldsArea,MethodsOrFieldsArea,Style,0
plantuml,MethodsOrFieldsArea,MethodsOrFieldsArea,Style,0
plantuml,TextBlockCucaJSon,TextBlockCucaJSon,LineBreakStrategy,0
plantuml,TextBlockCucaJSon,getFontConfiguration,FontConfiguration,0
plantuml,TextBlockMap,TextBlockMap,LineBreakStrategy,0
plantuml,HtmlColorAndStyle,toString,LinkStyle,0
plantuml,HtmlColorAndStyle,HtmlColorAndStyle,HColor,0
plantuml,HtmlColorAndStyle,HtmlColorAndStyle,HColor,0
plantuml,HtmlColorAndStyle,getArrowColor,HColor,0
plantuml,HtmlColorAndStyle,getArrowHeadColor,HColor,0
plantuml,HtmlColorAndStyle,getStyle,LinkStyle,0
plantuml,LinkStyle,muteStroke,UStroke,0
plantuml,LinkType,LinkType,LinkStyle,0
plantuml,LinkType,isInvisible,LinkStyle,0
plantuml,LinkType,getStyle,LinkStyle,0
plantuml,LinkType,getStroke3,UStroke,0
plantuml,Rainbow,withDefault,Rainbow,0
plantuml,WithLinkType,getSpecificColor,Colors,0
plantuml,WithLinkType,setSpecificColor,HColor,0
plantuml,WithLinkType,setSpecificColor,Colors,0
plantuml,WithLinkType,setColors,Colors,0
plantuml,WithLinkType,getColors,Colors,0
plantuml,WithLinkType,getType,LinkType,0
plantuml,USymbol,asSmall,Fashion,0
plantuml,USymbol,asBig,Fashion,0
plantuml,USymbolAction,getHTitle,XDimension2D,0
plantuml,USymbolFolder,getWTitle,XDimension2D,0
plantuml,USymbolFolder,getHTitle,XDimension2D,0
plantuml,USymbolFrame,getYpos,XDimension2D,0
plantuml,USymbolProcess,getHTitle,XDimension2D,0
plantuml,DedicationSimple,getImage,TinyHashableString,0
plantuml,PSystemDedication,PSystemDedication,PreprocessingArtifact,0
plantuml,PSystemDefinition,PSystemDefinition,PreprocessingArtifact,0
plantuml,PSystemDefinition,getRootDrawable,FileFormatOption,0
plantuml,PSystemDefinitionFactory,initDiagram,PreprocessingArtifact,0
plantuml,BoxedCharacter,BoxedCharacter,HColor,0
plantuml,DescriptionDiagram,DescriptionDiagram,PreprocessingArtifact,0
plantuml,EntityImageDesignedDomain,EntityImageDesignedDomain,Entity,0
plantuml,EntityImageDomain,EntityImageDomain,Entity,0
plantuml,EntityImageMachine,EntityImageMachine,Entity,0
plantuml,EntityImageRequirement,EntityImageRequirement,Entity,0
plantuml,CommandLinkElement,getQueue,RegexResult,0
plantuml,CommandNewpage,CommandNewpage,PSystemCommandFactory,0
plantuml,Labels,Labels,RegexResult,0
plantuml,Labels,getLabelLink,StringWithArrow,0
plantuml,Labels,getLinkArrow,StringWithArrow,0
plantuml,PSystemDot,PSystemDot,PreprocessingArtifact,0
plantuml,PSystemDotFactory,initDiagram,PreprocessingArtifact,0
plantuml,PSystemDitaa,PSystemDitaa,PreprocessingArtifact,0
plantuml,PSystemDitaa,exportDiagramNow,ConversionOptions,0
plantuml,PSystemDonors,PSystemDonors,PreprocessingArtifact,0
plantuml,PSystemDonorsFactory,executeLine,PreprocessingArtifact,0
plantuml,PSystemSkinparameterList,PSystemSkinparameterList,PreprocessingArtifact,0
plantuml,PSystemSkinparameterListFactory,executeLine,PreprocessingArtifact,0
plantuml,CucaDiagramTxtMaker,CucaDiagramTxtMaker,CucaDiagram,0
plantuml,CucaDiagramTxtMaker,drawDotPath,DotPath,0
plantuml,CucaDiagramTxtMaker,printClass,UGraphicTxt,0
plantuml,CucaDiagramTxtMaker,createFiles,SFile,0
plantuml,DebugTrace,getPrintWriter,SFile,0
plantuml,DotData,DotData,Entity,0
plantuml,DotData,getTopParent,Entity,0
plantuml,GraphvizRuntimeEnvironment,getInstance,GraphvizRuntimeEnvironment,0
plantuml,Neighborhood,Neighborhood,Entity,0
plantuml,ProcessRunner,run,SFile,0
plantuml,ProcessState,TERMINATED_OK,ProcessState,0
plantuml,ProcessState,TIMEOUT,ProcessState,0
plantuml,ETile,push,ETile,0
plantuml,ETileBox,ETileBox,HColorSet,0
plantuml,ETileBox,push,ETile,0
plantuml,ETileBox,getSymbol,Symbol,0
plantuml,ETileEmpty,push,ETile,0
plantuml,ETileLookAheadOrBehind,ETileLookAheadOrBehind,HColorSet,0
plantuml,ETileLookAheadOrBehind,push,ETile,0
plantuml,ETileNamedGroup,ETileNamedGroup,HColorSet,0
plantuml,ETileNamedGroup,push,ETile,0
plantuml,ETileNot,ETileNot,HColorSet,0
plantuml,ETileNot,push,ETile,0
plantuml,ETileOneOrMore,ETileOneOrMore,FontConfiguration,0
plantuml,ETileOneOrMore,ETileOneOrMore,ETile,0
plantuml,ETileOneOrMore,push,ETile,0
plantuml,ETileOptional,ETileOptional,ETile,0
plantuml,ETileOptional,push,ETile,0
plantuml,ETileOptional2,ETileOptional2,ETile,0
plantuml,ETileOptional2,push,ETile,0
plantuml,ETileRegexGroup,ETileRegexGroup,HColorSet,0
plantuml,ETileRegexGroup,push,ETile,0
plantuml,ETileRegexGroupAllBut,ETileRegexGroupAllBut,HColorSet,0
plantuml,ETileRegexGroupAllBut,push,ETile,0
plantuml,ETileWithCircles,ETileWithCircles,HColor,0
plantuml,ETileWithCircles,push,ETile,0
plantuml,ETileZeroOrMore,ETileZeroOrMore,ETile,0
plantuml,PSystemEbnf,PSystemEbnf,PreprocessingArtifact,0
plantuml,TitleBox,TitleBox,FontConfiguration,0
plantuml,Token,Token,Symbol,0
plantuml,Token,getSymbol,Symbol,0
plantuml,GraphicsPath,GraphicsPath,ColorMapper,0
plantuml,PSystemAppleTwo,PSystemAppleTwo,PreprocessingArtifact,0
plantuml,PSystemAppleTwoFactory,executeLine,PreprocessingArtifact,0
plantuml,PSystemCharlie,PSystemCharlie,PreprocessingArtifact,0
plantuml,PSystemCharlieFactory,executeLine,PreprocessingArtifact,0
plantuml,PSystemColors,PSystemColors,PreprocessingArtifact,0
plantuml,PSystemColors,getRootDrawable,FileFormatOption,0
plantuml,PSystemEgg,PSystemEgg,PreprocessingArtifact,0
plantuml,PSystemEggFactory,executeLine,PreprocessingArtifact,0
plantuml,PSystemLost,PSystemLost,PreprocessingArtifact,0
plantuml,PSystemLostFactory,executeLine,PreprocessingArtifact,0
plantuml,PSystemPath,PSystemPath,PreprocessingArtifact,0
plantuml,PSystemPath,exportDiagramNow,GraphicsPath,0
plantuml,PSystemRIP,PSystemRIP,PreprocessingArtifact,0
plantuml,PSystemRIPFactory,executeLine,PreprocessingArtifact,0
plantuml,PSystemWelcome,PSystemWelcome,PreprocessingArtifact,0
plantuml,PSystemWelcome,getRootDrawable,FileFormatOption,0
plantuml,PSystemWelcomeFactory,createSystem,PreprocessingArtifact,0
plantuml,CucaDiagramFileMakerElk,CucaDiagramFileMakerElk,CucaDiagram,0
plantuml,CucaDiagramFileMakerElk,getLinkArrow,Link,0
plantuml,CucaDiagramFileMakerElk,createFile,FileFormatOption,0
plantuml,CucaDiagramFileMakerElk,printAllSubgroups,Entity,0
plantuml,CucaDiagramFileMakerElk,printEntities,ElkNode,0
plantuml,CucaDiagramFileMakerElk,printEntityInternal,Entity,0
plantuml,MyElkCluster,MyElkCluster,ElkNode,0
plantuml,MyElkDrawing,MyElkDrawing,MinMax,0
plantuml,MyElkDrawing,drawAllNodes,ClusterManager,0
plantuml,MyElkDrawing,printEntityInternal,CucaDiagram,0
plantuml,MyElkDrawing,getBibliotekon,ClusterManager,0
plantuml,MyElkDrawing,calculateDimension,MinMax,0
plantuml,MyElkEdge,MyElkEdge,UTranslate,0
plantuml,MyElkEdge,drawSections,UTranslate,0
plantuml,ColorResolver,ColorResolver,HColor,0
plantuml,PSystemListEmoji,PSystemListEmoji,PreprocessingArtifact,0
plantuml,UGraphicWithScale,UGraphicWithScale,ColorResolver,0
plantuml,UGraphicWithScale,UGraphicWithScale,ColorResolver,0
plantuml,UGraphicWithScale,getDefaultColor,ColorResolver,0
plantuml,PSystemError,PSystemError,PreprocessingArtifact,0
plantuml,PSystemError,getErrorsUml,ErrorUml,0
plantuml,PSystemError,getFirstError,ErrorUml,0
plantuml,PSystemErrorEmpty,PSystemErrorEmpty,PreprocessingArtifact,0
plantuml,PSystemErrorPreprocessor,PSystemErrorPreprocessor,PreprocessingArtifact,0
plantuml,PSystemErrorV2,PSystemErrorV2,PreprocessingArtifact,0
plantuml,PSystemUnsupported,PSystemUnsupported,PreprocessingArtifact,0
plantuml,PSystemUnsupported,getRootDrawable,FileFormatOption,0
plantuml,AFileRegular,toString,SFile,0
plantuml,AFileRegular,AFileRegular,SFile,0
plantuml,AFileRegular,openFile,SFile,0
plantuml,AFileRegular,isOk,SFile,0
plantuml,AFileRegular,hashCode,SFile,0
plantuml,AFileRegular,getUnderlyingFile,SFile,0
plantuml,AFileRegular,getSystemFolder,SFile,0
plantuml,AFileZipEntry,AFileZipEntry,SFile,0
plantuml,AFileZipEntry,toString,SFile,0
plantuml,AFileZipEntry,getUnderlyingFile,SFile,0
plantuml,AFileZipEntry,getSystemFolder,SFile,0
plantuml,AParentFolderRegular,AParentFolderRegular,SFile,0
plantuml,AParentFolderZip,toString,SFile,0
plantuml,AParentFolderZip,AParentFolderZip,SFile,0
plantuml,FileGroup,FileGroup,Option,0
plantuml,SuggestedFile,SuggestedFile,SFile,0
plantuml,SuggestedFile,toString,SFile,0
plantuml,SuggestedFile,getParentFile,SFile,0
plantuml,SuggestedFile,getName,SFile,0
plantuml,FEntry,FEntry,FEntry,0
plantuml,FEntry,getParent,FEntry,0
plantuml,FilesDiagram,FilesDiagram,PreprocessingArtifact,0
plantuml,FilesDiagram,getTextMainBlock,FilesListing,0
plantuml,FilesListing,FilesListing,FontConfiguration,0
plantuml,FilesListing,drawU,FontConfiguration,0
plantuml,ActivityBox,ActivityBox,Tile,0
plantuml,ActivityBox,getTile,Tile,0
plantuml,FlowDiagram,FlowDiagram,PreprocessingArtifact,0
plantuml,FlowDiagram,getTextMainBlock,FileFormatOption,0
plantuml,PSystemListFonts,PSystemListFonts,PreprocessingArtifact,0
plantuml,FtpLoop,FtpLoop,FtpServer,0
plantuml,FtpLoop,waitForMe,FtpConnexion,0
plantuml,Commit,Commit,CursorPosition,0
plantuml,Commit,addAbove,CursorPosition,0
plantuml,Commit,getPosition,CursorPosition,0
plantuml,CursorPosition,CursorPosition,GitTextArea,0
plantuml,CursorPosition,getDownFromInternal,CursorPosition,0
plantuml,GitCurve,GitCurve,Mirror,0
plantuml,GitDiagram,GitDiagram,PreprocessingArtifact,0
plantuml,MagicBox,MagicBox,GNode,0
plantuml,MagicBox,getCommentBlock,GNode,0
plantuml,Path,Path,TileArea,0
plantuml,TileArea,TileArea,Tile,0
plantuml,TileArea,getTile,Tile,0
plantuml,TilesField,getRoot,Tile,0
plantuml,TilesField,getTileAt,Position,0
plantuml,TilesField,moveAllToEast,Position,0
plantuml,TilesField,isOccuped,Position,0
plantuml,CucaDiagramGraphmlMaker,CucaDiagramGraphmlMaker,CucaDiagram,0
plantuml,CucaDiagramGraphmlMaker,getModel,UmlDiagram,0
plantuml,GraphmlDescriptionDiagram,GraphmlDescriptionDiagram,DescriptionDiagram,0
plantuml,Help,Help,PreprocessingArtifact,0
plantuml,Help,getTextMainBlock,FileFormatOption,0
plantuml,CucaDiagramHtmlMaker,CucaDiagramHtmlMaker,SFile,0
plantuml,LinkHtmlPrinter,LinkHtmlPrinter,Entity,0
plantuml,PSystemJcckit,PSystemJcckit,PreprocessingArtifact,0
plantuml,JsonArray,JsonArray,JsonArray,0
plantuml,JsonArray,JsonArray,JsonArray,0
plantuml,JsonArray,unmodifiableArray,JsonArray,0
plantuml,JsonHandler,getLocation,JsonParser,0
plantuml,JsonLiteral,write,JsonWriter,0
plantuml,JsonNumber,write,JsonWriter,0
plantuml,JsonObject,JsonObject,JsonObject,0
plantuml,JsonObject,JsonObject,JsonObject,0
plantuml,JsonObject,unmodifiableObject,JsonObject,0
plantuml,JsonValue,write,JsonWriter,0
plantuml,ParseException,ParseException,Location,0
plantuml,ParseException,getLocation,Location,0
plantuml,ParseException,getOffset,Location,0
plantuml,ParseException,getLine,Location,0
plantuml,ParseException,getColumn,Location,0
plantuml,Arrow,Arrow,XPoint2D,0
plantuml,JsonCurve,JsonCurve,Mirror,0
plantuml,JsonDiagram,JsonDiagram,PreprocessingArtifact,0
plantuml,JsonDiagram,drawInternal,JsonValue,0
plantuml,TextBlockJson,TextBlockJson,JsonValue,0
plantuml,TextBlockJson,getShortString,JsonValue,0
plantuml,Arrows,asTo,Direction,0
plantuml,Fashion,Fashion,UStroke,0
plantuml,Fashion,Fashion,HColor,0
plantuml,Fashion,getBackColor,HColor,0
plantuml,Fashion,getForeColor,HColor,0
plantuml,Fashion,getStroke,UStroke,0
plantuml,UPath,getMaxX,MinMax,0
plantuml,UPath,getMaxY,MinMax,0
plantuml,UPath,getMinX,MinMax,0
plantuml,UPath,getMinY,MinMax,0
plantuml,ColorMapper,fromColorSimple,HColorSimple,0
plantuml,ColorParser,ColorParser,RegexLeaf,0
plantuml,ColorParser,exp1,RegexLeaf,0
plantuml,ColorParser,getRegex,RegexLeaf,0
plantuml,Colors,Colors,HColorSet,0
plantuml,Colors,getSpecificLineStroke,LinkStyle,0
plantuml,Colors,getLineStyle,LinkStyle,0
plantuml,Back,Back,HColor,0
plantuml,Back,getBackColor,HColor,0
plantuml,HColor,toColor,ColorMapper,0
plantuml,HColor,getAppropriateColor,HColor,0
plantuml,HColor,withDark,HColor,0
plantuml,HColorAutomagic,getAppropriateColor,HColor,0
plantuml,HColorGradient,HColorGradient,HColor,0
plantuml,HColorGradient,getColor1,HColor,0
plantuml,HColorGradient,getColor2,HColor,0
plantuml,HColorGradient,opposite,HColor,0
plantuml,HColorMiddle,HColorMiddle,HColor,0
plantuml,HColorMiddle,getColor1,HColor,0
plantuml,HColorMiddle,getColor2,HColor,0
plantuml,HColorScheme,HColorScheme,HColor,0
plantuml,HColorScheme,getAppropriateColor,HColor,0
plantuml,HColorSet,instance,HColorSet,0
plantuml,HColorSimple,HColorSimple,HColor,0
plantuml,HColorSimple,toColor,ColorMapper,0
plantuml,HColorSimple,darkSchemeTheme,HColor,0
plantuml,HColors,transparent,HColorSimple,0
plantuml,HColors,transparent,HColorSimple,0
plantuml,HColors,none,HColorSimple,0
plantuml,HColors,noGradient,HColor,0
plantuml,HColors,unlinear,HColor,0
plantuml,UBrexColorParser,UBrexColorParser,UBrexPart,0
plantuml,UBrexColorParser,getRegex,UBrexPart,0
plantuml,CompressionTransform,CompressionTransform,SlotSet,0
plantuml,Expand,compareTo,Expand,0
plantuml,PiecewiseAffineComposition,PiecewiseAffineComposition,PiecewiseAffineComposition,0
plantuml,PiecewiseAffineOnXorYBuilder,getMinMax,MinMax,0
plantuml,Slot,compareTo,Slot,0
plantuml,SlotFinder,SlotFinder,SlotSet,0
plantuml,SlotFinder,drawPath,UPath,0
plantuml,SlotFinder,drawEmpty,UEmpty,0
plantuml,SlotFinder,drawEllipse,UEllipse,0
plantuml,SlotFinder,drawPolygon,UPolygon,0
plantuml,SlotFinder,drawRectangle,URectangle,0
plantuml,SlotFinder,getSlotSet,SlotSet,0
plantuml,UGraphicCompressOnXorY,UGraphicCompressOnXorY,UTranslate,0
plantuml,UGraphicCompressOnXorY,drawLine,ULine,0
plantuml,CreoleHorizontalLine,CreoleHorizontalLine,FontConfiguration,0
plantuml,Display,equalsLike,Display,0
plantuml,Display,withoutStereotypeIfNeeded,Display,0
plantuml,Display,addWarning,Warning,0
plantuml,Display,Display,Display,0
plantuml,Fission,Fission,LineBreakStrategy,0
plantuml,SheetBlock1,SheetBlock1,LineBreakStrategy,0
plantuml,SheetBlock1,SheetBlock1,Style,0
plantuml,SheetBlock1,SheetBlock1,LineBreakStrategy,0
plantuml,SheetBlock1,SheetBlock1,ClockwiseTopRightBottomLeft,0
plantuml,SheetBlock1,toString,Sheet,0
plantuml,SheetBlock1,getHorizontalAlignment,Sheet,0
plantuml,SheetBlock2,SheetBlock2,UStroke,0
plantuml,SheetBlock2,getHorizontalAlignment,SheetBlock1,0
plantuml,SheetBlock2,toString,SheetBlock1,0
plantuml,StripeStyle,getHeader,CreoleContext,0
plantuml,AtomEmoji,AtomEmoji,HColor,0
plantuml,AtomImg,AtomImg,Url,0
plantuml,AtomImgSvg,AtomImgSvg,TileImageSvg,0
plantuml,AtomMath,AtomMath,HColor,0
plantuml,AtomMath,calculateDimension,XDimension2D,0
plantuml,AtomMath,getColor,HColor,0
plantuml,AtomOpenIcon,AtomOpenIcon,Url,0
plantuml,AtomSprite,AtomSprite,Url,0
plantuml,AtomTable,AtomTable,HColor,0
plantuml,AtomTable,newLine,HColor,0
plantuml,AtomTree,AtomTree,HColor,0
plantuml,Bullet,Bullet,FontConfiguration,0
plantuml,AddStyle,AddStyle,HColor,0
plantuml,CommandCreoleColorAndSizeChange,create,Pattern2,0
plantuml,CommandCreoleColorAndSizeChange,createEol,Pattern2,0
plantuml,CommandCreoleColorAndSizeChange,CommandCreoleColorAndSizeChange,Pattern2,0
plantuml,CommandCreoleColorChange,create,Pattern2,0
plantuml,CommandCreoleColorChange,createEol,Pattern2,0
plantuml,CommandCreoleColorChange,CommandCreoleColorChange,Pattern2,0
plantuml,CommandCreoleFontFamilyChange,create,Pattern2,0
plantuml,CommandCreoleFontFamilyChange,createEol,Pattern2,0
plantuml,CommandCreoleFontFamilyChange,CommandCreoleFontFamilyChange,Pattern2,0
plantuml,CommandCreoleSizeChange,create,Pattern2,0
plantuml,CommandCreoleSizeChange,createEol,Pattern2,0
plantuml,CommandCreoleSizeChange,CommandCreoleSizeChange,Pattern2,0
plantuml,CommandCreoleStyle,CommandCreoleStyle,FontStyle,0
plantuml,CommandCreoleStyle,getExtendedColor,FontStyle,0
plantuml,CommandCreoleSvgAttributeChange,create,Pattern2,0
plantuml,CommandCreoleSvgAttributeChange,createEol,Pattern2,0
plantuml,CommandCreoleSvgAttributeChange,CommandCreoleSvgAttributeChange,Pattern2,0
plantuml,TextLink,TextLink,Url,0
plantuml,TextLink,getText,Url,0
plantuml,TextLink,getUrl,Url,0
plantuml,AtomText,AtomText,Url,0
plantuml,AtomText,drawU,FontConfiguration,0
plantuml,AtomText,getStartingAltitude,FontConfiguration,0
plantuml,AtomText,toString,FontConfiguration,0
plantuml,AtomText,getFontConfiguration,FontConfiguration,0
plantuml,CreoleParser,CreoleParser,FontConfiguration,0
plantuml,CreoleStripeSimpleParser,CreoleStripeSimpleParser,FontConfiguration,0
plantuml,PSystemCreole,PSystemCreole,PreprocessingArtifact,0
plantuml,PSystemCreoleFactory,initDiagram,PreprocessingArtifact,0
plantuml,StripeCode,StripeCode,FontConfiguration,0
plantuml,StripeLatex,StripeLatex,FontConfiguration,0
plantuml,StripeLatex,getAtom,AtomMath,0
plantuml,StripeSimple,StripeSimple,CreoleContext,0
plantuml,StripeSimple,getActualFontConfiguration,FontConfiguration,0
plantuml,StripeSimple,setActualFontConfiguration,FontConfiguration,0
plantuml,StripeSimple,fontConfigurationForHeading,FontConfiguration,0
plantuml,StripeTable,StripeTable,FontConfiguration,0
plantuml,StripeTable,getFontConfiguration,FontConfiguration,0
plantuml,StripeTree,StripeTree,FontConfiguration,0
plantuml,AbstractCommonUGraphic,getDefaultBackground,HColor,0
plantuml,AbstractCommonUGraphic,getClip,UClip,0
plantuml,AbstractCommonUGraphic,getTranslateX,UTranslate,0
plantuml,AbstractCommonUGraphic,getTranslateY,UTranslate,0
plantuml,AbstractCommonUGraphic,getColorMapper,ColorMapper,0
plantuml,AbstractCommonUGraphic,startUrl,Url,0
plantuml,AbstractCommonUGraphic,startGroup,UGroup,0
plantuml,AbstractCommonUGraphic,getTranslate,UTranslate,0
plantuml,AbstractUGraphic,drawComment,UComment,0
plantuml,AbstractUGraphic,getMaxX,MinMaxMutable,0
plantuml,AbstractUGraphic,getMaxY,MinMaxMutable,0
plantuml,AbstractUGraphic,resetMax,MinMaxMutable,0
plantuml,AbstractUGraphicHorizontalLine,drawHline,UTranslate,0
plantuml,LimitFinder,LimitFinder,MinMaxMutable,0
plantuml,LimitFinder,getMaxX,MinMaxMutable,0
plantuml,LimitFinder,getMaxY,MinMaxMutable,0
plantuml,LimitFinder,getMinX,MinMaxMutable,0
plantuml,LimitFinder,getMinY,MinMaxMutable,0
plantuml,TextLimitFinder,TextLimitFinder,MinMaxMutable,0
plantuml,TextLimitFinder,getMaxX,MinMaxMutable,0
plantuml,TextLimitFinder,getMaxY,MinMaxMutable,0
plantuml,TextLimitFinder,getMinX,MinMaxMutable,0
plantuml,TextLimitFinder,getMinY,MinMaxMutable,0
plantuml,UGraphicNo,UGraphicNo,UTranslate,0
plantuml,UGraphicNo,startUrl,Url,0
plantuml,UGraphicNo,startGroup,UGroup,0
plantuml,UGraphicNo,getTranslate,UTranslate,0
plantuml,UGraphicNull,UGraphicNull,UGraphicNull,0
plantuml,UGraphicStencil,UGraphicStencil,UStroke,0
plantuml,StringBounderDebug,getDescent,UFont,0
plantuml,UGraphicDebug,UGraphicDebug,XDimension2D,0
plantuml,UGraphicDebug,UGraphicDebug,XDimension2D,0
plantuml,DriverDotPathEps,draw,EpsGraphics,0
plantuml,EpsGraphics,epsPath,UPath,0
plantuml,EpsGraphics,drawOk,DotPath,0
plantuml,EpsGraphicsMacro,openMacro,PostScriptCommandMacro,0
plantuml,PathIteratorLimited,currentSegment,PathIterator,0
plantuml,PathIteratorLimited,currentSegment,PathIterator,0
plantuml,PathIteratorLimited,getWindingRule,PathIterator,0
plantuml,PathIteratorLimited,isDone,PathIterator,0
plantuml,UGraphicEps,UGraphicEps,UGraphicEps,0
plantuml,UGraphicEps,UGraphicEps,ColorMapper,0
plantuml,ExtendedGeneralPath,append,PathIterator,0
plantuml,UGraphicG2d,UGraphicG2d,UGraphicG2d,0
plantuml,UGraphicG2d,UGraphicG2d,ColorMapper,0
plantuml,UGraphicG2d,startUrl,Url,0
plantuml,UDotPathHand,UDotPathHand,DotPath,0
plantuml,UDotPathHand,getHanddrawn,UPath,0
plantuml,UEllipseHand,UEllipseHand,UEllipse,0
plantuml,ULineHand,ULineHand,ULine,0
plantuml,ULineHand,getHanddrawn,UPath,0
plantuml,UPathHand,UPathHand,UPath,0
plantuml,UPathHand,getHanddrawn,UPath,0
plantuml,UPolygonHand,UPolygonHand,UPolygon,0
plantuml,UPolygonHand,getHanddrawn,UPolygon,0
plantuml,URectangleHand,URectangleHand,URectangle,0
plantuml,URectangleHand,getHanddrawn,UPolygon,0
plantuml,UGraphicHtml5,UGraphicHtml5,ColorMapper,0
plantuml,DriverDotPathSvg,draw,SvgGraphics,0
plantuml,SvgGraphics,SvgGraphics,SvgOption,0
plantuml,SvgOption,withPragma,Pragma,0
plantuml,SvgOption,withTitle,Display,0
plantuml,SvgOption,withMinDim,XDimension2D,0
plantuml,SvgOption,withBackcolor,HColor,0
plantuml,SvgOption,withColorMapper,ColorMapper,0
plantuml,SvgOption,getMinDim,XDimension2D,0
plantuml,SvgOption,getBackcolor,HColor,0
plantuml,SvgOption,getColorMapper,ColorMapper,0
plantuml,UGraphicTikz,UGraphicTikz,Pragma,0
plantuml,UGraphicTikz,UGraphicTikz,UGraphicTikz,0
plantuml,UGraphicTxt,UGraphicTxt,UGraphicTxt,0
plantuml,UGraphicVdx,UGraphicVdx,ColorMapper,0
plantuml,UGraphicVdx,UGraphicVdx,UGraphicVdx,0
plantuml,FontConfiguration,FontConfiguration,UStroke,0
plantuml,FontConfiguration,getColor,HColor,0
plantuml,FontConfiguration,getExtendedColor,HColor,0
plantuml,FontConfiguration,getAttributes,SvgAttributes,0
plantuml,FontConfiguration,getSize2D,UFont,0
plantuml,FontConfiguration,getUnderlineStroke,UStroke,0
plantuml,StringBounderRaw,calculateDimensionInternal,UFont,0
plantuml,UnusedSpace,UnusedSpace,UFont,0
plantuml,MagneticBorderNone,getForceAt,XPoint2D,0
plantuml,MinMax,doesHorizontalCross,XPoint2D,0
plantuml,PointAndAngle,PointAndAngle,XPoint2D,0
plantuml,PointAndAngle,getPt,XPoint2D,0
plantuml,PointAndAngle,getX,XPoint2D,0
plantuml,PointAndAngle,getY,XPoint2D,0
plantuml,PointDirected,PointDirected,XPoint2D,0
plantuml,XRectangle2D,contains,XPoint2D,0
plantuml,BigFrame,getYpos,XDimension2D,0
plantuml,CircledCharacter,CircledCharacter,HColor,0
plantuml,DotPath,simulateCompound,RectangleArea,0
plantuml,GraphicStrings,GraphicStrings,HColor,0
plantuml,GraphicStrings,getBackcolor,HColor,0
plantuml,SimpleTextBlockBordered,SimpleTextBlockBordered,HColor,0
plantuml,TextBlockArrow,TextBlockArrow,FontConfiguration,0
plantuml,TextBlockArrow2,TextBlockArrow2,FontConfiguration,0
plantuml,TextBlockBordered,TextBlockBordered,ClockwiseTopRightBottomLeft,0
plantuml,TextBlockBordered,noBorder,UStroke,0
plantuml,TextBlockGeneric,TextBlockGeneric,HColor,0
plantuml,TextBlockInEllipse,getUEllipse,ContainingEllipse,0
plantuml,TextBlockMarged,TextBlockMarged,ClockwiseTopRightBottomLeft,0
plantuml,TextBlockRaw,TextBlockRaw,FontConfiguration,0
plantuml,TextBlockRaw,getLines,FontConfiguration,0
plantuml,TextBlockTitle,TextBlockTitle,Display,0
plantuml,TextBlockWithUrl,TextBlockWithUrl,Url,0
plantuml,TileText,TileText,Url,0
plantuml,UCenteredCharacter,UCenteredCharacter,UFont,0
plantuml,UCenteredCharacter,getFont,UFont,0
plantuml,UPolygon,getHeight,MinMax,0
plantuml,UPolygon,getWidth,MinMax,0
plantuml,UPolygon,getMinX,MinMax,0
plantuml,UPolygon,getMinY,MinMax,0
plantuml,UPolygon,getMaxX,MinMax,0
plantuml,UPolygon,getMaxY,MinMax,0
plantuml,UPolygon,getMinMax,MinMax,0
plantuml,URectangle,clip,UClip,0
plantuml,UText,UText,FontConfiguration,0
plantuml,UText,getFontConfiguration,FontConfiguration,0
plantuml,CommandListSprite,executeArg,RegexResult,0
plantuml,ListSpriteDiagram,ListSpriteDiagram,PreprocessingArtifact,0
plantuml,PSystemListInternalSprites,PSystemListInternalSprites,PreprocessingArtifact,0
plantuml,SpriteContainerEmpty,minClassWidthTOBEREMOVED,Style,0
plantuml,SpriteContainerEmpty,sheet,FontConfiguration,0
plantuml,SpriteMonochrome,isSameKind,SpriteMonochrome,0
plantuml,StdlibDiagram,StdlibDiagram,PreprocessingArtifact,0
plantuml,AsciiMath,getDimension,LatexBuilder,0
plantuml,LatexBuilder,getDimension,XDimension2D,0
plantuml,PSystemLatex,PSystemLatex,PreprocessingArtifact,0
plantuml,PSystemLatexFactory,initDiagram,PreprocessingArtifact,0
plantuml,PSystemMath,PSystemMath,PreprocessingArtifact,0
plantuml,PSystemMathFactory,initDiagram,PreprocessingArtifact,0
plantuml,ScientificEquationSafe,export,FileFormatOption,0
plantuml,MDADiagramImpl,MDADiagramImpl,ClassDiagram,0
plantuml,MDAEntityImpl,MDAEntityImpl,Entity,0
plantuml,MDAEntityImpl,getName,Entity,0
plantuml,MDAPackageImpl,MDAPackageImpl,Entity,0
plantuml,MDAPackageImpl,getName,Entity,0
plantuml,Branch,add,Idea,0
plantuml,Branch,hasChildren,Idea,0
plantuml,Branch,hasRoot,Idea,0
plantuml,FingerImpl,addInNail,FingerImpl,0
plantuml,FingerImpl,FingerImpl,Idea,0
plantuml,FingerImpl,getTetris,Tetris,0
plantuml,FingerImpl,getStyle,Idea,0
plantuml,FingerImpl,getStyleArrow,Idea,0
plantuml,Idea,Idea,Stereotype,0
plantuml,Idea,toString,Display,0
plantuml,Idea,getLabel,Display,0
plantuml,Idea,getParent,Idea,0
plantuml,Idea,getBackColor,HColor,0
plantuml,Idea,getStyleBuilder,StyleBuilder,0
plantuml,Idea,getStereotype1,Stereotype,0
plantuml,MindMap,addIdeaInternal,Branch,0
plantuml,MindMap,isFull,Branch,0
plantuml,MindMapDiagram,MindMapDiagram,PreprocessingArtifact,0
plantuml,SymetricalTeePositioned,toString,SymetricalTee,0
plantuml,SymetricalTeePositioned,SymetricalTeePositioned,SymetricalTee,0
plantuml,SymetricalTeePositioned,SymetricalTeePositioned,SymetricalTee,0
plantuml,SymetricalTeePositioned,getMaxX,SymetricalTee,0
plantuml,SymetricalTeePositioned,getMax,SymetricalTeePositioned,0
plantuml,CommandComment,executeArg,RegexResult,0
plantuml,CommandEndSomething,executeArg,RegexResult,0
plantuml,NwDiagram,NwDiagram,PreprocessingArtifact,0
plantuml,NServer,connectMeIfAlone,Network,0
plantuml,NServer,NServer,NBar,0
plantuml,NServer,getShape,USymbol,0
plantuml,NServer,getBar,NBar,0
plantuml,Network,isEven,NStage,0
plantuml,Network,getUp,NStage,0
plantuml,Network,Network,NStage,0
plantuml,Network,getColor,HColor,0
plantuml,Network,setColor,HColor,0
plantuml,Network,getNstage,NStage,0
plantuml,NwGroup,getNboxInternal,NBox,0
plantuml,NwGroup,getNbox,NBox,0
plantuml,NwGroup,getColor,HColor,0
plantuml,NwGroup,setColor,HColor,0
plantuml,NBar,toString,NStage,0
plantuml,NBar,getParent,NBox,0
plantuml,NBar,setParent,NBox,0
plantuml,NBar,getStart,NStage,0
plantuml,NBar,getEnd,NStage,0
plantuml,NBar,addStage,NStage,0
plantuml,NPlayField,addInPlayfield,NBar,0
plantuml,NServerDraw,NServerDraw,NServer,0
plantuml,NServerDraw,isLinkedTo,Network,0
plantuml,NServerDraw,getNetwork,Network,0
plantuml,NServerDraw,getServer,NServer,0
plantuml,NStage,getMin,NStage,0
plantuml,NStage,getMax,NStage,0
plantuml,NTetris,add,BooleanGrid,0
plantuml,AbstractClassOrObjectDiagram,AbstractClassOrObjectDiagram,PreprocessingArtifact,0
plantuml,CommandCreateJsonSingleLine,getJsonValue,RegexResult,0
plantuml,Movement,getLetter,SvgCommandLetter,0
plantuml,Movement,Movement,SvgCommandLetter,0
plantuml,Movement,toAbsoluteUpperCase,SvgCommandLetter,0
plantuml,PSystemListOpenIconic,PSystemListOpenIconic,PreprocessingArtifact,0
plantuml,PSystemOpenIconic,PSystemOpenIconic,PreprocessingArtifact,0
plantuml,SvgPath,SvgPath,UTranslate,0
plantuml,SvgPosition,SvgPosition,SvgCommandNumber,0
plantuml,SvgPosition,getX,SvgCommandNumber,0
plantuml,SvgPosition,getY,SvgCommandNumber,0
plantuml,SvgPosition,getXDouble,SvgCommandNumber,0
plantuml,SvgPosition,getYDouble,SvgCommandNumber,0
plantuml,MagicTable,size,MagicTable,0
plantuml,OregonBasicGame,getScreen,Screen,0
plantuml,OregonBasicGame,print,Screen,0
plantuml,OregonBasicGame,rnd,SmartKeyboard,0
plantuml,OregonBasicGame,question1000,Screen,0
plantuml,OregonBasicGame,stopAtFort1100,Screen,0
plantuml,PSystemOregon,PSystemOregon,PreprocessingArtifact,0
plantuml,PSystemOregon,PSystemOregon,PreprocessingArtifact,0
plantuml,PSystemOregon,getScreen,Screen,0
plantuml,PSystemOregonFactory,initDiagram,PreprocessingArtifact,0
plantuml,MetadataTag,MetadataTag,SFile,0
plantuml,PngIO,write,ColorMapper,0
plantuml,PngSplitter,PngSplitter,SplitParam,0
plantuml,PngTitler,PngTitler,HColorSet,0
plantuml,Block,Block,Cluster,0
plantuml,Block,getParent,Cluster,0
plantuml,Cluster,Cluster,Cluster,0
plantuml,Cluster,getParent,Cluster,0
plantuml,DotxMaker,DotxMaker,Cluster,0
plantuml,LabelImage,LabelImage,Rose,0
plantuml,Path,Path,Label,0
plantuml,Path,Path,Label,0
plantuml,Path,getLabel,Label,0
plantuml,Path,getStart,Block,0
plantuml,Path,getEnd,Block,0
plantuml,Path,setDotPath,DotPath,0
plantuml,Path,getDotPath,DotPath,0
plantuml,Define,toString,DefineSignature,0
plantuml,Define,getFunctionName,DefineSignature,0
plantuml,Defines,copyTo,StringLocated,0
plantuml,FileWithSuffix,FileWithSuffix,SFile,0
plantuml,PreprocessingArtifact,addWarning,Warning,0
plantuml,ReadLineSimple,ReadLineSimple,StringLocated,0
plantuml,StartDiagramExtractReader,checkUid,StringLocated,0
plantuml,StartDiagramExtractReader,getReadLine,StringLocated,0
plantuml,Variables,add,DefineVariable,0
plantuml,PreprocessorUtils,getReaderIncludeUrl,StringLocated,0
plantuml,ConstantPlan,getLoadAt,Day,0
plantuml,DaysAsDates,DaysAsDates,Day,0
plantuml,DaysAsDates,toString,Day,0
plantuml,DaysAsDates,DaysAsDates,Day,0
plantuml,DaysAsDates,iterator,Day,0
plantuml,GArrows,GArrows,HColor,0
plantuml,GanttArrow,GanttArrow,StyleBuilder,0
plantuml,GanttConstraint,GanttConstraint,HColor,0
plantuml,GanttConstraint,GanttConstraint,TaskInstant,0
plantuml,GanttConstraint,isHidden,Day,0
plantuml,GanttConstraint,isHidden,Day,0
plantuml,GanttDiagram,setWeekNumberStrategy,WeekNumberStrategy,0
plantuml,GanttDiagram,GanttDiagram,PreprocessingArtifact,0
plantuml,GanttDiagram,getDpi,FileFormatOption,0
plantuml,GanttDiagram,getTotalHeight,TimeHeader,0
plantuml,GanttDiagram,drawTasksTitle,LabelStrategy,0
plantuml,GanttDiagram,closeDayOfWeek,OpenClose,0
plantuml,GanttDiagram,closeDayAsDate,Day,0
plantuml,GanttDiagram,openDayAsDate,Day,0
plantuml,GanttDiagram,lastY,Day,0
plantuml,GanttDiagram,initMinMax,Day,0
plantuml,GanttDiagram,getIHtmlColorSet,HColorSet,0
plantuml,GanttDiagram,getStartingDate,OpenClose,0
plantuml,GanttDiagram,getEndingDate,Day,0
plantuml,GanttDiagram,daysInWeek,OpenClose,0
plantuml,GanttDiagram,isOpen,OpenClose,0
plantuml,GanttDiagram,min,Day,0
plantuml,GanttDiagram,max,Day,0
plantuml,GanttDiagram,getToday,Day,0
plantuml,GanttDiagram,getDefaultPlan,OpenClose,0
plantuml,GanttDiagram,setLabelStrategy,LabelStrategy,0
plantuml,GanttDiagram,addVerticalSeparatorBefore,Day,0
plantuml,GanttDiagram,getThey,Resource,0
plantuml,GanttDiagram,setThey,Resource,0
plantuml,OpenClose,isThereSomeChangeAfter,Day,0
plantuml,OpenClose,isThereSomeChangeBefore,Day,0
plantuml,OpenClose,isClosed,Day,0
plantuml,OpenClose,close,Day,0
plantuml,OpenClose,open,Day,0
plantuml,OpenClose,getStartingDay,Day,0
plantuml,OpenClose,setStartingDay,Day,0
plantuml,OpenClose,getLoadAt,Day,0
plantuml,OpenClose,setOffBeforeDate,Day,0
plantuml,OpenClose,setOffAfterDate,Day,0
plantuml,OpenClose,getLoatAtInternal,Day,0
plantuml,OpenClose,getLastDayIfAny,Day,0
plantuml,PlanUtils,lastOf,Day,0
plantuml,TimeHeaderParameters,TimeHeaderParameters,OpenClose,0
plantuml,TimeHeaderParameters,getColor,Day,0
plantuml,TimeHeaderParameters,getMin,Day,0
plantuml,TimeHeaderParameters,getMax,Day,0
plantuml,TimeHeaderParameters,getColorSet,HColorSet,0
plantuml,TimeHeaderParameters,getLoadPlanable,OpenClose,0
plantuml,TimeHeaderParameters,getStartingDay,OpenClose,0
plantuml,TimeHeaderParameters,getOpenClose,OpenClose,0
plantuml,CommandGroupEnd,executeArg,RegexResult,0
plantuml,CommandHideResourceFootbox,executeArg,RegexResult,0
plantuml,CommandHideResourceName,executeArg,RegexResult,0
plantuml,AbstractTask,AbstractTask,TaskCode,0
plantuml,AbstractTask,getCode,TaskCode,0
plantuml,AbstractTask,getStyleBuilder,StyleBuilder,0
plantuml,AbstractTask,getStereotype,Stereotype,0
plantuml,AbstractTask,setStereotype,Stereotype,0
plantuml,MomentImpl,MomentImpl,Day,0
plantuml,MomentImpl,getStart,Day,0
plantuml,MomentImpl,getEnd,Day,0
plantuml,Resource,isClosedAt,OpenClose,0
plantuml,Resource,addCloseDay,OpenClose,0
plantuml,Resource,addForceOnDay,OpenClose,0
plantuml,Resource,addCloseDay,OpenClose,0
plantuml,Resource,setOffBeforeDate,OpenClose,0
plantuml,Resource,setOffAfterDate,OpenClose,0
plantuml,Resource,getLastDayIfAny,OpenClose,0
plantuml,TaskGroup,TaskGroup,TaskCode,0
plantuml,TaskGroup,setStart,Day,0
plantuml,TaskGroup,setEnd,Day,0
plantuml,TaskGroup,addResource,Resource,0
plantuml,TaskGroup,setLoad,Load,0
plantuml,TaskGroup,setUrl,Url,0
plantuml,TaskGroup,addPause,Day,0
plantuml,TaskGroup,setNote,Stereotype,0
plantuml,TaskGroup,getParent,TaskGroup,0
plantuml,TaskGroup,isAssignedTo,Resource,0
plantuml,TaskImpl,setUrl,Url,0
plantuml,TaskImpl,TaskImpl,Day,0
plantuml,TaskImpl,isPaused,Day,0
plantuml,TaskImpl,pausedDayOfWeek,Day,0
plantuml,TaskImpl,loadForResource,Day,0
plantuml,TaskImpl,addPause,Day,0
plantuml,TaskImpl,addResource,Resource,0
plantuml,TaskImpl,getUrl,Url,0
plantuml,TaskImpl,getNote,Display,0
plantuml,TaskImpl,getNoteStereotype,Stereotype,0
plantuml,TaskImpl,isAssignedTo,Resource,0
plantuml,TaskInstant,manageDelta,Day,0
plantuml,TaskInstant,sameRowAs,TaskInstant,0
plantuml,TaskSeparator,TaskSeparator,StyleBuilder,0
plantuml,TaskSeparator,setStart,Day,0
plantuml,TaskSeparator,setEnd,Day,0
plantuml,TaskSeparator,addResource,Resource,0
plantuml,TaskSeparator,setLoad,Load,0
plantuml,TaskSeparator,setUrl,Url,0
plantuml,TaskSeparator,addPause,Day,0
plantuml,TaskSeparator,setNote,Stereotype,0
plantuml,TaskSeparator,isAssignedTo,Resource,0
plantuml,TaskLoadImpl,TaskLoadImpl,Histogram,0
plantuml,TaskLoadImpl,getLoad,Histogram,0
plantuml,AbstractTaskDraw,AbstractTaskDraw,StyleBuilder,0
plantuml,AbstractTaskDraw,getStyleBuilder,StyleBuilder,0
plantuml,AbstractTaskDraw,getColors,CenterBorderColor,0
plantuml,RectangleTask,drawBackgroundRect,HColor,0
plantuml,ResourceDrawHistogram,ResourceDrawHistogram,Day,0
plantuml,ResourceDrawNumbers,ResourceDrawNumbers,Day,0
plantuml,ResourceDrawVersion2,ResourceDrawVersion2,Day,0
plantuml,TaskDrawDiamond,TaskDrawDiamond,StyleBuilder,0
plantuml,TaskDrawGroup,TaskDrawGroup,StyleBuilder,0
plantuml,TaskDrawRegular,TaskDrawRegular,StyleBuilder,0
plantuml,TaskDrawRegular,getX,Day,0
plantuml,TaskDrawSeparator,TaskDrawSeparator,StyleBuilder,0
plantuml,TaskDrawSeparator,setColorsAndCompletion,Stereotype,0
plantuml,TimeHeader,TimeHeader,TimeHeaderParameters,0
plantuml,TimeHeader,isBold2,TimeHeaderParameters,0
plantuml,TimeHeader,getMin,TimeHeaderParameters,0
plantuml,TimeHeader,getMax,TimeHeaderParameters,0
plantuml,TimeHeaderCalendar,TimeHeaderCalendar,TimeHeaderParameters,0
plantuml,TimeHeaderDaily,TimeHeaderDaily,Day,0
plantuml,TimeHeaderDaily,isHidden,Day,0
plantuml,TimeHeaderDaily,getTextBackColor,Day,0
plantuml,TimeHeaderMonthly,TimeHeaderMonthly,Day,0
plantuml,TimeHeaderQuarterly,TimeHeaderQuarterly,Day,0
plantuml,TimeHeaderSimple,TimeHeaderSimple,TimeHeaderParameters,0
plantuml,TimeHeaderSimple,initDelta,Day,0
plantuml,TimeHeaderWeekly,TimeHeaderWeekly,Day,0
plantuml,TimeHeaderYearly,TimeHeaderYearly,Day,0
plantuml,CenterBorderColor,CenterBorderColor,HColor,0
plantuml,CenterBorderColor,CenterBorderColor,HColor,0
plantuml,CenterBorderColor,isOk,HColor,0
plantuml,CenterBorderColor,getCenter,HColor,0
plantuml,ComplementEmpty,getMe,RegexResult,0
plantuml,DayPattern,getDay,RegexResult,0
plantuml,SubjectDayAsDate,getMe,RegexResult,0
plantuml,SubjectDaysAsDates,getDate,RegexResult,0
plantuml,SubjectLinks,getMe,RegexResult,0
plantuml,SubjectProject,getMe,RegexResult,0
plantuml,SubjectSeparator,getMe,RegexResult,0
plantuml,SubjectToday,getMe,RegexResult,0
plantuml,Solver3,Solver3,Histogram,0
plantuml,Day,year,MonthYear,0
plantuml,Day,month,MonthYear,0
plantuml,Day,monthYear,MonthYear,0
plantuml,Day,min,Day,0
plantuml,Day,max,Day,0
plantuml,Instant,compareTo,Instant,0
plantuml,TimeScaleCompressed,TimeScaleCompressed,Day,0
plantuml,TimeScaleCompressed,getStartingPosition,Day,0
plantuml,TimeScaleCompressed,getEndingPosition,Day,0
plantuml,TimeScaleCompressed,getWidth,Day,0
plantuml,TimeScaleCompressed,isBreaking,Day,0
plantuml,TimeScaleDaily,TimeScaleDaily,Day,0
plantuml,TimeScaleDaily,getWidth,TimeScaleWink,0
plantuml,TimeScaleDaily,isBreaking,Day,0
plantuml,TimeScaleDailyHideClosed,TimeScaleDailyHideClosed,OpenClose,0
plantuml,TimeScaleDailyHideClosed,getEndingPosition,Day,0
plantuml,TimeScaleDailyHideClosed,getWidth,Day,0
plantuml,TimeScaleDailyHideClosed,isBreaking,Day,0
plantuml,TimeScaleWink,getStartingPosition,Day,0
plantuml,TimeScaleWink,getEndingPosition,Day,0
plantuml,TimeScaleWink,getWidth,Day,0
plantuml,TimeScaleWink,isBreaking,Day,0
plantuml,AbstractReal,AbstractReal,RealLine,0
plantuml,AbstractReal,getLine,RealLine,0
plantuml,AbstractReal,getMaxAbsolute,RealLine,0
plantuml,AbstractReal,getMinAbsolute,RealLine,0
plantuml,RealImpl,RealImpl,RealLine,0
plantuml,RealLine,register2,AbstractReal,0
plantuml,RealMiddle,RealMiddle,RealMoveable,0
plantuml,RealMiddle2,RealMiddle2,RealMoveable,0
plantuml,RealMoveable,RealMoveable,RealLine,0
plantuml,MatcherIterator,MatcherIterator,Matcher2,0
plantuml,MatcherIterator,hasNext,Matcher2,0
plantuml,RegexLeaf,start,RegexLeaf,0
plantuml,RegexLeaf,end,RegexLeaf,0
plantuml,RegexLeaf,match,StringLocated,0
plantuml,RegexOptional,match,StringLocated,0
plantuml,RegexOr,match,StringLocated,0
plantuml,RegexRepeatedOneOrMore,match,StringLocated,0
plantuml,RegexRepeatedZeroOrMore,match,StringLocated,0
plantuml,PSystemRegex,PSystemRegex,PreprocessingArtifact,0
plantuml,PSystemRegex,addBlocLines,BlocLines,0
plantuml,PSystemRegex,isConcatenation1Mergeable,ETile,0
plantuml,PSystemRegex,isBoxMergeable,ETile,0
plantuml,PSystemSalt,PSystemSalt,PreprocessingArtifact,0
plantuml,PSystemSalt,PSystemSalt,PreprocessingArtifact,0
plantuml,PSystemSalt,exportDiagramNow,FileFormatOption,0
plantuml,SaltDictionary,minClassWidthTOBEREMOVED,Style,0
plantuml,SaltDictionary,sheet,FontConfiguration,0
plantuml,AbstractElementText,AbstractElementText,UFont,0
plantuml,AbstractElementText,getConfig,FontConfiguration,0
plantuml,ElementButton,ElementButton,UFont,0
plantuml,ElementDroplist,ElementDroplist,UFont,0
plantuml,ElementEmpty,drawU,XDimension2D,0
plantuml,ElementMenuBar,ElementMenuBar,UFont,0
plantuml,ElementMenuEntry,ElementMenuEntry,UFont,0
plantuml,ElementMenuEntry,getBackground,HColor,0
plantuml,ElementMenuEntry,setBackground,HColor,0
plantuml,ElementMenuPopup,ElementMenuPopup,UFont,0
plantuml,ElementPyramid,ElementPyramid,Positionner2,0
plantuml,ElementPyramidScrolled,ElementPyramidScrolled,Positionner2,0
plantuml,ElementRadioCheckbox,ElementRadioCheckbox,UFont,0
plantuml,ElementTabBar,ElementTabBar,UFont,0
plantuml,ElementText,ElementText,UFont,0
plantuml,ElementText,drawU,XDimension2D,0
plantuml,ElementTextField,ElementTextField,UFont,0
plantuml,ElementTree,ElementTree,UFont,0
plantuml,Grid,addCell,Cell,0
plantuml,AbstractElementFactoryComplex,AbstractElementFactoryComplex,SaltDictionary,0
plantuml,AbstractElementFactoryComplex,getDictionary,SaltDictionary,0
plantuml,ElementFactoryBorder,ElementFactoryBorder,SaltDictionary,0
plantuml,ElementFactoryImage,ElementFactoryImage,SaltDictionary,0
plantuml,ElementFactoryMenu,ElementFactoryMenu,SaltDictionary,0
plantuml,ElementFactoryPyramid,ElementFactoryPyramid,SaltDictionary,0
plantuml,ElementFactoryRetrieveFromDictonnary,ElementFactoryRetrieveFromDictonnary,SaltDictionary,0
plantuml,ElementFactoryScroll,ElementFactoryScroll,SaltDictionary,0
plantuml,ElementFactoryTab,ElementFactoryTab,SaltDictionary,0
plantuml,ElementFactoryTree,ElementFactoryTree,SaltDictionary,0
plantuml,BoxInfo,BoxInfo,XPoint2D,0
plantuml,BoxInfo,getUpperRight,XPoint2D,0
plantuml,BoxInfo,getLowerLeft,XPoint2D,0
plantuml,CucaDiagramFileMakerSmetana,CucaDiagramFileMakerSmetana,CucaDiagram,0
plantuml,CucaDiagramFileMakerSmetana,drawGroup,ST_Agraph_s,0
plantuml,CucaDiagramFileMakerSmetana,printAllSubgroups,Entity,0
plantuml,CucaDiagramFileMakerSmetana,exportEntities,ST_Agraph_s,0
plantuml,CucaDiagramFileMakerSmetana,exportGroups,Entity,0
plantuml,CucaDiagramFileMakerSmetana,getLinkArrow,Link,0
plantuml,CucaDiagramFileMakerSmetana,printEntityInternal,Entity,0
plantuml,SmetanaEdge,SmetanaEdge,Bibliotekon,0
plantuml,SFile,SFile,SFile,0
plantuml,SImageIO,read,SFile,0
plantuml,SImageIO,createImageInputStream,SFile,0
plantuml,SURL,applyEndpointAccessAuthentication,SecurityAuthentication,0
plantuml,SecurityUtils,getAuthenticationManager,SecurityCredentials,0
plantuml,SecurityUtils,getAccessInterceptor,SecurityAuthentication,0
plantuml,SecurityCredentials,fromJson,SecurityCredentials,0
plantuml,SecurityCredentials,proxyFromJson,JsonValue,0
plantuml,SecurityCredentials,extractSecret,JsonValue,0
plantuml,SecurityDefaultNoopAccessInterceptor,apply,SecurityAuthentication,0
plantuml,SecurityDefaultNoopAuthorizeManager,create,SecurityCredentials,0
plantuml,OAuth2AccessInterceptor,apply,SecurityAuthentication,0
plantuml,TokenAuthAccessInterceptor,apply,SecurityAuthentication,0
plantuml,TokenAuthAuthorizeManager,create,SecurityCredentials,0
plantuml,AbstractMessage,getStereotype,Stereotype,0
plantuml,AbstractMessage,AbstractMessage,ArrowConfiguration,0
plantuml,AbstractMessage,setUrl,Url,0
plantuml,AbstractMessage,setParallelBrother,AbstractMessage,0
plantuml,AbstractMessage,getUrl,Url,0
plantuml,AbstractMessage,getLabel,Display,0
plantuml,AbstractMessage,getArrowConfiguration,ArrowConfiguration,0
plantuml,AbstractMessage,compatibleForCreate,Participant,0
plantuml,AutoNumber,incrementIntermediate,DottedNumber,0
plantuml,Delay,getUsedStyles,Style,0
plantuml,Delay,Delay,StyleBuilder,0
plantuml,Delay,getText,Display,0
plantuml,Delay,dealWith,Participant,0
plantuml,Divider,getUsedStyles,Style,0
plantuml,Divider,Divider,StyleBuilder,0
plantuml,Divider,getText,Display,0
plantuml,Divider,dealWith,Participant,0
plantuml,Doll,Doll,Participant,0
plantuml,Doll,getParticipantEnglober,ParticipantEnglober,0
plantuml,Doll,getFirstLivingSpace,TileArguments,0
plantuml,Doll,getLastLivingSpace,TileArguments,0
plantuml,Grouping,Grouping,StyleBuilder,0
plantuml,Grouping,getBackColorElement,HColor,0
plantuml,GroupingLeaf,GroupingLeaf,StyleBuilder,0
plantuml,GroupingLeaf,getGroupingStart,GroupingStart,0
plantuml,GroupingLeaf,getLevel,GroupingStart,0
plantuml,GroupingLeaf,getBackColorGeneral,HColor,0
plantuml,GroupingLeaf,dealWith,Participant,0
plantuml,GroupingLeaf,isParallel,GroupingStart,0
plantuml,GroupingLeaf,addLifeEvent,LifeEvent,0
plantuml,GroupingStart,GroupingStart,StyleBuilder,0
plantuml,GroupingStart,getLevel,GroupingStart,0
plantuml,GroupingStart,getBackColorGeneral,HColor,0
plantuml,GroupingStart,dealWith,Participant,0
plantuml,HSpace,dealWith,Participant,0
plantuml,InGroupableList,InGroupableList,Grouping,0
plantuml,LifeEvent,LifeEvent,StyleBuilder,0
plantuml,LifeEvent,toString,Participant,0
plantuml,LifeEvent,getParticipant,Participant,0
plantuml,LifeEvent,getSpecificColors,Fashion,0
plantuml,LifeEvent,dealWith,Participant,0
plantuml,LifeEvent,setMessage,AbstractMessage,0
plantuml,LifeEvent,getMessage,AbstractMessage,0
plantuml,Message,Message,ArrowConfiguration,0
plantuml,Message,getParticipant1,Participant,0
plantuml,Message,getParticipant2,Participant,0
plantuml,Message,dealWith,Participant,0
plantuml,Message,isSelfMessage,Participant,0
plantuml,MessageExo,MessageExo,ArrowConfiguration,0
plantuml,MessageExo,getParticipant1,Participant,0
plantuml,MessageExo,getParticipant2,Participant,0
plantuml,MessageExo,getParticipant,Participant,0
plantuml,MessageExo,dealWith,Participant,0
plantuml,MessageExo,compatibleForCreate,Participant,0
plantuml,Newpage,getUsedStyles,Style,0
plantuml,Newpage,Newpage,StyleBuilder,0
plantuml,Newpage,getTitle,Display,0
plantuml,Newpage,dealWith,Participant,0
plantuml,Note,Note,StyleBuilder,0
plantuml,Note,Note,StyleBuilder,0
plantuml,Note,Note,StyleBuilder,0
plantuml,Note,Note,StyleBuilder,0
plantuml,Note,setStereotype,Stereotype,0
plantuml,Note,getParticipant,Participant,0
plantuml,Note,getParticipant2,Participant,0
plantuml,Note,getDisplay,Display,0
plantuml,Note,getColors,Colors,0
plantuml,Note,setColors,Colors,0
plantuml,Note,dealWith,Participant,0
plantuml,Note,getUrl,Url,0
plantuml,Note,hasUrl,Url,0
plantuml,Note,toString,Display,0
plantuml,Note,setUrl,Url,0
plantuml,Notes,Notes,Note,0
plantuml,Participant,Participant,StyleBuilder,0
plantuml,Participant,getColors,Colors,0
plantuml,Participant,setSpecificColorTOBEREMOVED,HColor,0
plantuml,Participant,setColors,Colors,0
plantuml,Participant,getUrl,Url,0
plantuml,Participant,setUrl,Url,0
plantuml,Participant,getStereotype,Stereotype,0
plantuml,ParticipantEnglober,toString,Display,0
plantuml,ParticipantEnglober,ParticipantEnglober,Stereotype,0
plantuml,ParticipantEnglober,getTitle,Display,0
plantuml,ParticipantEnglober,getBoxColor,HColor,0
plantuml,ParticipantEnglober,getStereotype,Stereotype,0
plantuml,ParticipantEnglober,getParent,ParticipantEnglober,0
plantuml,Reference,Reference,StyleBuilder,0
plantuml,Reference,getStrings,Display,0
plantuml,Reference,dealWith,Participant,0
plantuml,Reference,getUrl,Url,0
plantuml,Reference,hasUrl,Url,0
plantuml,Reference,getBackColorGeneral,HColor,0
plantuml,Reference,getBackColorElement,HColor,0
plantuml,SequenceDiagram,SequenceDiagram,PreprocessingArtifact,0
plantuml,SequenceDiagram,getTextMainBlock,FileFormatOption,0
plantuml,SequenceDiagram,autonumberStop,AutoNumber,0
plantuml,SequenceDiagram,getAutoNumber,AutoNumber,0
plantuml,SequenceDiagram,getNextMessageNumber,AutoNumber,0
plantuml,SequenceDiagram,boxStart,Stereotype,0
plantuml,SequenceDiagram,isBoxPending,ParticipantEnglober,0
plantuml,SequenceDiagram,isAlone,Participant,0
plantuml,SequenceDiagram,addReference,Reference,0
plantuml,SequenceDiagram,manageVariable,AutoNumber,0
plantuml,CommandArrow,getMulticasts,RegexResult,0
plantuml,CommandArrow,applyStyle,ArrowConfiguration,0
plantuml,CommandExoArrowAny,getMessageExoType,RegexResult,0
plantuml,CommandExoArrowAny,containsSymbol,RegexResult,0
plantuml,CommandSkin,executeArg,RegexResult,0
plantuml,Arrow,Arrow,Url,0
plantuml,Arrow,getUrl,Url,0
plantuml,Arrow,getSkin,Rose,0
plantuml,ArrowAndNoteBox,ArrowAndNoteBox,Arrow,0
plantuml,ArrowAndNoteBox,getParticipant1,Arrow,0
plantuml,ArrowAndNoteBox,getParticipant2,Arrow,0
plantuml,ArrowAndParticipant,ArrowAndParticipant,ParticipantBox,0
plantuml,ArrowAndParticipant,getParticipant1,Arrow,0
plantuml,ArrowAndParticipant,getParticipant2,Arrow,0
plantuml,ConstraintSet,getMaxX,ParticipantBoxSimple,0
plantuml,ConstraintSet,getFirstBorder,ParticipantBoxSimple,0
plantuml,ConstraintSet,getLastborder,ParticipantBoxSimple,0
plantuml,DrawableSet,DrawableSet,Rose,0
plantuml,DrawableSet,getSkin,Rose,0
plantuml,DrawableSet,setDimension,XDimension2D,0
plantuml,DrawableSet,getDimension,XDimension2D,0
plantuml,DrawableSet,drawHeadTailU,Page,0
plantuml,DrawableSet,getMaxX,XDimension2D,0
plantuml,DrawableSet,getMaxY,XDimension2D,0
plantuml,DrawableSet,getParticipantEnglober,Participant,0
plantuml,DrawableSetInitializer,DrawableSetInitializer,Rose,0
plantuml,DrawableSetInitializer,takeParticipantEngloberTitleWidth,ConstraintSet,0
plantuml,DrawableSetInitializer,addEvent,DrawableSet,0
plantuml,FreeYStrategyBasic,peekPosition,ParticipantRange,0
plantuml,FreeYStrategyBasic,addElement,ParticipantRange,0
plantuml,FrontierSimple,getFreeY,ParticipantRange,0
plantuml,GraphicalDelayText,GraphicalDelayText,ParticipantBox,0
plantuml,GraphicalReference,GraphicalReference,Url,0
plantuml,GroupingGraphicalElement,GroupingGraphicalElement,InGroupableList,0
plantuml,GroupingGraphicalElement,getInGroupableList,InGroupableList,0
plantuml,GroupingGraphicalElementElse,GroupingGraphicalElementElse,InGroupableList,0
plantuml,GroupingGraphicalElementHeader,GroupingGraphicalElementHeader,InGroupableList,0
plantuml,GroupingGraphicalElementTail,GroupingGraphicalElementTail,InGroupableList,0
plantuml,LifeDestroy,LifeDestroy,ParticipantBox,0
plantuml,LifeLine,LifeLine,Display,0
plantuml,LivingParticipantBox,LivingParticipantBox,LifeLine,0
plantuml,LivingParticipantBox,getParticipantBox,ParticipantBox,0
plantuml,LivingParticipantBox,getLifeLine,LifeLine,0
plantuml,LivingParticipantBox,create,LifeLine,0
plantuml,LivingParticipantBox,getCreate,LifeLine,0
plantuml,LivingParticipantBox,getMinX,ParticipantBox,0
plantuml,LivingParticipantBox,getParticipant,ParticipantBox,0
plantuml,MessageArrow,MessageArrow,Url,0
plantuml,MessageArrow,getParticipant1,LivingParticipantBox,0
plantuml,MessageArrow,getParticipant2,LivingParticipantBox,0
plantuml,MessageExoArrow,MessageExoArrow,ArrowConfiguration,0
plantuml,MessageExoArrow,getParticipantAt,LivingParticipantBox,0
plantuml,MessageExoArrow,getParticipant1,LivingParticipantBox,0
plantuml,MessageExoArrow,getParticipant2,LivingParticipantBox,0
plantuml,MessageSelfArrow,MessageSelfArrow,Url,0
plantuml,MessageSelfArrow,getParticipantAt,LivingParticipantBox,0
plantuml,MessageSelfArrow,getParticipant1,LivingParticipantBox,0
plantuml,MessageSelfArrow,getParticipant2,LivingParticipantBox,0
plantuml,NoteBox,NoteBox,Url,0
plantuml,NoteBox,getUrl,Url,0
plantuml,Page,Page,Display,0
plantuml,Page,getTitle,Display,0
plantuml,PageSplitter,PageSplitter,Display,0
plantuml,ParticipantBox,ParticipantBox,Participant,0
plantuml,ParticipantBox,getParticipant,Participant,0
plantuml,SegmentColored,SegmentColored,Fashion,0
plantuml,SegmentColored,getSpecificBackColor,Fashion,0
plantuml,SegmentColored,getSpecificLineColor,Fashion,0
plantuml,SegmentColored,hashCode,Segment,0
plantuml,SegmentColored,toString,Segment,0
plantuml,SegmentColored,getSegment,Segment,0
plantuml,SequenceDiagramFileMakerPuma2,SequenceDiagramFileMakerPuma2,FileFormatOption,0
plantuml,SequenceDiagramTxtMaker,SequenceDiagramTxtMaker,SequenceDiagram,0
plantuml,SequenceDiagramTxtMaker,createOne,UGraphicTxt,0
plantuml,Step1Abstract,Step1Abstract,DrawableSet,0
plantuml,Step1Abstract,getParticipantRange,ParticipantRange,0
plantuml,Step1Abstract,prepareMessage,InGroupablesStack,0
plantuml,Step1Abstract,getConfig,ArrowConfiguration,0
plantuml,Step1Abstract,getMessage,AbstractMessage,0
plantuml,Step1Abstract,getDrawingSet,DrawableSet,0
plantuml,Step1Message,Step1Message,DrawableSet,0
plantuml,Step1Message,createArrow,MessageArrow,0
plantuml,Step1MessageExo,Step1MessageExo,DrawableSet,0
plantuml,FixedLink,FixedLink,SegmentPosition,0
plantuml,SegmentPosition,SegmentPosition,PSegment,0
plantuml,SegmentPosition,getSegment,PSegment,0
plantuml,AbstractTile,AbstractTile,YGauge,0
plantuml,Blotter,Blotter,HColor,0
plantuml,Blotter,toString,HColor,0
plantuml,CommonTile,callbackY,TimeHook,0
plantuml,CommonTile,callbackY_internal,TimeHook,0
plantuml,CommonTile,getTimeHook,TimeHook,0
plantuml,CommunicationExoTile,getEvent,MessageExo,0
plantuml,CommunicationExoTile,CommunicationExoTile,YGauge,0
plantuml,CommunicationExoTile,getYGauge,YGauge,0
plantuml,CommunicationExoTile,isShortArrow,MessageExo,0
plantuml,CommunicationTile,getEvent,Message,0
plantuml,CommunicationTile,toString,Message,0
plantuml,CommunicationTile,CommunicationTile,YGauge,0
plantuml,CommunicationTile,getYGauge,YGauge,0
plantuml,CommunicationTile,isCreate,Message,0
plantuml,CommunicationTile,getPoint1,LivingSpace,0
plantuml,CommunicationTile,getPoint2,LivingSpace,0
plantuml,CommunicationTileNoteBottom,CommunicationTileNoteBottom,YGauge,0
plantuml,CommunicationTileNoteBottomTopAbstract,getEvent,AbstractMessage,0
plantuml,CommunicationTileNoteBottomTopAbstract,getContactPointRelative,Tile,0
plantuml,CommunicationTileNoteBottomTopAbstract,CommunicationTileNoteBottomTopAbstract,YGauge,0
plantuml,CommunicationTileNoteBottomTopAbstract,getYGauge,YGauge,0
plantuml,CommunicationTileNoteBottomTopAbstract,addConstraints,Tile,0
plantuml,CommunicationTileNoteBottomTopAbstract,getMinX,Tile,0
plantuml,CommunicationTileNoteBottomTopAbstract,getMaxX,Tile,0
plantuml,CommunicationTileNoteLeft,getEvent,AbstractMessage,0
plantuml,CommunicationTileNoteLeft,getContactPointRelative,Tile,0
plantuml,CommunicationTileNoteLeft,CommunicationTileNoteLeft,YGauge,0
plantuml,CommunicationTileNoteLeft,getYGauge,YGauge,0
plantuml,CommunicationTileNoteLeft,addConstraints,Tile,0
plantuml,CommunicationTileNoteLeft,getMaxX,Tile,0
plantuml,CommunicationTileNoteRight,getEvent,AbstractMessage,0
plantuml,CommunicationTileNoteRight,isCreate,AbstractMessage,0
plantuml,CommunicationTileNoteRight,getContactPointRelative,Tile,0
plantuml,CommunicationTileNoteRight,CommunicationTileNoteRight,YGauge,0
plantuml,CommunicationTileNoteRight,getYGauge,YGauge,0
plantuml,CommunicationTileNoteRight,addConstraints,Tile,0
plantuml,CommunicationTileNoteRight,getMinX,Tile,0
plantuml,CommunicationTileNoteTop,CommunicationTileNoteTop,YGauge,0
plantuml,CommunicationTileSelf,getEvent,Message,0
plantuml,CommunicationTileSelf,CommunicationTileSelf,YGauge,0
plantuml,CommunicationTileSelf,getYGauge,YGauge,0
plantuml,CommunicationTileSelf,addConstraints,LivingSpace,0
plantuml,CommunicationTileSelf,getPoint1,LivingSpace,0
plantuml,CommunicationTileSelf,getMinX,LivingSpace,0
plantuml,CommunicationTileSelfNoteLeft,getEvent,AbstractMessage,0
plantuml,CommunicationTileSelfNoteLeft,getContactPointRelative,CommunicationTileSelf,0
plantuml,CommunicationTileSelfNoteLeft,CommunicationTileSelfNoteLeft,YGauge,0
plantuml,CommunicationTileSelfNoteLeft,getYGauge,YGauge,0
plantuml,CommunicationTileSelfNoteLeft,addConstraints,CommunicationTileSelf,0
plantuml,CommunicationTileSelfNoteLeft,getMaxX,CommunicationTileSelf,0
plantuml,CommunicationTileSelfNoteRight,getEvent,Message,0
plantuml,CommunicationTileSelfNoteRight,getContactPointRelative,CommunicationTileSelf,0
plantuml,CommunicationTileSelfNoteRight,CommunicationTileSelfNoteRight,YGauge,0
plantuml,CommunicationTileSelfNoteRight,getYGauge,YGauge,0
plantuml,CommunicationTileSelfNoteRight,getNotePosition,CommunicationTileSelf,0
plantuml,CommunicationTileSelfNoteRight,addConstraints,CommunicationTileSelf,0
plantuml,CommunicationTileSelfNoteRight,getMinX,CommunicationTileSelf,0
plantuml,DelayTile,getEvent,Delay,0
plantuml,DelayTile,DelayTile,YGauge,0
plantuml,DelayTile,getYGauge,YGauge,0
plantuml,DividerTile,getEvent,Divider,0
plantuml,DividerTile,DividerTile,YGauge,0
plantuml,DividerTile,getYGauge,YGauge,0
plantuml,Dolls,Dolls,TileArguments,0
plantuml,ElseTile,getEvent,GroupingLeaf,0
plantuml,ElseTile,ElseTile,YGauge,0
plantuml,ElseTile,getYGauge,YGauge,0
plantuml,ElseTile,getBackColorGeneral,GroupingLeaf,0
plantuml,ElseTile,getMinX,Tile,0
plantuml,EmptyTile,EmptyTile,YGauge,0
plantuml,EmptyTile,getYGauge,YGauge,0
plantuml,EmptyTile,getMinX,Tile,0
plantuml,EmptyTile,getMaxX,Tile,0
plantuml,GroupingTile,getEvent,GroupingStart,0
plantuml,GroupingTile,getYGauge,YGauge,0
plantuml,GroupingTile,GroupingTile,YGauge,0
plantuml,HSpaceTile,getEvent,HSpace,0
plantuml,HSpaceTile,HSpaceTile,YGauge,0
plantuml,HSpaceTile,getYGauge,YGauge,0
plantuml,HSpaceTile,getPreferredHeight,HSpace,0
plantuml,LifeEventTile,getEvent,LifeEvent,0
plantuml,LifeEventTile,LifeEventTile,YGauge,0
plantuml,LifeEventTile,getYGauge,YGauge,0
plantuml,LifeEventTile,drawU,LivingSpace,0
plantuml,LifeEventTile,getPreferredHeight,Rose,0
plantuml,LiveBoxes,LiveBoxes,Rose,0
plantuml,LiveBoxes,getParticipant,Participant,0
plantuml,LiveBoxesDrawer,LiveBoxesDrawer,Rose,0
plantuml,LiveBoxesDrawer,drawDestroyIfNeeded,Step,0
plantuml,LivingSpace,LivingSpace,Rose,0
plantuml,LivingSpace,getParticipant,Participant,0
plantuml,LivingSpace,getEnglober,ParticipantEnglober,0
plantuml,LivingSpaces,previous,LivingSpace,0
plantuml,MutingLine,MutingLine,Participant,0
plantuml,NewpageTile,NewpageTile,YGauge,0
plantuml,NewpageTile,getMinX,TileArguments,0
plantuml,NewpageTile,getMaxX,TileArguments,0
plantuml,NewpageTile,getEvent,Newpage,0
plantuml,NoteTile,getEvent,Note,0
plantuml,NoteTile,NoteTile,YGauge,0
plantuml,NoteTile,getYGauge,YGauge,0
plantuml,NotesTile,getEvent,Notes,0
plantuml,NotesTile,NotesTile,YGauge,0
plantuml,NotesTile,getYGauge,YGauge,0
plantuml,PlayingSpace,PlayingSpace,TileArguments,0
plantuml,PlayingSpace,getLivingSpaces,LivingSpaces,0
plantuml,PlayingSpaceWithParticipants,PlayingSpaceWithParticipants,PlayingSpace,0
plantuml,PlayingSpaceWithParticipants,calculateDimension,XDimension2D,0
plantuml,PlayingSpaceWithParticipants,getNbPages,PlayingSpace,0
plantuml,PlayingSpaceWithParticipants,yNewPages,PlayingSpace,0
plantuml,ReferenceTile,getEvent,Reference,0
plantuml,ReferenceTile,ReferenceTile,YGauge,0
plantuml,ReferenceTile,getYGauge,YGauge,0
plantuml,SequenceDiagramFileMakerTeoz,SequenceDiagramFileMakerTeoz,FileFormatOption,0
plantuml,SequenceDiagramFileMakerTeoz,getSkinParam,SequenceDiagram,0
plantuml,SequenceDiagramFileMakerTeoz,getNbPages,PlayingSpaceWithParticipants,0
plantuml,Step,Step,Fashion,0
plantuml,Step,getColors,Fashion,0
plantuml,TeozLayer,TeozLayer,PngTitler,0
plantuml,TeozLayer,calculateDimension,XDimension2D,0
plantuml,TeozLayer,drawU,PngTitler,0
plantuml,TileArguments,TileArguments,Rose,0
plantuml,TileArguments,getLivingSpaces,LivingSpaces,0
plantuml,TileArguments,getSkin,Rose,0
plantuml,TileMarged,TileMarged,Tile,0
plantuml,TileMarged,addConstraints,Tile,0
plantuml,TileMarged,getMinX,Tile,0
plantuml,TileMarged,getEvent,Tile,0
plantuml,TileParallel,callbackY_internal,TimeHook,0
plantuml,AbstractComponent,AbstractComponent,Style,0
plantuml,AbstractComponent,getStyle,Style,0
plantuml,AbstractComponent,drawInternalU,Area,0
plantuml,AbstractComponent,drawBackgroundInternalU,Area,0
plantuml,AbstractTextualComponent,AbstractTextualComponent,LineBreakStrategy,0
plantuml,AbstractTextualComponent,AbstractTextualComponent,Display,0
plantuml,AbstractTextualComponent,AbstractTextualComponent,Display,0
plantuml,AbstractTextualComponent,getFont,UFont,0
plantuml,AbstractTextualComponent,getFontColor,HColor,0
plantuml,ActorAwesome,ActorAwesome,Fashion,0
plantuml,ActorHollow,ActorHollow,Fashion,0
plantuml,ActorStickMan,ActorStickMan,Fashion,0
plantuml,Area,Area,XDimension2D,0
plantuml,Area,getDimensionToUse,XDimension2D,0
plantuml,ArrowConfiguration,ArrowConfiguration,HColor,0
plantuml,ArrowConfiguration,addHead,ArrowDressing,0
plantuml,ArrowConfiguration,getHead,ArrowDressing,0
plantuml,ArrowConfiguration,isAsync1,ArrowDressing,0
plantuml,ArrowConfiguration,isAsync2,ArrowDressing,0
plantuml,ArrowConfiguration,getPart,ArrowDressing,0
plantuml,ArrowConfiguration,getColor,HColor,0
plantuml,ArrowConfiguration,getDressing1,ArrowDressing,0
plantuml,ArrowConfiguration,getDressing2,ArrowDressing,0
plantuml,CircleInterface,CircleInterface,HColor,0
plantuml,Padder,Padder,HColor,0
plantuml,Padder,getBackgroundColor,HColor,0
plantuml,Padder,getBorderColor,HColor,0
plantuml,Pragma,addWarning,Warning,0
plantuml,SkinParam,SkinParam,Pragma,0
plantuml,SkinParam,getCurrentStyleBuilder,StyleBuilder,0
plantuml,SkinParam,setParam,StyleBuilder,0
plantuml,SkinParam,checkStereotype,Stereotype,0
plantuml,SkinParam,useOctagonForActivity,Stereotype,0
plantuml,SkinParam,getIHtmlColorSet,HColorSet,0
plantuml,SkinParam,getPragma,Pragma,0
plantuml,SkinParamBackcolored,SkinParamBackcolored,HColor,0
plantuml,SkinParamBackcolored,SkinParamBackcolored,HColor,0
plantuml,SkinParamBackcolored,SkinParamBackcolored,HColor,0
plantuml,SkinParamBackcolored,SkinParamBackcolored,HColor,0
plantuml,SkinParamBackcolored,getBackgroundColor,HColor,0
plantuml,SkinParamBackcoloredReference,SkinParamBackcoloredReference,HColor,0
plantuml,SkinParamColors,getColors,Colors,0
plantuml,SkinParamColors,SkinParamColors,Colors,0
plantuml,SkinParamColors,toString,Colors,0
plantuml,SkinParamColors,shadowing,Colors,0
plantuml,SkinParamDelegator,shadowingForNote,Stereotype,0
plantuml,SkinParamDelegator,muteStyle,Style,0
plantuml,SkinParamForceColor,SkinParamForceColor,HColor,0
plantuml,SkinParamForecolored,SkinParamForecolored,HColor,0
plantuml,SkinParamForecolored,getHtmlColor,HColor,0
plantuml,SplitParam,SplitParam,HColor,0
plantuml,AbstractComponentRoseArrow,AbstractComponentRoseArrow,LineBreakStrategy,0
plantuml,AbstractComponentRoseArrow,getForegroundColor,HColor,0
plantuml,AbstractComponentRoseArrow,getBackgroundColor,HColor,0
plantuml,AbstractComponentRoseArrow,getArrowConfiguration,ArrowConfiguration,0
plantuml,ComponentRoseActiveLine,ComponentRoseActiveLine,Display,0
plantuml,ComponentRoseActor,ComponentRoseActor,Display,0
plantuml,ComponentRoseArrow,ComponentRoseArrow,LineBreakStrategy,0
plantuml,ComponentRoseArrow,drawDressing1,ArrowDressing,0
plantuml,ComponentRoseArrow,drawDressing2,ArrowDressing,0
plantuml,ComponentRoseBoundary,ComponentRoseBoundary,Display,0
plantuml,ComponentRoseControl,ComponentRoseControl,Display,0
plantuml,ComponentRoseDatabase,ComponentRoseDatabase,Display,0
plantuml,ComponentRoseDelayLine,ComponentRoseDelayLine,Style,0
plantuml,ComponentRoseDelayText,ComponentRoseDelayText,Display,0
plantuml,ComponentRoseDestroy,ComponentRoseDestroy,Style,0
plantuml,ComponentRoseDivider,ComponentRoseDivider,Display,0
plantuml,ComponentRoseEnglober,ComponentRoseEnglober,Display,0
plantuml,ComponentRoseEnglober,drawInternalU,Area,0
plantuml,ComponentRoseEntity,ComponentRoseEntity,Display,0
plantuml,ComponentRoseGroupingElse,ComponentRoseGroupingElse,Style,0
plantuml,ComponentRoseGroupingHeader,ComponentRoseGroupingHeader,Display,0
plantuml,ComponentRoseGroupingSpace,drawU,Area,0
plantuml,ComponentRoseLine,ComponentRoseLine,Display,0
plantuml,ComponentRoseLine,drawTitleHoverTargetRect,XDimension2D,0
plantuml,ComponentRoseNewpage,ComponentRoseNewpage,Style,0
plantuml,ComponentRoseNote,ComponentRoseNote,Colors,0
plantuml,ComponentRoseNoteBox,ComponentRoseNoteBox,Colors,0
plantuml,ComponentRoseNoteHexagonal,ComponentRoseNoteHexagonal,Colors,0
plantuml,ComponentRoseParticipant,ComponentRoseParticipant,Display,0
plantuml,ComponentRoseQueue,ComponentRoseQueue,Display,0
plantuml,ComponentRoseReference,ComponentRoseReference,Display,0
plantuml,ComponentRoseSelfArrow,ComponentRoseSelfArrow,LineBreakStrategy,0
plantuml,Rose,getHtmlColor,Stereotype,0
plantuml,StateDiagram,StateDiagram,PreprocessingArtifact,0
plantuml,StateDiagram,isCompatible,Entity,0
plantuml,StateDiagram,getGroupParentIfItIsConcurrentState,Entity,0
plantuml,CommandConcurrentState,executeArg,RegexResult,0
plantuml,CommandCreatePackage2,getNotNull,RegexResult,0
plantuml,CommandCreatePackageState,getNotNull,RegexResult,0
plantuml,CommandLinkStateCommon,getDirection,RegexResult,0
plantuml,HistoricalData,current,ParsedGenerated,0
plantuml,PSystemStats,PSystemStats,PreprocessingArtifact,0
plantuml,PSystemStatsFactory,executeLine,PreprocessingArtifact,0
plantuml,ParsedGenerated,ParsedGenerated,NumberAnalyzed,0
plantuml,ParsedGenerated,parsed,NumberAnalyzed,0
plantuml,ParsedGenerated,generated,NumberAnalyzed,0
plantuml,ParsedGenerated,parsedDated,NumberAnalyzed,0
plantuml,ParsedGenerated,generatedDated,NumberAnalyzed,0
plantuml,StatsImpl,StatsImpl,ParsedGenerated,0
plantuml,StatsImpl,getCurrentSessionByFormat,FormatCounter,0
plantuml,StatsImpl,getAllByFormat,FormatCounter,0
plantuml,StatsUtils,restoreNow,FormatCounter,0
plantuml,Stereotype,Stereotype,UFont,0
plantuml,Stereotype,getHtmlColor,StereotypeDecoration,0
plantuml,Stereotype,getCharacter,StereotypeDecoration,0
plantuml,Stereotype,isWithOOSymbol,StereotypeDecoration,0
plantuml,Stereotype,isSpotted,StereotypeDecoration,0
plantuml,Stereotype,getCircledFont,UFont,0
plantuml,Stereotype,getStyleNames,StereotypeDecoration,0
plantuml,StereotypeDecoration,StereotypeDecoration,HColor,0
plantuml,CommandStyleMultilinesCSS,executeNow,BlocLines,0
plantuml,DarkString,mergeWith,DarkString,0
plantuml,Style,Style,StyleSignatureBasic,0
plantuml,Style,toString,StyleSignatureBasic,0
plantuml,Style,getSignature,StyleSignatureBasic,0
plantuml,Style,getFontConfiguration,HColorSet,0
plantuml,Style,getSymbolContext,HColorSet,0
plantuml,StyleSignatureBasic,getMergedStyle,StyleBuilder,0
plantuml,StyleSignatureBasic,match,Stereotype,0
plantuml,StyleSignatures,withTOBECHANGED,Stereotype,0
plantuml,ValueAbstract,asColor,HColorSet,0
plantuml,ValueColor,toString,HColor,0
plantuml,ValueColor,ValueColor,HColor,0
plantuml,ValueColor,asColor,HColor,0
plantuml,ValueImpl,ValueImpl,DarkString,0
plantuml,ValueImpl,toString,DarkString,0
plantuml,ValueImpl,asString,DarkString,0
plantuml,ValueImpl,asBoolean,DarkString,0
plantuml,ValueImpl,getPriority,DarkString,0
plantuml,ValueNull,asColor,HColorSet,0
plantuml,Context,pop,Context,0
plantuml,DLXEngine,generate,dlx_generator,0
plantuml,PSystemSudoku,PSystemSudoku,PreprocessingArtifact,0
plantuml,AbstractEntityImage,AbstractEntityImage,Entity,0
plantuml,AbstractEntityImage,isHidden,Entity,0
plantuml,AbstractEntityImage,getEntity,Entity,0
plantuml,AbstractEntityImage,getStereo,Entity,0
plantuml,AbstractExtremityFactory,createUDrawable,XPoint2D,0
plantuml,BaseFile,BaseFile,SFile,0
plantuml,BaseFile,toString,SFile,0
plantuml,BaseFile,getBasedir,SFile,0
plantuml,Bibliotekon,getColorSequence,ColorSequence,0
plantuml,Bibliotekon,getCluster,Entity,0
plantuml,Bibliotekon,getNode,Entity,0
plantuml,Bibliotekon,getLeaf,SvekNode,0
plantuml,Boundary,Boundary,Fashion,0
plantuml,CircleAndArrow,CircleAndArrow,XPoint2D,0
plantuml,CircleInterface2,CircleInterface2,HColor,0
plantuml,Cluster,Cluster,Entity,0
plantuml,Cluster,Cluster,Entity,0
plantuml,Cluster,toString,Entity,0
plantuml,Cluster,getParentCluster,Cluster,0
plantuml,Cluster,getGroups,Entity,0
plantuml,Cluster,getGroup,Entity,0
plantuml,Cluster,getTitleAndAttributeHeight,ClusterHeader,0
plantuml,Cluster,getRectangleArea,RectangleArea,0
plantuml,Cluster,setTitlePosition,XPoint2D,0
plantuml,Cluster,setNoteTopPosition,XPoint2D,0
plantuml,Cluster,setNoteBottomPosition,XPoint2D,0
plantuml,Cluster,addTogetherWithParents,Together,0
plantuml,Cluster,isClusterOf,Entity,0
plantuml,ClusterDecoration,ClusterDecoration,UStroke,0
plantuml,ClusterDecoration,guess,USymbol,0
plantuml,ClusterDotString,ClusterDotString,Cluster,0
plantuml,ClusterDotString,empty,Cluster,0
plantuml,ClusterDotStringKermor,ClusterDotStringKermor,Cluster,0
plantuml,ClusterDotStringKermor,empty,Cluster,0
plantuml,ClusterHeader,ClusterHeader,Entity,0
plantuml,ClusterManager,ClusterManager,Cluster,0
plantuml,ClusterManager,closeCluster,Cluster,0
plantuml,ClusterManager,getBibliotekon,Bibliotekon,0
plantuml,ClusterManager,getCurrent,Cluster,0
plantuml,ConcurrentStates,ConcurrentStates,Stereotype,0
plantuml,Control,Control,Fashion,0
plantuml,CucaDiagramFileMaker,CucaDiagramFileMaker,CucaDiagram,0
plantuml,CucaDiagramFileMaker,getBibliotekon,Bibliotekon,0
plantuml,CucaDiagramFileMaker,createFile,FileFormatOption,0
plantuml,CucaDiagramFileMakerSvek,CucaDiagramFileMakerSvek,CucaDiagram,0
plantuml,CucaDiagramFileMakerSvek,createFile,FileFormatOption,0
plantuml,DecorateEntityImage,DecorateEntityImage,UGroup,0
plantuml,DecorateEntityImage3,DecorateEntityImage3,HColor,0
plantuml,DecorateEntityImage3,getBackcolor,HColor,0
plantuml,DotStringFactory,DotStringFactory,Cluster,0
plantuml,DotStringFactory,getBibliotekon,Bibliotekon,0
plantuml,EntityDomain,EntityDomain,Fashion,0
plantuml,EntityImageDegenerated,EntityImageDegenerated,HColor,0
plantuml,EntityImageDegenerated,getBackcolor,HColor,0
plantuml,EntityImageProtected,EntityImageProtected,Bibliotekon,0
plantuml,FrontierCalculator,FrontierCalculator,RectangleArea,0
plantuml,FrontierCalculator,getSuggestedPosition,RectangleArea,0
plantuml,GeneralImageBuilder,createEntityImageBlockInternal,Bibliotekon,0
plantuml,GraphvizImageBuilder,GraphvizImageBuilder,ClusterManager,0
plantuml,GraphvizImageBuilder,printEntityInternal,DotData,0
plantuml,GroupMakerActivity,GroupMakerActivity,Entity,0
plantuml,GroupMakerState,GroupMakerState,Entity,0
plantuml,InnerActivity,InnerActivity,HColor,0
plantuml,InnerStateAutonom,InnerStateAutonom,Entity,0
plantuml,Kal,getTranslateForDecoration,XDimension2D,0
plantuml,Kal,Kal,Link,0
plantuml,Kal,getDimension,XDimension2D,0
plantuml,Kal,getTranslate,UTranslate,0
plantuml,Kal,getTextDelta,XDimension2D,0
plantuml,Kal,getPosition,Direction,0
plantuml,Kal,setTranslate,UTranslate,0
plantuml,Kal,overlapx,Kal,0
plantuml,NamedOutputStream,NamedOutputStream,SFile,0
plantuml,NamedOutputStream,getBasefile,BaseFile,0
plantuml,PointListIteratorImpl,PointListIteratorImpl,SvgResult,0
plantuml,PointListIteratorImpl,next,SvgResult,0
plantuml,Ports,addThis,Ports,0
plantuml,RoundedContainer,RoundedContainer,UStroke,0
plantuml,RoundedNorth,RoundedNorth,HColor,0
plantuml,RoundedSouth,RoundedSouth,HColor,0
plantuml,SvekEdge,getCluster2,Entity,0
plantuml,SvekEdge,SvekEdge,Pragma,0
plantuml,SvekEdge,eventuallyDivideByTwo,XDimension2D,0
plantuml,SvekEdge,getStartUidPrefix,EntityPort,0
plantuml,SvekEdge,getEndUidPrefix,EntityPort,0
plantuml,SvekEdge,getExtremity,HColor,0
plantuml,SvekEdge,isOpalisable,DotPath,0
plantuml,SvekEdge,computeKal,Kal,0
plantuml,SvekEdge,setProjectionCluster,Cluster,0
plantuml,SvekEdge,getMyPoint,Entity,0
plantuml,SvekEdge,isLink,Link,0
plantuml,SvekNode,getCluster,Cluster,0
plantuml,SvekNode,setCluster,Cluster,0
plantuml,SvekNode,getTogether,Entity,0
plantuml,SvekNode,SvekNode,ColorSequence,0
plantuml,SvekNode,getDimImage,XDimension2D,0
plantuml,SvekNode,shield,Margins,0
plantuml,SvekResult,SvekResult,DotStringFactory,0
plantuml,ExtremityArrow,somePoint,XPoint2D,0
plantuml,ExtremityArrow,ExtremityArrow,XPoint2D,0
plantuml,ExtremityArrow,ExtremityArrow,XPoint2D,0
plantuml,ExtremityArrowAndCircle,somePoint,XPoint2D,0
plantuml,ExtremityArrowAndCircle,ExtremityArrowAndCircle,HColor,0
plantuml,ExtremityCircle,somePoint,XPoint2D,0
plantuml,ExtremityCircle,ExtremityCircle,HColor,0
plantuml,ExtremityCircleConnect,somePoint,XPoint2D,0
plantuml,ExtremityCircleConnect,ExtremityCircleConnect,HColor,0
plantuml,ExtremityCircleCross,somePoint,XPoint2D,0
plantuml,ExtremityCircleCross,ExtremityCircleCross,HColor,0
plantuml,ExtremityCircleCrowfoot,somePoint,XPoint2D,0
plantuml,ExtremityCircleCrowfoot,ExtremityCircleCrowfoot,XPoint2D,0
plantuml,ExtremityCircleLine,somePoint,XPoint2D,0
plantuml,ExtremityCircleLine,ExtremityCircleLine,XPoint2D,0
plantuml,ExtremityCrowfoot,somePoint,XPoint2D,0
plantuml,ExtremityCrowfoot,ExtremityCrowfoot,XPoint2D,0
plantuml,ExtremityDiamond,somePoint,XPoint2D,0
plantuml,ExtremityDiamond,ExtremityDiamond,XPoint2D,0
plantuml,ExtremityDiamond,getDeltaForKal,UTranslate,0
plantuml,ExtremityDoubleLine,somePoint,XPoint2D,0
plantuml,ExtremityDoubleLine,ExtremityDoubleLine,XPoint2D,0
plantuml,ExtremityExtends,somePoint,XPoint2D,0
plantuml,ExtremityExtends,ExtremityExtends,HColor,0
plantuml,ExtremityExtendsLike,somePoint,XPoint2D,0
plantuml,ExtremityExtendsLike,ExtremityExtendsLike,HColor,0
plantuml,ExtremityFactoryArrow,createUDrawable,XPoint2D,0
plantuml,ExtremityFactoryArrowAndCircle,ExtremityFactoryArrowAndCircle,HColor,0
plantuml,ExtremityFactoryCircle,ExtremityFactoryCircle,HColor,0
plantuml,ExtremityFactoryCircleConnect,ExtremityFactoryCircleConnect,HColor,0
plantuml,ExtremityFactoryCircleCross,ExtremityFactoryCircleCross,HColor,0
plantuml,ExtremityFactoryCircleCross,createUDrawable,HColor,0
plantuml,ExtremityFactoryExtends,ExtremityFactoryExtends,HColor,0
plantuml,ExtremityFactoryExtends,createTBRDrawableLegacy,XPoint2D,0
plantuml,ExtremityFactoryExtendsLike,ExtremityFactoryExtendsLike,HColor,0
plantuml,ExtremityFactoryExtendsLike,createUDrawable,HColor,0
plantuml,ExtremityFactoryNotNavigable,createUDrawable,XPoint2D,0
plantuml,ExtremityFactoryParenthesis,createUDrawable,XPoint2D,0
plantuml,ExtremityFactoryPlus,ExtremityFactoryPlus,HColor,0
plantuml,ExtremityFactorySquare,ExtremityFactorySquare,HColor,0
plantuml,ExtremityFactorySquare,createUDrawable,HColor,0
plantuml,ExtremityFactoryTriangle,ExtremityFactoryTriangle,HColor,0
plantuml,ExtremityHalfArrow,somePoint,XPoint2D,0
plantuml,ExtremityHalfArrow,ExtremityHalfArrow,XPoint2D,0
plantuml,ExtremityHalfArrow,ExtremityHalfArrow,XPoint2D,0
plantuml,ExtremityLineCrowfoot,somePoint,XPoint2D,0
plantuml,ExtremityLineCrowfoot,ExtremityLineCrowfoot,XPoint2D,0
plantuml,ExtremityNotNavigable,somePoint,XPoint2D,0
plantuml,ExtremityNotNavigable,ExtremityNotNavigable,XPoint2D,0
plantuml,ExtremityOther,ExtremityOther,UPolygon,0
plantuml,ExtremityParenthesis,ExtremityParenthesis,XPoint2D,0
plantuml,ExtremityParenthesis,somePoint,XPoint2D,0
plantuml,ExtremityParenthesis2,ExtremityParenthesis2,XPoint2D,0
plantuml,ExtremityParenthesis2,somePoint,XPoint2D,0
plantuml,ExtremityPlus,ExtremityPlus,HColor,0
plantuml,ExtremitySquare,somePoint,XPoint2D,0
plantuml,ExtremitySquare,ExtremitySquare,HColor,0
plantuml,ExtremityStateLine1,somePoint,XPoint2D,0
plantuml,ExtremityStateLine1,ExtremityStateLine1,XPoint2D,0
plantuml,ExtremityStateLine2,somePoint,XPoint2D,0
plantuml,ExtremityStateLine2,ExtremityStateLine2,XPoint2D,0
plantuml,ExtremityTriangle,somePoint,XPoint2D,0
plantuml,ExtremityTriangle,ExtremityTriangle,HColor,0
plantuml,MiddleCircle,MiddleCircle,HColor,0
plantuml,MiddleCircleCircled,MiddleCircleCircled,HColor,0
plantuml,MiddleFactoryCircle,MiddleFactoryCircle,HColor,0
plantuml,MiddleFactoryCircle,createUDrawable,HColor,0
plantuml,MiddleFactoryCircleCircled,MiddleFactoryCircleCircled,HColor,0
plantuml,AbstractEntityImageBorder,AbstractEntityImageBorder,Bibliotekon,0
plantuml,Circle,Circle,XPoint2D,0
plantuml,Circle,Circle,XPoint2D,0
plantuml,Circle,Circle,XPoint2D,0
plantuml,Circle,getCenter,XPoint2D,0
plantuml,CircleEnd,CircleEnd,Colors,0
plantuml,CircleStart,CircleStart,Colors,0
plantuml,EntityImageActivity,EntityImageActivity,Bibliotekon,0
plantuml,EntityImageArcCircle,EntityImageArcCircle,Entity,0
plantuml,EntityImageAssociation,EntityImageAssociation,Entity,0
plantuml,EntityImageAssociationPoint,EntityImageAssociationPoint,Entity,0
plantuml,EntityImageBranch,EntityImageBranch,Entity,0
plantuml,EntityImageChenAttribute,EntityImageChenAttribute,Entity,0
plantuml,EntityImageChenCircle,EntityImageChenCircle,Entity,0
plantuml,EntityImageChenEntity,EntityImageChenEntity,Entity,0
plantuml,EntityImageChenRelationship,EntityImageChenRelationship,Entity,0
plantuml,EntityImageCircleEnd,EntityImageCircleEnd,Entity,0
plantuml,EntityImageCircleStart,EntityImageCircleStart,Entity,0
plantuml,EntityImageClass,EntityImageClass,Entity,0
plantuml,EntityImageClassHeader,EntityImageClassHeader,Entity,0
plantuml,EntityImageDeepHistory,EntityImageDeepHistory,Entity,0
plantuml,EntityImageDescription,EntityImageDescription,Bibliotekon,0
plantuml,EntityImageDescription,getUSymbol,Entity,0
plantuml,EntityImageEmptyPackage,EntityImageEmptyPackage,Entity,0
plantuml,EntityImageGroup,EntityImageGroup,Entity,0
plantuml,EntityImageJson,EntityImageJson,Entity,0
plantuml,EntityImageLollipopInterface,EntityImageLollipopInterface,Entity,0
plantuml,EntityImageLollipopInterfaceEye1,EntityImageLollipopInterfaceEye1,Bibliotekon,0
plantuml,EntityImageLollipopInterfaceEye2,EntityImageLollipopInterfaceEye2,Entity,0
plantuml,EntityImageMap,EntityImageMap,Entity,0
plantuml,EntityImageNote,EntityImageNote,Entity,0
plantuml,EntityImageNote,getISkinParam,Entity,0
plantuml,EntityImageNote,getStroke,Style,0
plantuml,EntityImageNote,getOrthoDistance,XPoint2D,0
plantuml,EntityImageNoteLink,EntityImageNoteLink,StyleBuilder,0
plantuml,EntityImageObject,EntityImageObject,Entity,0
plantuml,EntityImageObject,getUnderlinedName,Entity,0
plantuml,EntityImagePort,EntityImagePort,Bibliotekon,0
plantuml,EntityImagePseudoState,EntityImagePseudoState,Entity,0
plantuml,EntityImagePseudoState,EntityImagePseudoState,Entity,0
plantuml,EntityImageState,EntityImageState,Entity,0
plantuml,EntityImageState2,EntityImageState2,Entity,0
plantuml,EntityImageStateBorder,EntityImageStateBorder,Cluster,0
plantuml,EntityImageStateCommon,EntityImageStateCommon,Entity,0
plantuml,EntityImageStateEmptyDescription,EntityImageStateEmptyDescription,Entity,0
plantuml,EntityImageSynchroBar,EntityImageSynchroBar,Entity,0
plantuml,EntityImageTips,EntityImageTips,Bibliotekon,0
plantuml,EntityImageUseCase,EntityImageUseCase,Entity,0
plantuml,Opale,Opale,UStroke,0
plantuml,RotatedEllipse,RotatedEllipse,UEllipse,0
plantuml,RotatedEllipse,getA,UEllipse,0
plantuml,RotatedEllipse,getB,UEllipse,0
plantuml,SmallestEnclosingCircle,append,Circle,0
plantuml,SmallestEnclosingCircle,getCircle,Circle,0
plantuml,DirWatcher,DirWatcher,Option,0
plantuml,DirWatcher2,DirWatcher2,Option,0
plantuml,FontChecker,FontChecker,UFont,0
plantuml,ImageWindow,ImageWindow,SimpleLine,0
plantuml,ImageWindow,refreshSimpleLine,SimpleLine,0
plantuml,ImageWindow,copy,SimpleLine,0
plantuml,ImageWindow,getSimpleLine,SimpleLine,0
plantuml,MainWindow,MainWindow,Option,0
plantuml,MainWindow,doubleClick,SimpleLine,0
plantuml,ScrollablePicture,getScrollableUnitIncrement,Rectangle,0
plantuml,ScrollablePicture,getScrollableBlockIncrement,Rectangle,0
plantuml,SyntaxResult,setSystemError,PSystemError,0
plantuml,Guillemet,fromDescription,Guillemet,0
plantuml,StringLocated,getTrimmed,StringLocated,0
plantuml,StyledString,StyledString,FontStyle,0
plantuml,StyledString,toString,FontStyle,0
plantuml,StyledString,getStyle,FontStyle,0
plantuml,Theme,readLine,ReadLineWithYamlHeader,0
plantuml,Theme,close,ReadLineWithYamlHeader,0
plantuml,TikzGraphics,TikzGraphics,Pragma,0
plantuml,TikzGraphics,appendFillColor,HColor,0
plantuml,Eater,Eater,StringLocated,0
plantuml,Eater,getLineLocation,StringLocated,0
plantuml,Eater,getStringLocated,StringLocated,0
plantuml,Eater,analyze,TContext,0
plantuml,Eater,addIntoTokenStack,TokenStack,0
plantuml,Eater,addUpToLastLetterOrEmojiOrUnderscoreOrDigit,StringLocated,0
plantuml,EaterAffectation,EaterAffectation,StringLocated,0
plantuml,EaterAffectationDefine,EaterAffectationDefine,StringLocated,0
plantuml,EaterAssert,EaterAssert,StringLocated,0
plantuml,EaterDeclareProcedure,EaterDeclareProcedure,StringLocated,0
plantuml,EaterDeclareProcedure,getFunction,TFunctionImpl,0
plantuml,EaterDeclareReturnFunction,EaterDeclareReturnFunction,StringLocated,0
plantuml,EaterDeclareReturnFunction,getFunction,TFunctionImpl,0
plantuml,EaterDumpMemory,EaterDumpMemory,StringLocated,0
plantuml,EaterElseIf,EaterElseIf,StringLocated,0
plantuml,EaterException,EaterException,StringLocated,0
plantuml,EaterException,getLocation,StringLocated,0
plantuml,EaterForeach,EaterForeach,StringLocated,0
plantuml,EaterForeach,isSkip,JsonValue,0
plantuml,EaterForeach,size,JsonValue,0
plantuml,EaterForeach,getJsonValue,JsonValue,0
plantuml,EaterFunctionCall,EaterFunctionCall,StringLocated,0
plantuml,EaterIf,EaterIf,StringLocated,0
plantuml,EaterIfdef,EaterIfdef,StringLocated,0
plantuml,EaterIfndef,EaterIfndef,StringLocated,0
plantuml,EaterImport,EaterImport,StringLocated,0
plantuml,EaterInclude,EaterInclude,StringLocated,0
plantuml,EaterIncludeDef,EaterIncludeDef,StringLocated,0
plantuml,EaterIncludeSprites,EaterIncludeSprites,StringLocated,0
plantuml,EaterIncludesub,EaterIncludesub,StringLocated,0
plantuml,EaterLegacyDefine,EaterLegacyDefine,StringLocated,0
plantuml,EaterLegacyDefine,getFunction,TFunctionImpl,0
plantuml,EaterLegacyDefineLong,EaterLegacyDefineLong,StringLocated,0
plantuml,EaterLegacyDefineLong,getFunction,TFunctionImpl,0
plantuml,EaterLog,EaterLog,StringLocated,0
plantuml,EaterOption,EaterOption,StringLocated,0
plantuml,EaterReturn,EaterReturn,StringLocated,0
plantuml,EaterReturn,getValue2,TValue,0
plantuml,EaterStartsub,EaterStartsub,StringLocated,0
plantuml,EaterTheme,EaterTheme,ImportedFiles,0
plantuml,EaterTheme,getTheme,TContext,0
plantuml,EaterUndef,EaterUndef,StringLocated,0
plantuml,EaterWhile,EaterWhile,StringLocated,0
plantuml,EaterWhile,getWhileExpression,TokenStack,0
plantuml,ExecutionContextForeach,ExecutionContextForeach,JsonValue,0
plantuml,ExecutionContextForeach,currentValue,JsonValue,0
plantuml,ExecutionContextForeach,getJsonValue,JsonValue,0
plantuml,ExecutionContextWhile,ExecutionContextWhile,TokenStack,0
plantuml,ExecutionContexts,addIf,ExecutionContextIf,0
plantuml,ExecutionContexts,addWhile,ExecutionContextWhile,0
plantuml,ExecutionContexts,addForeach,ExecutionContextForeach,0
plantuml,ExecutionContexts,areAllIfOk,TContext,0
plantuml,FunctionsSet,pendingFunction,TFunctionImpl,0
plantuml,StringEater,analyze,TContext,0
plantuml,TContext,TContext,Defines,0
plantuml,TContext,executeOneLineSafe,StringLocated,0
plantuml,TContext,executeIncludesub,ImportedFiles,0
plantuml,TContext,getThemeMetadata,JsonObject,0
plantuml,TContext,getPreprocessingArtifact,PreprocessingArtifact,0
plantuml,TFunctionArgument,TFunctionArgument,TValue,0
plantuml,TFunctionArgument,getOptionalDefaultValue,TValue,0
plantuml,TFunctionImpl,toString,TFunctionSignature,0
plantuml,TFunctionImpl,getSignature,TFunctionSignature,0
plantuml,TMemoryGlobal,variablesNames3,TrieImpl,0
plantuml,TMemoryLocal,TMemoryLocal,TMemoryGlobal,0
plantuml,TMemoryLocal,putVariable,TrieImpl,0
plantuml,TMemoryLocal,removeVariable,TrieImpl,0
plantuml,TimLoader,TimLoader,StringLocated,0
plantuml,TimLoader,getDebug,TContext,0
plantuml,TimLoader,getPreprocessingArtifact,PreprocessingArtifact,0
plantuml,TrieImpl,addInternal,TrieImpl,0
plantuml,TrieImpl,removeInternal,TrieImpl,0
plantuml,TrieImpl,getLonguestMatchStartingIn,TrieImpl,0
plantuml,VariableManager,VariableManager,StringLocated,0
plantuml,VariableManager,replaceJson,StringLocated,0
plantuml,AlwaysFalse,executeReturnFunction,StringLocated,0
plantuml,AlwaysTrue,executeReturnFunction,StringLocated,0
plantuml,Breakline,executeReturnFunction,StringLocated,0
plantuml,Chr,executeReturnFunction,StringLocated,0
plantuml,Dec2hex,executeReturnFunction,StringLocated,0
plantuml,Dirpath,Dirpath,Defines,0
plantuml,Dollar,executeReturnFunction,StringLocated,0
plantuml,Filedate,Filedate,Defines,0
plantuml,Filename,Filename,Defines,0
plantuml,FilenameNoExtension,FilenameNoExtension,Defines,0
plantuml,GetAllStdlib,executeReturnFunction,StringLocated,0
plantuml,Hex2dec,executeReturnFunction,StringLocated,0
plantuml,InvokeProcedure,executeReturnFunction,StringLocated,0
plantuml,Newline,executeReturnFunction,StringLocated,0
plantuml,NewlineShort,executeReturnFunction,StringLocated,0
plantuml,Ord,executeReturnFunction,StringLocated,0
plantuml,Percent,executeReturnFunction,StringLocated,0
plantuml,RandomFunction,executeReturnFunction,StringLocated,0
plantuml,SimpleReturnFunction,executeProcedureInternal,StringLocated,0
plantuml,Str2Json,executeReturnFunction,StringLocated,0
plantuml,ReversePolishInterpretor,ReversePolishInterpretor,TContext,0
plantuml,ReversePolishInterpretor,getResult,TValue,0
plantuml,ShuntingYard,ShuntingYard,StringLocated,0
plantuml,ShuntingYard,thereIsAnOperatorAtTheTopOfTheOperatorStackWithGreaterPrecedence,Token,0
plantuml,ShuntingYard,theOperatorAtTheTopOfTheOperatorStackHasEqualPrecedenceAndIsLeftAssociative,Token,0
plantuml,ShuntingYard,theOperatorAtTheTopOfTheOperatorStackIsNotALeftParenthesis,Token,0
plantuml,ShuntingYard,getQueue,TokenStack,0
plantuml,TValue,TValue,JsonValue,0
plantuml,TValue,fromJson,JsonValue,0
plantuml,TValue,toString,JsonValue,0
plantuml,TValue,fromString,Token,0
plantuml,TValue,isNumber,JsonValue,0
plantuml,TValue,isJson,JsonValue,0
plantuml,TValue,toToken,JsonValue,0
plantuml,TValue,logicalAnd,TValue,0
plantuml,TValue,logicalOr,TValue,0
plantuml,TValue,toJson,JsonValue,0
plantuml,TValue,toJsonValue,JsonValue,0
plantuml,Token,Token,JsonValue,0
plantuml,Token,Token,JsonValue,0
plantuml,Token,getJson,JsonValue,0
plantuml,TokenStack,add,Token,0
plantuml,TokenStack,eatUntilCloseParenthesisOrComma,StringLocated,0
plantuml,CodeIteratorAffectation,CodeIteratorAffectation,TContext,0
plantuml,CodeIteratorForeach,CodeIteratorForeach,TContext,0
plantuml,CodeIteratorIf,CodeIteratorIf,TContext,0
plantuml,CodeIteratorIf,peek,TContext,0
plantuml,CodeIteratorLegacyDefine,CodeIteratorLegacyDefine,FunctionsSet,0
plantuml,CodeIteratorLegacyDefine,peek,TContext,0
plantuml,CodeIteratorProcedure,CodeIteratorProcedure,FunctionsSet,0
plantuml,CodeIteratorProcedure,peek,TContext,0
plantuml,CodeIteratorReturnFunction,CodeIteratorReturnFunction,FunctionsSet,0
plantuml,CodeIteratorReturnFunction,peek,TContext,0
plantuml,CodeIteratorSub,CodeIteratorSub,TContext,0
plantuml,CodeIteratorWhile,CodeIteratorWhile,TContext,0
plantuml,CodeIteratorWhile,peek,TContext,0
plantuml,ChangeState,ChangeState,Colors,0
plantuml,ChangeState,getWhen,TimeTick,0
plantuml,ChangeState,getBackColor,Colors,0
plantuml,ChangeState,getLineColor,Colors,0
plantuml,ChangeState,getStroke,Style,0
plantuml,Highlight,Highlight,Colors,0
plantuml,Highlight,getTickFrom,TimeTick,0
plantuml,Highlight,getTickTo,TimeTick,0
plantuml,Highlight,getCaption,Display,0
plantuml,Player,Player,HColor,0
plantuml,Player,getGeneralBackgroundColor,HColor,0
plantuml,Player,addNote,Stereotype,0
plantuml,Player,setState,Colors,0
plantuml,Player,createConstraint,ArrowConfiguration,0
plantuml,PlayerAnalog,PlayerAnalog,Stereotype,0
plantuml,PlayerAnalog,addNote,Stereotype,0
plantuml,PlayerAnalog,setState,Colors,0
plantuml,PlayerBinary,PlayerBinary,Stereotype,0
plantuml,PlayerClock,PlayerClock,Stereotype,0
plantuml,PlayerClock,getTimeProjection,TimeTick,0
plantuml,PlayerClock,addNote,Stereotype,0
plantuml,PlayerClock,setState,Colors,0
plantuml,PlayerClock,createConstraint,ArrowConfiguration,0
plantuml,PlayerRobustConcise,PlayerRobustConcise,HColor,0
plantuml,TickInPlayer,TickInPlayer,TimeTick,0
plantuml,TickInPlayer,getPlayer,Player,0
plantuml,TickInPlayer,getTick,TimeTick,0
plantuml,TimeConstraint,TimeConstraint,ArrowConfiguration,0
plantuml,TimeConstraint,getTick1,TimeTick,0
plantuml,TimeConstraint,getTick2,TimeTick,0
plantuml,TimeConstraint,getLabel,Display,0
plantuml,TimeMessage,TimeMessage,TickInPlayer,0
plantuml,TimeMessage,getPlayer1,TickInPlayer,0
plantuml,TimeMessage,getPlayer2,TickInPlayer,0
plantuml,TimeMessage,getTick1,TickInPlayer,0
plantuml,TimeMessage,getTick2,TickInPlayer,0
plantuml,TimeMessage,getLabel,Display,0
plantuml,TimeTick,TimeTick,TimingFormat,0
plantuml,TimeTick,compareTo,TimeTick,0
plantuml,TimeTick,getFormat,TimingFormat,0
plantuml,TimeTick,toString,TimingFormat,0
plantuml,TimingDiagram,TimingDiagram,PreprocessingArtifact,0
plantuml,TimingDiagram,getUTranslateForPlayer,Player,0
plantuml,TimingDiagram,updateNow,TimeTick,0
plantuml,TimingDiagram,getNow,TimeTick,0
plantuml,TimingDiagram,setLastPlayer,Player,0
plantuml,TimingDiagram,getLastPlayer,Player,0
plantuml,TimingNote,TimingNote,Style,0
plantuml,TimingNote,getWhen,TimeTick,0
plantuml,TimingNote,getPosition,Position,0
plantuml,CommandChangeState,getStates,RegexResult,0
plantuml,HexaShape,HexaShape,Fashion,0
plantuml,Histogram,Histogram,Style,0
plantuml,Histogram,getStroke,Style,0
plantuml,Histogram,setInitialState,Colors,0
plantuml,IntricatedPoint,IntricatedPoint,XPoint2D,0
plantuml,IntricatedPoint,getPointA,XPoint2D,0
plantuml,IntricatedPoint,getPointB,XPoint2D,0
plantuml,PentaAShape,PentaAShape,Fashion,0
plantuml,PentaBShape,PentaBShape,Fashion,0
plantuml,Ribbon,Ribbon,Style,0
plantuml,TimeArrow,TimeArrow,WithLinkType,0
plantuml,TimeArrow,shorter,TimeArrow,0
plantuml,TimeArrow,shorter,TimeArrow,0
plantuml,Url,hasData,BasicEnsureVisible,0
plantuml,UrlBuilder,matchesOrFind,Matcher2,0
plantuml,CharInspectorImpl,CharInspectorImpl,BlocLines,0
plantuml,License,header1,LicenseInfo,0
plantuml,License,addLicenseInfo,LicenseInfo,0
plantuml,LicenseInfo,retrieveQuick,LicenseInfo,0
plantuml,LicenseInfo,retrieveNamed,LicenseInfo,0
plantuml,LicenseInfo,retrieveDistributorImage,LicenseInfo,0
plantuml,LicenseInfo,setIfValid,LicenseInfo,0
plantuml,LicenseInfo,retrieve,SFile,0
plantuml,PSystemKeycheck,PSystemKeycheck,PreprocessingArtifact,0
plantuml,PSystemKeygen,PSystemKeygen,PreprocessingArtifact,0
plantuml,PSystemLicense,getRootDrawable,FileFormatOption,0
plantuml,PSystemLicense,PSystemLicense,PreprocessingArtifact,0
plantuml,PSystemLicenseFactory,executeLine,PreprocessingArtifact,0
plantuml,PSystemVersion,PSystemVersion,PreprocessingArtifact,0
plantuml,PSystemVersion,PSystemVersion,PreprocessingArtifact,0
plantuml,PSystemVersionFactory,executeLine,PreprocessingArtifact,0
plantuml,Fork,Fork,WElement,0
plantuml,ITFComposed,ITFComposed,WElement,0
plantuml,ITFLeaf,ITFLeaf,WElement,0
plantuml,WBSDiagram,WBSDiagram,PreprocessingArtifact,0
plantuml,WBSDiagram,addIdea,Direction,0
plantuml,WBSDiagram,add,WElement,0
plantuml,WBSLink,WBSLink,HColor,0
plantuml,WBSLink,getElement1,WElement,0
plantuml,WBSLink,getElement2,WElement,0
plantuml,WBSTextBlock,WBSTextBlock,Stereotype,0
plantuml,WElement,WElement,StyleBuilder,0
plantuml,WElement,WElement,StyleBuilder,0
plantuml,WElement,toString,Display,0
plantuml,WElement,getLabel,Display,0
plantuml,WElement,getChildren,Direction,0
plantuml,WElement,getParent,WElement,0
plantuml,WElement,getStyleBuilder,StyleBuilder,0
plantuml,WElement,getPosition,UTranslate,0
plantuml,WElement,getDimension,XDimension2D,0
plantuml,WElement,getStereotype,Stereotype,0
plantuml,LoopFilter,loopFilter,VP8Frame,0
plantuml,LoopFilter,simple_segment,Segment,0
plantuml,MacroBlock,decodeMacroBlock,VP8Frame,0
plantuml,MacroBlock,dequantMacroBlock,VP8Frame,0
plantuml,MacroBlock,getBottomSubBlock,SubBlock,0
plantuml,MacroBlock,getLeftSubBlock,SubBlock,0
plantuml,MacroBlock,getRightSubBlock,SubBlock,0
plantuml,MacroBlock,getSubblockX,SubBlock,0
plantuml,MacroBlock,getSubblockY,SubBlock,0
plantuml,MacroBlock,getY2SubBlock,SubBlock,0
plantuml,SegmentQuants,get_delta_q,BoolDecoder,0
plantuml,SubBlock,SubBlock,SubBlock,0
plantuml,SubBlock,getAbove,SubBlock,0
plantuml,SubBlock,getLeft,SubBlock,0
plantuml,SubBlock,getMacroBlock,MacroBlock,0
plantuml,VP8Decoder,getFrame,VP8Frame,0
plantuml,VP8Decoder,getHeight,VP8Frame,0
plantuml,VP8Decoder,getWidth,VP8Frame,0
plantuml,VP8Decoder,writePGMFile,VP8Frame,0
plantuml,VP8Decoder,writeYV12File,VP8Frame,0
plantuml,VP8Frame,getQIndex,SegmentQuants,0
plantuml,VP8Frame,getSegmentQuants,SegmentQuants,0
plantuml,VP8Frame,getTokenBoolDecoder,BoolDecoder,0
plantuml,VP8Frame,readModes,SegmentQuants,0
plantuml,WindowsDotArchive,getInstance,WindowsDotArchive,0
plantuml,Block,Block,XDimension2D,0
plantuml,Block,getPins,Position,0
plantuml,Block,calculateDimension,XDimension2D,0
plantuml,Block,drawPins,Position,0
plantuml,Spot,Spot,HColor,0
plantuml,WBlock,toString,UTranslate,0
plantuml,WBlock,WBlock,HColor,0
plantuml,WBlock,newColumn,WBlock,0
plantuml,WBlock,getNextPosition,UTranslate,0
plantuml,WCursor,getPosition,UTranslate,0
plantuml,WLinkHorizontal,WLinkHorizontal,Display,0
plantuml,WLinkVertical,WLinkVertical,Display,0
plantuml,WPrint,WPrint,Display,0
plantuml,WPrint,getPosition,UTranslate,0
plantuml,WireDiagram,WireDiagram,PreprocessingArtifact,0
plantuml,CucaDiagramXmiMaker,CucaDiagramXmiMaker,CucaDiagram,0
plantuml,CucaDiagramXmiMaker,getModel,UmlDiagram,0
plantuml,CucaDiagramXmiMaker,createStateDiagram,CucaDiagram,0
plantuml,CucaDiagramXmiMaker,createDescriptionDiagram,CucaDiagram,0
plantuml,SequenceDiagramXmiMaker,SequenceDiagramXmiMaker,SequenceDiagram,0
plantuml,XmiClassDiagramAbstract,XmiClassDiagramAbstract,ClassDiagram,0
plantuml,XmiClassDiagramArgo,XmiClassDiagramArgo,ClassDiagram,0
plantuml,XmiClassDiagramArgo,addPackage,Entity,0
plantuml,XmiClassDiagramScript,XmiClassDiagramScript,ClassDiagram,0
plantuml,XmiClassDiagramScript,addPackage,Entity,0
plantuml,XmiClassDiagramScript,createDependency,Link,0
plantuml,XmiClassDiagramStandard,XmiClassDiagramStandard,ClassDiagram,0
plantuml,XmiClassDiagramStar,XmiClassDiagramStar,ClassDiagram,0
plantuml,XmiDescriptionDiagramAbstract,XmiDescriptionDiagramAbstract,DescriptionDiagram,0
plantuml,XmiDescriptionDiagramAbstract,addLink,Link,0
plantuml,XmiDescriptionDiagramScript,XmiDescriptionDiagramScript,DescriptionDiagram,0
plantuml,XmiDescriptionDiagramScript,createDependency,Link,0
plantuml,XmiDescriptionDiagramStandard,XmiDescriptionDiagramStandard,DescriptionDiagram,0
plantuml,XmiSequenceDiagram,XmiSequenceDiagram,SequenceDiagram,0
plantuml,XmiSequenceDiagramArgo,XmiSequenceDiagramArgo,SequenceDiagram,0
plantuml,XmiSequenceDiagramStandard,XmiSequenceDiagramStandard,SequenceDiagram,0
plantuml,XmiSequenceDiagramStandard,buildLifeEvent,LifeEvent,0
plantuml,XmiSequenceDiagramStandard,getReceiver,AbstractMessage,0
plantuml,XmiSequenceDiagramStandard,getLifeEventOccurrenceId,LifeEvent,0
plantuml,XmiSequenceDiagramStandard,buildMessage,AbstractMessage,0
plantuml,XmiSequenceDiagramStandard,buildGrouping,Grouping,0
plantuml,XmiStateDiagram,XmiStateDiagram,StateDiagram,0
plantuml,ScxmlStateDiagramStandard,ScxmlStateDiagramStandard,StateDiagram,0
plantuml,ScxmlStateDiagramStandard,createGroup,Entity,0
plantuml,StateDiagramScxmlMaker,StateDiagramScxmlMaker,StateDiagram,0
plantuml,StateDiagramScxmlMaker,createFiles,StateDiagram,0
plantuml,Highlighted,Highlighted,Stereotype,0
plantuml,Highlighted,getStereotype,Stereotype,0
plantuml,Monomorph,addInList,Monomorph,0
plantuml,MonomorphToJson,convert,Monomorph,0
plantuml,Deflate,deflatePart,Buffer,0
plantuml,Deflate,compress,Buffer,0
plantuml,ConversionOptions,setDropShadows,RenderingOptions,0
plantuml,CompositeDiagramShape,makeLine,TextGrid,0
plantuml,Diagram,Diagram,ConversionOptions,0
plantuml,DiagramComponent,makePointForCell,TextGrid,0
plantuml,DiagramShape,createArrowhead,TextGrid,0
plantuml,DiagramShape,createSmallLine,TextGrid,0
plantuml,DiagramShape,isPointLinesEnd,ShapePoint,0
plantuml,DiagramShape,contains,ShapePoint,0
plantuml,DiagramShape,getPossibleAnchorCell,Diagram,0
plantuml,DiagramShape,getDefinition,CustomShapeDefinition,0
plantuml,DiagramShape,setDefinition,CustomShapeDefinition,0
plantuml,FontMeasurer,instance,FontMeasurer,0
plantuml,ImageHandler,instance,ImageHandler,0
plantuml,AbstractionGrid,AbstractionGrid,CellSet,0
plantuml,AbstractionGrid,getCopyOfInternalBuffer,TextGrid,0
plantuml,AbstractionGrid,setInternalBuffer,TextGrid,0
plantuml,AbstractionGrid,getWidth,TextGrid,0
plantuml,AbstractionGrid,getHeight,TextGrid,0
plantuml,AbstractionGrid,fillCells,TextGrid,0
plantuml,CellSet,CellSet,CellSet,0
plantuml,CellSet,addAll,CellSet,0
plantuml,CellSet,addSet,CellSet,0
plantuml,TextGrid,TextGrid,TextGrid,0
plantuml,TextGrid,matchesAny,GridPatternGroup,0
plantuml,TextGrid,matchesAll,GridPatternGroup,0
plantuml,TextGrid,matches,GridPattern,0
plantuml,TextGrid,isLine,Cell,0
plantuml,TextGrid,isLinesEnd,Cell,0
plantuml,TextGrid,isVerticalLinesEnd,Cell,0
plantuml,TextGrid,isHorizontalLinesEnd,Cell,0
plantuml,TextGrid,exactlyOneNeighbourIsBoundary,Cell,0
plantuml,TextGrid,isStub,Cell,0
plantuml,TextGrid,isCrossOnLine,Cell,0
plantuml,TextGrid,isHorizontalCrossOnLine,Cell,0
plantuml,TextGrid,isVerticalCrossOnLine,Cell,0
plantuml,TextGrid,isStarOnLine,Cell,0
plantuml,TextGrid,isLoneDiagonal,Cell,0
plantuml,TextGrid,isHorizontalStarOnLine,Cell,0
plantuml,TextGrid,isVerticalStarOnLine,Cell,0
plantuml,TextGrid,isNorthArrowhead,Cell,0
plantuml,TextGrid,isEastArrowhead,Cell,0
plantuml,TextGrid,isWestArrowhead,Cell,0
plantuml,TextGrid,isBullet,Cell,0
plantuml,TextGrid,isStringsStart,Cell,0
plantuml,TextGrid,isStringsEnd,Cell,0
plantuml,TextGrid,followIntersection,Cell,0
plantuml,TextGrid,followLine,Cell,0
plantuml,TextGrid,followLine,Cell,0
plantuml,TextGrid,followCorner,Cell,0
plantuml,TextGrid,followCorner,Cell,0
plantuml,TextGrid,followCorner1,Cell,0
plantuml,TextGrid,followCorner2,Cell,0
plantuml,TextGrid,followCorner3,Cell,0
plantuml,TextGrid,followCorner4,Cell,0
plantuml,TextGrid,followStub,Cell,0
plantuml,TextGrid,followCell,Cell,0
plantuml,TextGrid,getCellTypeAsString,Cell,0
plantuml,TextGrid,isOutOfBounds,Cell,0
plantuml,TextGrid,isCorner1,Cell,0
plantuml,TextGrid,isCorner2,Cell,0
plantuml,TextGrid,isCorner3,Cell,0
plantuml,TextGrid,isCorner4,Cell,0
plantuml,TextGrid,isCross,Cell,0
plantuml,TextGrid,isK,Cell,0
plantuml,TextGrid,isInverseK,Cell,0
plantuml,TextGrid,isT,Cell,0
plantuml,TextGrid,isInverseT,Cell,0
plantuml,TextGrid,isNormalCorner,Cell,0
plantuml,TextGrid,isRoundCorner,Cell,0
plantuml,TextGrid,isIntersection,Cell,0
plantuml,TextGrid,fillContinuousArea,Cell,0
plantuml,CString,isSameThan,CString,0
plantuml,CString,getParent,ST_refstr_t,0
plantuml,CString,setParent,ST_refstr_t,0
plantuml,CString,isSame,CString,0
plantuml,JUtils,strcmp,CString,0
plantuml,JUtils,strncmp,CString,0
plantuml,JUtils,strstr,CString,0
plantuml,JUtils,atof,CString,0
plantuml,JUtils,memset,size_t,0
plantuml,JUtils,atoi,CString,0
plantuml,JUtils,getenv,CString,0
plantuml,JUtils,EQ_ARRAY,CArrayOfStar,0
plantuml,JUtils,EQ_CSTRING,CString,0
plantuml,JUtils,qsort,CArrayOfStar,0
plantuml,JUtils,qsortInt,Globals,0
plantuml,JUtils,setjmp,jmp_buf,0
plantuml,Macro,AGIN2OUT,ST_Agedge_s,0
plantuml,Macro,AGOUT2IN,ST_Agedge_s,0
plantuml,Macro,TREE_EDGE,ST_Agedge_s,0
plantuml,Macro,GD_ht1,ST_Agraph_s,0
plantuml,Macro,GD_flip,ST_Agraph_s,0
plantuml,Macro,GD_realflip,ST_Agraph_s,0
plantuml,Macro,GD_ln,ST_Agraph_s,0
plantuml,Macro,GD_minrank,ST_Agraph_s,0
plantuml,Macro,GD_minset,ST_Agraph_s,0
plantuml,Macro,GD_nodesep,ST_Agraph_s,0
plantuml,Macro,ND_ht,ST_Agnode_s,0
plantuml,Macro,ND_inleaf,ST_Agnode_s,0
plantuml,Macro,ND_low,ST_Agnode_s,0
plantuml,Macro,ND_lw,ST_Agnode_s,0
plantuml,Macro,ND_node_type,ST_Agnode_s,0
plantuml,Macro,ND_ranktype,ST_Agnode_s,0
plantuml,Macro,ED_cutvalue,ST_Agedge_s,0
plantuml,Macro,ED_head_label,ST_Agedge_s,0
plantuml,Macro,ED_tail_label,ST_Agedge_s,0
plantuml,Macro,ED_tail_port,ST_Agedge_s,0
plantuml,Macro,free_list,ST_elist,0
plantuml,Macro,UNFLATTEN,ST_dt_s,0
plantuml,Macro,flatindex,ST_Agnode_s,0
plantuml,Macro,ND_subtree,ST_Agnode_s,0
plantuml,Macro,ND_subtree_set,ST_subtree_t,0
plantuml,SmetanaDebugSlow,purify,Purify,0
plantuml,ChecksumException,getChecksumInstance,ChecksumException,0
plantuml,FormatException,getFormatInstance,FormatException,0
plantuml,NotFoundException,getNotFoundInstance,NotFoundException,0
plantuml,DecoderResult,DecoderResult,ErrorCorrectionLevel,0
plantuml,DecoderResult,getECLevel,ErrorCorrectionLevel,0
plantuml,DetectorResult,DetectorResult,BitMatrix,0
plantuml,DetectorResult,getBits,BitMatrix,0
plantuml,GF256,getZero,GF256Poly,0
plantuml,GF256,getOne,GF256Poly,0
plantuml,GF256,buildMonomial,GF256Poly,0
plantuml,GF256Poly,GF256Poly,GF256,0
plantuml,ReedSolomonEncoder,ReedSolomonEncoder,GF256,0
plantuml,ReedSolomonEncoder,buildGenerator,GF256,0
plantuml,BitMatrixParser,readVersion,Version,0
plantuml,QRCodeWriter,encode,BarcodeFormat,0
plantuml,BitMatrixParser,BitMatrixParser,BitMatrix,0
plantuml,FormatInformation,getErrorCorrectionLevel,ErrorCorrectionLevel,0
plantuml,FormatInformation,hashCode,ErrorCorrectionLevel,0
plantuml,Mode,forBits,Mode,0
plantuml,Version,getECBlocksForLevel,ErrorCorrectionLevel,0
plantuml,Encoder,appendBytes,BitArray,0
plantuml,MatrixUtil,clearMatrix,ByteMatrix,0
plantuml,QRCode,getMode,Mode,0
plantuml,QRCode,getECLevel,ErrorCorrectionLevel,0
plantuml,QRCode,getMatrix,ByteMatrix,0
plantuml,QRCode,setMode,Mode,0
plantuml,QRCode,setECLevel,ErrorCorrectionLevel,0
plantuml,QRCode,setMatrix,ByteMatrix,0
groot,Attributes,copy,Attributes,0
groot,Attributes,copyValues,Attributes,0
groot,AxisAttributes,getAxisDimension,Dimension1D,0
groot,AxisAttributes,getCan,EmbeddedCanvas,0
groot,AxisAttributes,setCan,EmbeddedCanvas,0
groot,AxisAttributes,clone,Dimension1D,0
groot,AxisAttributes,setAxisMinimum,Dimension1D,0
groot,AxisAttributes,setAxisMaximum,Dimension1D,0
groot,AxisAttributes,setCanvas,EmbeddedCanvas,0
groot,AxisAttributes,updateCanvas,EmbeddedCanvas,0
groot,AxisAttributes,setAttributes,AxisAttributes,0
groot,AxisAttributes,getTitle,LatexText,0
groot,AxisAttributes,getTitleFont,FontProperties,0
groot,AxisAttributes,getLabelFont,FontProperties,0
groot,AxisAttributes,setLog,Dimension1D,0
groot,AxisAttributes,getRange,Dimension1D,0
groot,DatasetAttributes,setAttributes,DatasetAttributes,0
groot,GStyle,setPalette,TColorPalette,0
groot,GStyle,getPalette,TColorPalette,0
groot,GStyle,getAxisAttributesZ,AxisAttributes,0
groot,GStyle,setAxisAttributesZ,AxisAttributes,0
groot,GStyle,getAxisAttributesX,AxisAttributes,0
groot,GStyle,setAxisAttributesX,AxisAttributes,0
groot,GStyle,getAxisAttributesY,AxisAttributes,0
groot,GStyle,setAxisAttributesY,AxisAttributes,0
groot,GStyle,setH1FAttributes,DatasetAttributes,0
groot,GStyle,setH2FAttributes,DatasetAttributes,0
groot,GStyle,setGraphErrorsAttributes,DatasetAttributes,0
groot,GStyle,setFunctionAttributes,DatasetAttributes,0
groot,GStyle,getH1FAttributes,DatasetAttributes,0
groot,GStyle,getH2FAttributes,DatasetAttributes,0
groot,GStyle,getGraphErrorsAttributes,DatasetAttributes,0
groot,GStyle,getFunctionAttributes,DatasetAttributes,0
groot,GStyle,setBackgroundColor,TColorPalette,0
groot,GraphicsTests,drawAxis,GraphicsAxis,0
groot,PadAttributes,getStatBoxFont,FontProperties,0
groot,PadAttributes,setStatBoxFont,FontProperties,0
groot,PadAttributes,getPadMargins,PadMargins,0
groot,PadAttributes,setPadMargins,PadMargins,0
groot,PadAttributes,getTitleFont,FontProperties,0
groot,PadAttributes,setTitleFont,FontProperties,0
groot,PadAttributes,setTitleFontName,FontProperties,0
groot,PadAttributes,getTitleFontSize,FontProperties,0
groot,PadAttributes,getTitleFontName,FontProperties,0
groot,PadAttributes,setTitleFontSize,FontProperties,1
groot,PadAttributes,setPalette,TColorPalette,0
groot,PadAttributes,setPalette,TColorPalette,0
groot,PadAttributes,setPalette,TColorPalette,0
groot,PadAttributes,getPalette,TColorPalette,0
groot,PadMargins,copy,PadMargins,0
groot,PadMargins,marginFit,PadMargins,0
groot,TColorPalette,TColorPalette,TColorPalette,0
groot,TStyle,getStyle,Attributes,0
groot,BarGraph,getAttributes,DatasetAttributes,0
groot,DataSetSerializer,serializeH1F,H1F,1
groot,DataSetSerializer,serializeH2F,H2F,1
groot,DataSetSerializer,serializeF1D,Func1D,1
groot,DataSetSerializer,serializeGraphErrors,GraphErrors,1
groot,DataSetSerializer,serializeDataGroupDescriptor,DataGroupDescriptor,0
groot,DataSetSerializer,serializeAttributes,DatasetAttributes,0
groot,DataSetSerializer,serializeDataAttributes,DatasetAttributes,0
groot,DataSetSerializer,copyAttributes,DatasetAttributes,0
groot,DataSetSerializer4,serializeH1F,H1F,1
groot,DataSetSerializer4,serializeH2F,H2F,1
groot,DataSetSerializer4,serializeF1D,Func1D,1
groot,DataSetSerializer4,serializeGraphErrors,GraphErrors,0
groot,DataSetSerializer4,serializeAttributes,DatasetAttributes,0
groot,DataSetSerializer4,serializeDataAttributes,DatasetAttributes,0
groot,DataSetSerializer4,copyAttributes,DatasetAttributes,0
groot,DataVector,addDataVector,DataVector,0
groot,DataVector,copy,DataVector,0
groot,DataVector,getMean,DataVector,0
groot,Directory,Directory,Directory,0
groot,Directory,mkdir_s,Directory,0
groot,Directory,mkdir,Directory,0
groot,Directory,cd,Directory,0
groot,Directory,cd,Directory,0
groot,Directory,getParent,Directory,0
groot,Directory,getDirectoryPath,Directory,0
groot,Directory,getDirectoryList,Directory,0
groot,Directory,clear,Directory,0
groot,Directory,getObject,Directory,0
groot,Directory,getDir,Directory,0
groot,Directory,getCompositeObjectList,Directory,0
groot,Directory,exists,Directory,0
groot,GraphErrors,GraphErrors,DataVector,0
groot,GraphErrors,GraphErrors,DataVector,0
groot,GraphErrors,GraphErrors,DataVector,0
groot,GraphErrors,createGraph,H1F,1
groot,GraphErrors,createGraph,H1F,1
groot,GraphErrors,initAttributes,DatasetAttributes,0
groot,GraphErrors,getFunction,Func1D,0
groot,GraphErrors,setFunction,Func1D,1
groot,GraphErrors,addPoint,DataVector,0
groot,GraphErrors,setPoint,DataVector,0
groot,GraphErrors,shiftX,DataVector,0
groot,GraphErrors,setError,DataVector,0
groot,GraphErrors,getDataSize,DataVector,0
groot,GraphErrors,getAttributes,DatasetAttributes,0
groot,GraphErrors,getDataX,DataVector,0
groot,GraphErrors,getDataY,DataVector,0
groot,GraphErrors,getDataEX,DataVector,0
groot,GraphErrors,getDataEY,DataVector,0
groot,GraphErrors,getVectorX,DataVector,0
groot,GraphErrors,getVectorY,DataVector,0
groot,GraphErrors,getVectorEX,DataVector,0
groot,GraphErrors,getVectorEY,DataVector,0
groot,GraphErrors,setMarkerSize,DatasetAttributes,0
groot,GraphErrors,getMarkerSize,DatasetAttributes,0
groot,GraphErrors,setMarkerStyle,DatasetAttributes,0
groot,GraphErrors,getMarkerStyle,DatasetAttributes,0
groot,GraphErrors,getMarkerColor,DatasetAttributes,0
groot,GraphErrors,setMarkerColor,DatasetAttributes,0
groot,GraphErrors,setLineColor,DatasetAttributes,0
groot,GraphErrors,getLineColor,DatasetAttributes,0
groot,GraphErrors,setLineThickness,DatasetAttributes,0
groot,GraphErrors,getLineThickness,DatasetAttributes,0
groot,GraphErrors,getTitle,DatasetAttributes,0
groot,GraphErrors,getTitleX,DatasetAttributes,0
groot,GraphErrors,getTitleY,DatasetAttributes,0
groot,GraphErrors,fit,Func1D,0
groot,GraphErrors,fit,Func1D,0
groot,GraphErrors,setTitleX,DatasetAttributes,0
groot,GraphErrors,setTitleY,DatasetAttributes,0
groot,GraphErrors,copy,DataVector,0
groot,GraphErrors,divide,DataVector,0
groot,GraphErrors,divide,GraphErrors,0
groot,GraphErrors,statErrors,DataVector,0
groot,GraphErrors,reset,DataVector,0
groot,GraphErrors,getMin,DataVector,0
groot,GraphErrors,getMax,DataVector,0
groot,GraphErrors,show,DataVector,0
groot,H1F,initAttributes,DatasetAttributes,0
groot,H1F,setTitle,DatasetAttributes,0
groot,H1F,setTitleX,DatasetAttributes,0
groot,H1F,setTitleY,DatasetAttributes,0
groot,H1F,create,DataVector,1
groot,H1F,create,DataVector,1
groot,H1F,create,DataVector,1
groot,H1F,getTitle,DatasetAttributes,0
groot,H1F,getTitleX,DatasetAttributes,0
groot,H1F,getTitleY,DatasetAttributes,0
groot,H1F,set,Axis,1
groot,H1F,fill,Axis,0
groot,H1F,fill,Axis,0
groot,H1F,fit,Func1D,0
groot,H1F,fit,Func1D,0
groot,H1F,modify,Axis,0
groot,H1F,fill,DataVector,0
groot,H1F,fill,DataVector,0
groot,H1F,add,H1F,0
groot,H1F,divide,H1F,1
groot,H1F,add,H1F,1
groot,H1F,add,H1F,1
groot,H1F,sub,H1F,1
groot,H1F,sub,H1F,0
groot,H1F,normalized,H1F,1
groot,H1F,divide,H1F,1
groot,H1F,histClone,Axis,0
groot,H1F,getxAxis,Axis,0
groot,H1F,getyAxis,Axis,0
groot,H1F,getAxis,Axis,0
groot,H1F,toString,Axis,0
groot,H1F,fixBinWidths,Axis,0
groot,H1F,getDataSize,Axis,0
groot,H1F,getAttributes,DatasetAttributes,0
groot,H1F,getDataX,Axis,0
groot,H1F,getDataEX,Axis,0
groot,H1F,setFillColor,DatasetAttributes,0
groot,H1F,getFillColor,DatasetAttributes,0
groot,H1F,setLineColor,DatasetAttributes,0
groot,H1F,getLineColor,DatasetAttributes,0
groot,H1F,setLineWidth,DatasetAttributes,0
groot,H1F,getLineWidth,DatasetAttributes,0
groot,H1F,setFunction,Func1D,0
groot,H1F,getFunction,Func1D,0
groot,H1F,getStatBox,Func1D,0
groot,H1F,setOptStat,DatasetAttributes,0
groot,H1F,setOptStat,DatasetAttributes,0
groot,H1F,save,Axis,0
groot,H1F,getAsym,H1F,1
groot,H1F,getAsym,H1F,0
groot,H2F,initAttributes,DatasetAttributes,0
groot,H2F,set,MultiIndex,0
groot,H2F,getXAxis,Axis,0
groot,H2F,getYAxis,Axis,0
groot,H2F,getBinContent,MultiIndex,0
groot,H2F,modify,Axis,0
groot,H2F,create,DataVector,1
groot,H2F,setTitleX,DatasetAttributes,0
groot,H2F,setTitleY,DatasetAttributes,0
groot,H2F,getTitle,DatasetAttributes,0
groot,H2F,getTitleX,DatasetAttributes,0
groot,H2F,getTitleY,DatasetAttributes,0
groot,H2F,setTitle,DatasetAttributes,0
groot,H2F,setBinContent,MultiIndex,0
groot,H2F,fill,DataVector,0
groot,H2F,fill,DataVector,0
groot,H2F,add,H2F,0
groot,H2F,divide,H2F,1
groot,H2F,divide,H2F,0
groot,H2F,findBin,MultiIndex,0
groot,H2F,getContentBuffer,Axis,0
groot,H2F,getErrorBuffer,Axis,0
groot,H2F,getRegion,Axis,0
groot,H2F,histClone,Axis,0
groot,H2F,rebinX,Axis,0
groot,H2F,rebinY,Axis,0
groot,H2F,projectionX,Axis,0
groot,H2F,projectionY,Axis,0
groot,H2F,sliceX,Axis,0
groot,H2F,sliceX,Axis,0
groot,H2F,sliceY,Axis,0
groot,H2F,getDataSize,Axis,0
groot,H2F,getAttributes,DatasetAttributes,0
groot,H2F,getDataX,Axis,0
groot,H2F,getDataY,Axis,0
groot,H2F,getDataEX,Axis,0
groot,H2F,getDataEY,Axis,0
groot,H2F,getH1F,H2F,1
groot,H2F,save,Axis,0
groot,H3F,initData,MultiIndex,0
groot,H3F,initData,MultiIndex,0
groot,H3F,findBin,MultiIndex,0
groot,H3F,getXAxis,Axis,0
groot,H3F,getYAxis,Axis,0
groot,H3F,getZAxis,Axis,0
groot,H3F,setBinContent,MultiIndex,0
groot,H3F,getBinContent,MultiIndex,0
groot,H3F,export,Axis,0
groot,H3F,getH1F,H3F,0
groot,H3F,sliceZ,Axis,0
groot,DataFitter,fit,Func1D,0
groot,DataFitter2D,fit,Func2D,0
groot,FitterFunction,FitterFunction,Func1D,0
groot,FitterFunction,FitterFunction,Func1D,0
groot,FitterFunction,getFunction,Func1D,0
groot,FitterFunction,valueOf,Func1D,0
groot,FitterFunction,getChi2,Func1D,0
groot,FitterFunction2D,FitterFunction2D,Func2D,0
groot,FitterFunction2D,getFunction,Func2D,0
groot,FitterFunction2D,valueOf,Func2D,0
groot,FitterFunction2D,getChi2,Func2D,0
groot,ParallelSliceFitter,getHistogram,H2F,0
groot,ParallelSliceFitter,setHistogram,H2F,0
groot,ParallelSliceFitter,ParallelSliceFitter,H2F,0
groot,ParallelSliceFitter,fitSlicesY,H2F,0
groot,ParallelSliceFitter,fitSlicesX,H2F,0
groot,ParallelSliceFitter,getInspectFitsPane,Axis,0
groot,ParallelSliceFitter,fit,Axis,0
groot,DataLinePlotter,draw,GraphicsAxisFrame,0
groot,EmbeddedCanvas,EmbeddedCanvas,EmbeddedPad,0
groot,EmbeddedCanvas,draw,DataLine,0
groot,EmbeddedCanvas,draw,LatexText,0
groot,EmbeddedCanvas,draw,DataGroup,0
groot,EmbeddedCanvasGroup,updateCanvas,EmbeddedCanvas,0
groot,EmbeddedCanvasGroup,previousPage,EmbeddedCanvas,0
groot,EmbeddedPad,setDimension,Dimension2D,0
groot,EmbeddedPad,addText,PaveText,0
groot,EmbeddedPad,addLatex,LatexText,0
groot,EmbeddedPad,clear,GraphicsAxisFrame,0
groot,EmbeddedPad,setMargins,PadAttributes,0
groot,EmbeddedPad,getAxisFrame,GraphicsAxisFrame,0
groot,EmbeddedPad,draw,PaveText,0
groot,EmbeddedPad,setLegend,PaveText,0
groot,EmbeddedPad,getAxisX,GraphicsAxisFrame,0
groot,EmbeddedPad,getAxisY,GraphicsAxisFrame,0
groot,EmbeddedPad,setStatBoxFont,PadAttributes,0
groot,EmbeddedPad,setStatBoxFontSize,PadAttributes,0
groot,EmbeddedPad,getWidth,Dimension2D,0
groot,EmbeddedPad,getHeight,Dimension2D,0
groot,EmbeddedPad,draw,DataLine,0
groot,EmbeddedPad,draw,PadAttributes,0
groot,EmbeddedPad,getCopy,PadAttributes,0
groot,EmbeddedPad,getStatBoxFontName,PadAttributes,0
groot,EmbeddedPad,getAxisZ,GraphicsAxisFrame,0
groot,EmbeddedPad,getTitle,PadAttributes,0
groot,EmbeddedPad,getTitleOffset,PadAttributes,0
groot,EmbeddedPad,setTitleOffset,PadAttributes,0
groot,EmbeddedPad,setTitleFont,PadAttributes,0
groot,EmbeddedPad,getTitle,PadAttributes,0
groot,EmbeddedPad,getTitleFontSize,PadAttributes,0
groot,EmbeddedPad,getTitleFont,PadAttributes,0
groot,EmbeddedPad,setTitleFontSize,PadAttributes,0
groot,EmbeddedPad,getTitleFont,PadAttributes,0
groot,EmbeddedPad,setFontNameAll,PadAttributes,0
groot,EmbeddedPad,getStatBoxFontSize,PadAttributes,0
groot,EmbeddedPad,setTitle,PadAttributes,0
groot,EmbeddedPad,setPalette,PadAttributes,0
groot,EmbeddedPad,setPalette,PadAttributes,0
groot,EmbeddedPad,setPalette,PadAttributes,0
groot,FunctionPlotter,draw,GraphicsAxisFrame,1
groot,FunctionPlotter,getDataRegion,Dimension3D,1
groot,GraphErrorsPlotter,draw,GraphicsAxisFrame,0
groot,GraphErrorsPlotter,getDataRegion,Dimension3D,0
groot,GraphicsAxis,initAttributes,AxisAttributes,0
groot,GraphicsAxis,setTitle,AxisAttributes,0
groot,GraphicsAxis,setAxisFont,AxisAttributes,0
groot,GraphicsAxis,setAxisFontSize,AxisAttributes,0
groot,GraphicsAxis,getAxisBounds,AxisAttributes,0
groot,GraphicsAxis,drawAxis,AxisAttributes,0
groot,GraphicsAxis,drawColorAxis,AxisAttributes,0
groot,GraphicsAxis,updateAxisDivisions,AxisAttributes,0
groot,GraphicsAxis,main,AxisAttributes,0
groot,GraphicsAxis,isAutoScale,AxisAttributes,0
groot,GraphicsAxis,setAutoScale,AxisAttributes,0
groot,GraphicsAxis,getAttributes,AxisAttributes,0
groot,GraphicsAxis,setAttributes,AxisAttributes,0
groot,GraphicsAxis,getGrid,AxisAttributes,0
groot,GraphicsAxis,setGrid,AxisAttributes,0
groot,GraphicsAxis,getTitle,AxisAttributes,0
groot,GraphicsAxis,getTitleFontSize,AxisAttributes,0
groot,GraphicsAxis,getLabelFontSize,AxisAttributes,0
groot,GraphicsAxis,getMin,AxisAttributes,0
groot,GraphicsAxis,getMax,AxisAttributes,0
groot,GraphicsAxis,setShowAxis,AxisAttributes,0
groot,GraphicsAxis,isShowAxis,AxisAttributes,0
groot,GraphicsAxis,setPalette,TColorPalette,0
groot,GraphicsAxisFrame,getFrameDimensions,Dimension2D,0
groot,GraphicsAxisFrame,setFrameDimensions,Dimension2D,0
groot,GraphicsAxisFrame,updateMargins,PadMargins,0
groot,GraphicsAxisFrame,getFrameMargins,PadMargins,0
groot,GraphicsAxisFrame,setAxisMargins,Dimension2D,0
groot,GraphicsAxisFrame,drawAxis,Dimension2D,0
groot,GraphicsAxisTests,paint,GraphicsAxis,0
groot,Histogram2DPlotter,draw,TColorPalette,0
groot,Histogram2DPlotter,getDataRegion,Dimension3D,0
groot,Histogram2DPlotter,setPalette,TColorPalette,0
groot,HistogramPlotter,draw,GraphicsAxisFrame,0
groot,HistogramPlotter,getDataRegion,Dimension3D,0
groot,DataIO,csvH1,H1F,0
groot,Dimension1D,copy,Dimension1D,0
groot,Dimension1D,convert,Dimension1D,0
groot,Dimension2D,combine,Dimension2D,1
groot,Dimension2D,copy,Dimension2D,1
groot,Dimension2D,grow,Dimension2D,1
groot,Dimension3D,grow,Dimension3D,1
groot,Dimension3D,copy,Dimension3D,1
groot,Dimension3D,combine,Dimension3D,1
groot,Func1D,initAttributes,DatasetAttributes,0
groot,Func1D,setRange,Dimension1D,0
groot,Func1D,addParameter,UserParameters,1
groot,Func1D,addParameter,UserParameters,0
groot,Func1D,setParameters,UserParameters,0
groot,Func1D,setParameter,UserParameters,1
groot,Func1D,parameter,UserParameters,1
groot,Func1D,getNPars,UserParameters,0
groot,Func1D,setParLimits,UserParameters,0
groot,Func1D,getParameter,UserParameters,0
groot,Func1D,getRange,Dimension1D,0
groot,Func1D,getMin,Dimension1D,0
groot,Func1D,getMax,Dimension1D,0
groot,Func1D,show,UserParameters,0
groot,Func1D,getAttributes,DatasetAttributes,0
groot,Func1D,getDataX,Dimension1D,0
groot,Func1D,toString,UserParameters,0
groot,Func1D,getLineColor,DatasetAttributes,0
groot,Func1D,getLineWidth,DatasetAttributes,0
groot,Func1D,getLineStyle,DatasetAttributes,0
groot,Func1D,setLineColor,DatasetAttributes,0
groot,Func1D,setLineWidth,DatasetAttributes,0
groot,Func1D,setLineStyle,DatasetAttributes,0
groot,Func2D,setNParams,UserParameters,0
groot,Func2D,parameter,UserParameters,0
groot,Func2D,inRange,Dimension1D,0
groot,Func2D,getNPars,UserParameters,0
groot,Func2D,setParameters,UserParameters,0
groot,FunctionFactory,registerFunction,Func1D,0
groot,RandomFunc,RandomFunc,Func1D,0
groot,RandomFunc,RandomFunc,Func1D,0
groot,RandomFunc,cumulative,GraphErrors,1
groot,RandomFunc,cummulativeHist,H1F,0
groot,RandomFunc,getGraph,GraphErrors,0
groot,RandomFunc,random,GraphErrors,0
groot,RandomFunc,randomh,H1F,0
groot,StatNumber,add,StatNumber,1
groot,StatNumber,divide,StatNumber,1
groot,StatNumber,multiply,StatNumber,1
groot,StatNumber,subtract,StatNumber,1
groot,UserParameters,getCopy,UserParameters,1
groot,GridOperations,divideGrid,SparseVectorGrid,0
groot,GridStudio,openFile,SparseIndexPane,0
groot,GridStudio,initUI,SparseIndexPane,0
groot,GridStudio,actionPerformed,EmbeddedCanvasTabbed,0
groot,SparseGridBuilder,axis,Axis,0
groot,SparseGridIO,exportHipo,SparseVectorGrid,0
groot,SparseIndex,isCompatible,SparseIndex,0
groot,SparseVectorGrid,addBin,SparseIndex,0
groot,SparseVectorGrid,addBin,SparseIndex,0
groot,SparseVectorGrid,getBin,SparseIndex,0
groot,SparseVectorGrid,getBinVector,SparseIndex,0
groot,SparseVectorGrid,addBinContent,SparseIndex,0
groot,SparseVectorGrid,setBinContent,SparseIndex,0
groot,SparseVectorGrid,getIndexer,SparseIndex,0
groot,SparseVectorGrid,slice,SparseIndex,0
groot,SparseVectorGrid,projection,SparseIndex,0
groot,DataStudio,getInstance,DataStudio,0
groot,DataStudioFrame,setCanvas,TCanvas,0
groot,DataStudioFrame,initViewer,TCanvas,0
groot,StudioUI,initUI,EmbeddedCanvasTabbed,0
groot,StudioUI,initMenu,StudioToolBar,0
groot,StudioUI,datasetOperationDialog,EmbeddedCanvasTabbed,0
groot,StudioUI,processPlay,TreeAnalyzer,0
groot,StudioUI,editCut,TreeCut,1
groot,StudioUI,addDescriptor,TreeAnalyzer,0
groot,StudioUI,editDescriptor,TreeAnalyzer,0
groot,StudioUI,mouseClicked,EmbeddedCanvasTabbed,0
groot,StudioUI,actionPerformed,StudioToolBar,0
groot,AbstractDescriptor,processTreeEvent,Tree,0
groot,AbstractDescriptor,edit,Tree,0
groot,DatasetDescriptor,addCut,TreeCut,0
groot,DatasetDescriptor,processTreeEvent,Tree,0
groot,DatasetDescriptor,edit,Tree,0
groot,Tree,addBranch,Branch,0
groot,Tree,getSelector,TreeSelector,0
groot,TreeAnalyzer,getTree,DynamicTree,0
groot,TreeAnalyzer,setTree,DynamicTree,0
groot,TreeAnalyzer,addDescriptor,DynamicTree,0
groot,TreeAnalyzer,process,DynamicTree,0
groot,TreeAnalyzer,process,DynamicTree,0
groot,TreeAnalyzer,updateDescriptor,DatasetDescriptor,0
groot,TreeSelector,getTree,DynamicTree,0
groot,TreeSelector,setTree,DynamicTree,0
groot,TreeSelector,addCut,DynamicTree,0
groot,TreeSelector,addCut,DynamicTree,0
groot,TreeSelector,isValid,DynamicTree,0
groot,TreeSelector,getCuts,DynamicTree,0
groot,CutPanel,CutPanel,Tree,0
groot,CutPanel,CutPanel,TreeCut,0
groot,CutPanel,init,TreeSelector,0
groot,CutPanel,validateExpression,Tree,0
groot,DescriptorPanel,DescriptorPanel,DatasetDescriptor,0
groot,DescriptorPanel,DescriptorPanel,TreeAnalyzer,0
groot,DescriptorPanel,DescriptorPanel,TreeAnalyzer,0
groot,DescriptorPanel,init,DatasetDescriptor,0
groot,DescriptorPanel,initHistogramOptions,Tree,0
groot,DescriptorPanel,validateExpression,Tree,0
groot,DescriptorPanel,drawPreviewHistogram,EmbeddedCanvas,0
groot,FitPanel,FitPanel,EmbeddedCanvas,0
groot,FitPanel,initFitSettings,ParameterPanel,0
groot,FitPanel,initFitFunction,Func1D,0
groot,FitPanel,initRangeSelector,EmbeddedCanvas,0
groot,GraphicsAxis,setDimension,Dimension1D,0
groot,GraphicsAxis,getDimension,Dimension1D,0
groot,GraphicsAxis,setLog,Dimension1D,0
groot,GraphicsAxis,setRange,GraphicsAxisLabels,0
groot,GraphicsAxis,getRange,Dimension1D,0
groot,GraphicsAxis,getAxisPosition,Dimension1D,0
groot,GraphicsAxis,getTitleFont,FontProperties,0
groot,GraphicsAxis,getLabelFont,FontProperties,0
groot,GraphicsAxis,getSize,GraphicsAxisLabels,0
groot,GraphicsAxis,setAxisDivisions,GraphicsAxisLabels,0
groot,GraphicsAxis,getAxisTicks,GraphicsAxisLabels,0
groot,GraphicsAxis,getAxisMinorTicksLog,GraphicsAxisLabels,0
groot,GraphicsAxis,getAxisMinorTicksLinear,GraphicsAxisLabels,0
groot,GraphicsAxis,getLabelFraction,Dimension1D,0
groot,GraphicsAxis,getAxisLabels,GraphicsAxisLabels,0
groot,GraphicsAxis,toString,GraphicsAxisLabels,0
groot,GraphicsAxisFrame,getAttributes,Attributes,0
groot,GraphicsAxisFrame,initAttributes,Attributes,0
groot,GraphicsAxisFrame,getPointY,Dimension2D,0
groot,GraphicsAxisFrame,getDimension,Dimension2D,0
groot,GraphicsAxisFrame,draw,ColorPalette,0
groot,GraphicsAxisFrame,update,PadMargins,0
groot,OptionsPanel,OptionsPanel,EmbeddedCanvas,0
groot,OptionsPanel,initAxisOptions,EmbeddedCanvas,0
groot,OptionsPanel,initFrameOptions,EmbeddedCanvas,0
groot,OptionsPanel,initAxes,EmbeddedCanvas,0
groot,OptionsPanel,initDatasets,EmbeddedCanvas,0
groot,ParameterPanel,ParameterPanel,Func1D,0
groot,ParameterPanel,initParameterPanel,Func1D,0
groot,ParameterPanel,updateFitFunction,EmbeddedCanvas,0
groot,ParameterPanel,updateNewFunction,Func1D,0
groot,PaveText,addText,FontProperties,0
groot,PaveText,drawPave,FontProperties,0
groot,PaveText,setPosition,Dimension2D,0
groot,PaveText,getBounds,Dimension2D,0
groot,PaveText,updateDimensions,Dimension2D,0
groot,PaveText,setFont,FontProperties,0
groot,PaveText,setFontSize,FontProperties,0
groot,PaveText,copy,PaveText,0
groot,RangeSliderUI,RangeSliderUI,RangeSlider,0
groot,TBrowser,TBrowser,TDirectory,0
groot,TBrowser,setDirectory,TDirectory,0
groot,TBrowser,initUI,EmbeddedCanvasTabbed,0
groot,TBrowser,doMouseClicked,EmbeddedCanvasTabbed,0
groot,TCanvas,getCanvas,EmbeddedCanvas,0
groot,TCanvas,getPad,EmbeddedCanvas,0
groot,TCanvas,divide,EmbeddedCanvas,0
groot,TCanvas,cd,EmbeddedCanvas,0
groot,TCanvas,draw,EmbeddedCanvas,0
groot,TCanvas,draw,H1FC,1
groot,TCanvas,draw,EmbeddedCanvas,0
groot,TCanvas,draw,EmbeddedCanvas,0
groot,TCanvas,draw,EmbeddedCanvas,0
groot,TCanvas,save,EmbeddedCanvas,0
groot,TGCanvas,getCanvas,EmbeddedCanvasTabbed,0
groot,TGCanvas,getPad,EmbeddedCanvasTabbed,0
groot,TGCanvas,divide,EmbeddedCanvasTabbed,0
groot,TGCanvas,cd,EmbeddedCanvasTabbed,0
groot,TGCanvas,draw,EmbeddedCanvasTabbed,0
groot,TGCanvas,draw,EmbeddedCanvasTabbed,0
groot,TGCanvas,draw,EmbeddedCanvasTabbed,0
groot,TGCanvas,save,EmbeddedCanvasTabbed,0
groot,TGCanvas,addCanvas,EmbeddedCanvasTabbed,0
groot,TGCanvas,setCanvas,EmbeddedCanvasTabbed,0
groot,TransferableImage,setPad,EmbeddedPad,0
groot,TransferableImage,getTransferData,EmbeddedPad,0
groot,TreeEditor,TreeEditor,Tree,0
groot,TreeEditor,init,Tree,0
groot,TreeEditor,main,Tree,1
groot,AxisNode2D,getAxisFont,LatexText,0
groot,AxisNode2D,setAxisFont,LatexText,0
groot,AxisNode2D,getAxisTitleFont,LatexText,0
groot,AxisNode2D,setAxisTitleFont,LatexText,0
groot,AxisNode2D,setAxisFont,LatexText,0
groot,AxisNode2D,setAxisTitleFont,LatexText,0
groot,AxisNode2D,setAxisRegion,NiceScale,0
groot,AxisNode2D,setAxisRegion,NiceScale,0
groot,AxisNode2D,drawLayer,LatexText,0
groot,BarGraphNode2D,BarGraphNode2D,BarGraph,0
groot,BarGraphNode2D,getDataSet,BarGraph,0
groot,BarGraphNode2D,getDataBounds,BarGraph,0
groot,BarGraphNode2D,drawLayer,BarGraph,0
groot,DataCanvas,addLegend,Legend,0
groot,DataRegion,getGraphicsAxis,GraphicsAxis,0
groot,DataRegion,setAxisFont,GraphicsAxis,0
groot,FunctionNode1D,FunctionNode1D,F1D,0
groot,FunctionNode1D,FunctionNode1D,F1D,0
groot,FunctionNode1D,getDataBounds,F1D,0
groot,FunctionNode1D,getDataSet,F1D,0
groot,FunctionNode1D,drawLayer,F1D,0
groot,GraphNode2D,GraphNode2D,GraphErrors,0
groot,GraphNode2D,GraphNode2D,GraphErrors,0
groot,GraphNode2D,getDataBounds,GraphErrors,0
groot,GraphNode2D,getDataSet,GraphErrors,0
groot,GraphNode2D,drawShadow,GraphErrors,0
groot,GraphNode2D,drawLine,GraphErrors,0
groot,GraphNode2D,drawLayer,GraphErrors,0
groot,GraphicsAxis,getAxisX,AxisNode2D,0
groot,GraphicsAxis,getAxisY,AxisNode2D,0
groot,GraphicsAxis,setAxisTicks,AxisNode2D,0
groot,GraphicsAxis,setAxisTitleOffset,AxisNode2D,0
groot,GraphicsAxis,drawLayer,AxisNode2D,0
groot,GraphicsAxis,addDataNode,AxisNode2D,0
groot,GraphicsDebug,canvasDebug,DataCanvas,1
groot,GraphicsDebug,getCanvas,DataCanvas,0
groot,GraphicsDebug,save,DataCanvas,1
groot,Groot4Demo,demo5,DataCanvas,1
groot,Groot4Demo,demo6,DataCanvas,1
groot,HistogramNode1D,HistogramNode1D,H1F,0
groot,HistogramNode1D,HistogramNode1D,H1F,0
groot,HistogramNode1D,getDataBounds,H1F,0
groot,HistogramNode1D,getDataSet,H1F,0
groot,HistogramNode1D,drawLayer,H1F,0
groot,HistogramNode2D,HistogramNode2D,H2F,0
groot,HistogramNode2D,getDataBounds,H2F,0
groot,HistogramNode2D,getDataSet,H2F,0
groot,HistogramNode2D,drawLayer,H2F,0
groot,LegendNode2D,add,GraphErrors,1
groot,PaveText,setFont,LatexText,1
groot,PaveText,drawLayerMultiLine,LatexText,1
groot,PaveText,drawLayerOneLine,LatexText,1
groot,PaveText,getTextHeightWithSpacing,LatexText,1
groot,PaveText,getTextWidthWithSpacing,LatexText,1
groot,PaveText,getTextWidthMax,LatexText,1
groot,PaveText,getTextHeightMax,LatexText,1
groot,TDataCanvas,setAxisLimits,DataCanvas,0
groot,TDataCanvas,initUI,StatusPane,0
groot,TDataCanvas,getDataCanvas,DataCanvas,0
groot,TDataCanvas,addLegend,DataCanvas,0
groot,GRootColorPalette,getInstance,GRootColorPalette,0
groot,GRootTheme,getInstance,GRootTheme,0
groot,GRootTheme,getPalette,GRootColorPalette,0
groot,DataStudy,getGraphNormalized,GraphErrors,0
groot,MLPStudyPlots,convert,GraphErrors,0
groot,CanvasWidgetDebug,stringDebug,LatexText,0
groot,CanvasWidgetDebug,attributedStringDebug,LatexText,0
groot,CanvasWidgetDebug,rotatedText,LatexText,0
musicBot,Bot,Bot,SettingsManager,0
musicBot,Bot,getConfig,BotConfig,0
musicBot,Bot,getSettingsManager,SettingsManager,0
musicBot,Bot,getPlayerManager,PlayerManager,0
musicBot,Bot,getPlaylistLoader,PlaylistLoader,0
musicBot,Bot,getNowplayingHandler,NowplayingHandler,0
musicBot,Bot,getAloneInVoiceHandler,AloneInVoiceHandler,0
musicBot,Bot,resetGame,BotConfig,0
musicBot,Bot,setGUI,GUI,0
musicBot,BotConfig,BotConfig,Prompt,0
musicBot,BotConfig,load,Prompt,0
musicBot,BotConfig,writeToFile,Prompt,0
musicBot,BotConfig,writeDefaultConfig,Prompt,1
musicBot,JMusicBot,createCommandClient,Bot,0
musicBot,Listener,Listener,Bot,0
musicBot,Listener,onReady,Bot,1
musicBot,Listener,onGuildMessageDelete,Bot,0
musicBot,Listener,onGuildVoiceUpdate,Bot,0
musicBot,Listener,onShutdown,Bot,0
musicBot,Listener,credit,Bot,1
musicBot,AloneInVoiceHandler,AloneInVoiceHandler,Bot,0
musicBot,AloneInVoiceHandler,init,Bot,0
musicBot,AloneInVoiceHandler,check,Bot,0
musicBot,AudioHandler,AudioHandler,PlayerManager,0
musicBot,AudioHandler,addTrackToFront,QueuedTrack,0
musicBot,AudioHandler,addTrack,QueuedTrack,0
musicBot,AudioHandler,playFromDefault,PlayerManager,0
musicBot,AudioHandler,onTrackEnd,PlayerManager,0
musicBot,AudioHandler,onTrackStart,PlayerManager,0
musicBot,AudioHandler,getNowPlaying,PlayerManager,0
musicBot,AudioHandler,getNoMusicPlaying,PlayerManager,0
musicBot,NowplayingHandler,NowplayingHandler,Bot,0
musicBot,NowplayingHandler,updateAll,Bot,0
musicBot,PlayerManager,PlayerManager,Bot,0
musicBot,PlayerManager,init,Bot,0
musicBot,PlayerManager,getBot,Bot,0
musicBot,PlayerManager,setUpHandler,Bot,0
musicBot,QueuedTrack,QueuedTrack,RequestMetadata,0
musicBot,QueuedTrack,getIdentifier,RequestMetadata,0
musicBot,QueuedTrack,getRequestMetadata,RequestMetadata,0
musicBot,DJCommand,DJCommand,Bot,0
musicBot,MusicCommand,MusicCommand,Bot,0
musicBot,MusicCommand,execute,Bot,0
musicBot,PrefixCmd,PrefixCmd,Bot,0
musicBot,QueueTypeCmd,QueueTypeCmd,Bot,0
musicBot,SetdjCmd,SetdjCmd,Bot,0
musicBot,SettcCmd,SettcCmd,Bot,0
musicBot,SetvcCmd,SetvcCmd,Bot,0
musicBot,SkipratioCmd,SkipratioCmd,Bot,0
musicBot,ForceRemoveCmd,ForceRemoveCmd,Bot,0
musicBot,ForceskipCmd,ForceskipCmd,Bot,0
musicBot,MoveTrackCmd,MoveTrackCmd,Bot,0
musicBot,PauseCmd,PauseCmd,Bot,0
musicBot,PlaynextCmd,PlaynextCmd,Bot,0
musicBot,RepeatCmd,RepeatCmd,Bot,0
musicBot,SkiptoCmd,SkiptoCmd,Bot,0
musicBot,StopCmd,StopCmd,Bot,0
musicBot,VolumeCmd,VolumeCmd,Bot,0
musicBot,SettingsCmd,SettingsCmd,Bot,0
musicBot,LyricsCmd,LyricsCmd,Bot,0
musicBot,NowplayingCmd,NowplayingCmd,Bot,0
musicBot,PlayCmd,PlayCmd,Bot,0
musicBot,PlaylistsCmd,PlaylistsCmd,Bot,0
musicBot,QueueCmd,QueueCmd,Bot,0
musicBot,QueueCmd,getQueueTitle,AudioHandler,1
musicBot,RemoveCmd,RemoveCmd,Bot,0
musicBot,SCSearchCmd,SCSearchCmd,Bot,0
musicBot,SearchCmd,SearchCmd,Bot,0
musicBot,SeekCmd,SeekCmd,Bot,0
musicBot,ShuffleCmd,ShuffleCmd,Bot,0
musicBot,SkipCmd,SkipCmd,Bot,0
musicBot,AutoplaylistCmd,AutoplaylistCmd,Bot,0
musicBot,DebugCmd,DebugCmd,Bot,0
musicBot,DebugCmd,execute,Bot,0
musicBot,EvalCmd,EvalCmd,Bot,0
musicBot,EvalCmd,execute,Bot,0
musicBot,PlaylistCmd,PlaylistCmd,Bot,0
musicBot,SetavatarCmd,SetavatarCmd,Bot,0
musicBot,SetgameCmd,SetgameCmd,Bot,0
musicBot,SetnameCmd,SetnameCmd,Bot,0
musicBot,SetstatusCmd,SetstatusCmd,Bot,0
musicBot,ShutdownCmd,ShutdownCmd,Bot,0
musicBot,ShutdownCmd,execute,Bot,0
musicBot,GUI,GUI,Bot,0
musicBot,GUI,init,Bot,0
musicBot,PlaylistLoader,PlaylistLoader,BotConfig,0
musicBot,PlaylistLoader,getPlaylistNames,BotConfig,0
musicBot,PlaylistLoader,createFolder,BotConfig,0
musicBot,PlaylistLoader,folderExists,BotConfig,0
musicBot,PlaylistLoader,createPlaylist,BotConfig,0
musicBot,PlaylistLoader,deletePlaylist,BotConfig,0
musicBot,PlaylistLoader,writePlaylist,BotConfig,0
musicBot,PlaylistLoader,getPlaylist,BotConfig,0
musicBot,Settings,Settings,SettingsManager,0
musicBot,Settings,Settings,SettingsManager,0
musicBot,Settings,setTextChannel,SettingsManager,0
musicBot,Settings,setVoiceChannel,SettingsManager,0
musicBot,Settings,setDJRole,SettingsManager,0
musicBot,Settings,setVolume,SettingsManager,0
musicBot,Settings,setDefaultPlaylist,SettingsManager,0
musicBot,Settings,setRepeatMode,SettingsManager,0
musicBot,Settings,setPrefix,SettingsManager,0
musicBot,Settings,setSkipRatio,SettingsManager,0
musicBot,Settings,setQueueType,SettingsManager,0
musicBot,OtherUtil,checkJavaVersion,Prompt,0
musicBot,OtherUtil,checkVersion,Prompt,0
traccar,BaseMqttProtocolDecoder,decode,DeviceSession,0
traccar,BasePipelineFactory,BasePipelineFactory,Config,0
traccar,BasePipelineFactory,initChannel,Config,0
traccar,BaseProtocol,addServer,TrackerServer,1
traccar,BaseProtocol,addClient,TrackerClient,0
traccar,BaseProtocol,sendDataCommand,Command,0
traccar,BaseProtocol,setTextCommandEncoder,StringProtocolEncoder,0
traccar,BaseProtocol,sendTextCommand,StringProtocolEncoder,0
traccar,BaseProtocolDecoder,getCacheManager,CacheManager,0
traccar,BaseProtocolDecoder,setCacheManager,CacheManager,0
traccar,BaseProtocolDecoder,setConnectionManager,ConnectionManager,0
traccar,BaseProtocolDecoder,setStatisticsManager,StatisticsManager,0
traccar,BaseProtocolDecoder,setMediaManager,MediaManager,0
traccar,BaseProtocolDecoder,setCommandsManager,CommandsManager,0
traccar,BaseProtocolDecoder,getCommandsManager,CommandsManager,0
traccar,BaseProtocolDecoder,writeMediaFile,MediaManager,0
traccar,BaseProtocolDecoder,getTimeZone,CacheManager,0
traccar,BaseProtocolDecoder,getDeviceSession,ConnectionManager,0
traccar,BaseProtocolDecoder,getDeviceModel,DeviceSession,0
traccar,BaseProtocolDecoder,getLastLocation,Position,0
traccar,BaseProtocolDecoder,onMessageEvent,ConnectionManager,0
traccar,BaseProtocolEncoder,getCacheManager,CacheManager,0
traccar,BaseProtocolEncoder,setCacheManager,CacheManager,0
traccar,BaseProtocolEncoder,getUniqueId,CacheManager,1
traccar,BaseProtocolEncoder,initDevicePassword,CacheManager,0
traccar,BaseProtocolEncoder,encodeCommand,Command,0
traccar,BaseProtocolEncoder,encodeCommand,Command,0
traccar,EventLoopGroupFactory,EventLoopGroupFactory,Config,0
traccar,ExtendedObjectDecoder,getConfig,Config,0
traccar,ExtendedObjectDecoder,setConfig,Config,1
traccar,MainModule,provideStorage,Config,0
traccar,MainModule,provideClient,ObjectMapperContextResolver,0
traccar,MainModule,provideSmsManager,Config,0
traccar,MainModule,provideMailManager,StatisticsManager,0
traccar,MainModule,provideLdapProvider,Config,0
traccar,MainModule,provideOpenIDProvider,LogAction,0
traccar,MainModule,provideWebServer,Config,0
traccar,MainModule,provideGeocoder,StatisticsManager,0
traccar,MainModule,provideGeolocationProvider,Config,0
traccar,MainModule,provideSpeedLimitProvider,Config,0
traccar,MainModule,provideGeolocationHandler,StatisticsManager,0
traccar,MainModule,provideGeocoderHandler,CacheManager,0
traccar,MainModule,provideCopyAttributesHandler,CacheManager,0
traccar,MainModule,provideFilterHandler,StatisticsManager,0
traccar,MainModule,provideTimeHandler,Config,0
traccar,MainModule,provideBroadcastService,Config,0
traccar,MainModule,provideEventForwarder,Config,0
traccar,MainModule,providePositionForwarder,CacheManager,0
traccar,MainModule,provideVelocityEngine,Config,1
traccar,MainModule,provideFirebaseClient,Config,0
traccar,ProcessingHandler,ProcessingHandler,PositionLogger,0
traccar,ProcessingHandler,channelRead,BufferingManager,0
traccar,ProcessingHandler,onReleased,CacheManager,0
traccar,ProcessingHandler,processPositionHandlers,Position,1
traccar,ProcessingHandler,processEventHandlers,NotificationManager,0
traccar,ProcessingHandler,finishedProcessing,PositionLogger,0
traccar,ProcessingHandler,processNextPosition,CacheManager,0
traccar,ServerManager,ServerManager,Config,0
traccar,StringProtocolEncoder,formatCommand,Command,0
traccar,StringProtocolEncoder,formatCommand,Command,0
traccar,TrackerClient,TrackerClient,Config,0
traccar,TrackerClient,addProtocolHandlers,Config,0
traccar,TrackerServer,TrackerServer,Config,0
traccar,TrackerServer,addProtocolHandlers,Config,0
traccar,AsyncSocket,AsyncSocket,Storage,0
traccar,AsyncSocket,onWebSocketConnect,ConnectionManager,0
traccar,AsyncSocket,onWebSocketClose,ConnectionManager,0
traccar,AsyncSocket,onUpdateDevice,Device,0
traccar,AsyncSocket,onUpdatePosition,Position,0
traccar,AsyncSocket,onUpdateEvent,Event,0
traccar,AsyncSocket,onUpdateLog,LogRecord,0
traccar,AsyncSocketServlet,AsyncSocketServlet,LoginService,0
traccar,AsyncSocketServlet,configure,Storage,0
traccar,BaseObjectResource,add,LogAction,0
traccar,BaseObjectResource,update,LogAction,0
traccar,BaseObjectResource,remove,LogAction,0
traccar,CorsResponseFilter,CorsResponseFilter,Config,0
traccar,MediaFilter,MediaFilter,StatisticsManager,0
traccar,MediaFilter,doFilter,Storage,0
traccar,AttributeResource,test,CacheManager,0
traccar,AttributeResource,add,Attribute,0
traccar,AttributeResource,update,Attribute,0
traccar,CommandResource,getDeviceProtocol,ServerManager,0
traccar,CommandResource,send,LogAction,0
traccar,DeviceResource,updateAccumulators,LogAction,0
traccar,DeviceResource,uploadImage,MediaManager,0
traccar,DeviceResource,shareDevice,TokenManager,0
traccar,NotificationResource,getNotificators,NotificatorManager,1
traccar,NotificationResource,testMessage,NotificatorManager,1
traccar,NotificationResource,testMessage,NotificatorManager,1
traccar,NotificationResource,sendMessage,NotificatorManager,1
traccar,PasswordResource,reset,TextTemplateFormatter,0
traccar,PasswordResource,update,TokenManager,0
traccar,PermissionsResource,checkPermission,Permission,0
traccar,PermissionsResource,add,LogAction,0
traccar,PermissionsResource,remove,LogAction,0
traccar,ReportResource,executeReport,ReportMailer,0
traccar,ReportResource,getCombined,CombinedReportProvider,0
traccar,ReportResource,getRoute,RouteReportProvider,0
traccar,ReportResource,getRouteExcel,RouteReportProvider,0
traccar,ReportResource,getEvents,EventsReportProvider,0
traccar,ReportResource,getEventsExcel,EventsReportProvider,1
traccar,ReportResource,getSummary,SummaryReportProvider,1
traccar,ReportResource,getSummaryExcel,SummaryReportProvider,1
traccar,ReportResource,getTrips,TripsReportProvider,1
traccar,ReportResource,getTripsExcel,TripsReportProvider,1
traccar,ReportResource,getStops,StopsReportProvider,1
traccar,ReportResource,getStopsExcel,StopsReportProvider,1
traccar,ReportResource,getDevicesExcel,DevicesReportProvider,1
traccar,ServerResource,get,OpenIdProvider,1
traccar,ServerResource,update,LogAction,0
traccar,ServerResource,uploadFile,Config,1
traccar,ServerResource,cache,CacheManager,1
traccar,SessionResource,get,LogAction,0
traccar,SessionResource,get,LogAction,0
traccar,SessionResource,add,LogAction,0
traccar,SessionResource,remove,LogAction,0
traccar,SessionResource,requestToken,TokenManager,0
traccar,SessionResource,openIdAuth,OpenIdProvider,0
traccar,SessionResource,requestToken,OpenIdProvider,0
traccar,UserResource,add,LogAction,0
traccar,LoginResult,LoginResult,User,0
traccar,LoginResult,LoginResult,User,0
traccar,LoginResult,getUser,User,0
traccar,LoginService,LoginService,TokenManager,0
traccar,LoginService,login,Storage,0
traccar,LoginService,login,Storage,0
traccar,LoginService,login,Storage,0
traccar,LoginService,checkUserEnabled,User,0
traccar,LoginService,checkUserCode,User,0
traccar,PermissionsService,PermissionsService,Storage,0
traccar,PermissionsService,getServer,Server,0
traccar,PermissionsService,getUser,User,0
traccar,PermissionsService,checkEdit,Storage,0
traccar,PermissionsService,checkEdit,Storage,0
traccar,PermissionsService,checkUserUpdate,User,1
traccar,PermissionsService,checkPermission,Storage,0
traccar,SecurityRequestFilter,filter,StatisticsManager,0
traccar,UserSecurityContext,UserSecurityContext,UserPrincipal,0
traccar,UserSecurityContext,getUserPrincipal,UserPrincipal,0
traccar,CryptoManager,CryptoManager,Storage,0
traccar,CryptoManager,initializeKeys,Storage,0
traccar,TokenManager,TokenManager,CryptoManager,0
traccar,TokenManager,generateToken,CryptoManager,0
traccar,TokenManager,verifyToken,CryptoManager,1
traccar,BaseBroadcastService,updateDevice,Device,0
traccar,BaseBroadcastService,updatePosition,Position,0
traccar,BaseBroadcastService,updateEvent,Event,0
traccar,BaseBroadcastService,sendMessage,BroadcastMessage,0
traccar,BaseBroadcastService,handleMessage,BroadcastMessage,0
traccar,BroadcastMessage,getDevice,Device,0
traccar,BroadcastMessage,setDevice,Device,0
traccar,BroadcastMessage,getPosition,Position,0
traccar,BroadcastMessage,setPosition,Position,0
traccar,BroadcastMessage,getEvent,Event,0
traccar,BroadcastMessage,setEvent,Event,0
traccar,MulticastBroadcastService,MulticastBroadcastService,Config,0
traccar,MulticastBroadcastService,sendMessage,BroadcastMessage,0
traccar,RedisBroadcastService,RedisBroadcastService,Config,0
traccar,RedisBroadcastService,sendMessage,BroadcastMessage,0
traccar,BufferingManager,BufferingManager,Config,0
traccar,BufferingManager,accept,Position,0
traccar,CommandsManager,CommandsManager,CacheManager,0
traccar,CommandsManager,sendCommand,Storage,1
traccar,CommandsManager,readQueuedCommands,NotificationManager,0
traccar,CommandsManager,updateCommand,ConnectionManager,0
traccar,CommandsManager,updateNotificationToken,CacheManager,0
traccar,DeviceLookupService,DeviceLookupService,Storage,0
traccar,DeviceLookupService,lookup,Storage,0
traccar,LdapProvider,LdapProvider,Config,0
traccar,MediaManager,MediaManager,Config,0
traccar,NotificationManager,NotificationManager,NotificatorManager,0
traccar,NotificationManager,updateEvent,NotificatorManager,1
traccar,NotificationManager,forwardEvent,CacheManager,0
traccar,NotificationManager,updateEvents,CacheManager,0
traccar,OpenIdProvider,OpenIdProvider,LogAction,0
traccar,OpenIdProvider,handleCallback,LogAction,0
traccar,StatisticsManager,StatisticsManager,Storage,0
traccar,StatisticsManager,checkSplit,Config,0
traccar,EventData,getEvent,Event,0
traccar,EventData,setEvent,Event,0
traccar,EventData,getPosition,Position,0
traccar,EventData,setPosition,Position,0
traccar,EventData,getDevice,Device,0
traccar,EventData,setDevice,Device,0
traccar,EventData,getGeofence,Geofence,0
traccar,EventData,setGeofence,Geofence,0
traccar,EventData,getMaintenance,Maintenance,0
traccar,EventData,setMaintenance,Maintenance,0
traccar,EventForwarderAmqp,EventForwarderAmqp,Config,0
traccar,EventForwarderAmqp,forward,AmqpClient,0
traccar,EventForwarderJson,EventForwarderJson,Config,0
traccar,EventForwarderJson,forward,EventData,0
traccar,EventForwarderKafka,EventForwarderKafka,Config,0
traccar,EventForwarderKafka,forward,EventData,0
traccar,EventForwarderMqtt,EventForwarderMqtt,Config,0
traccar,EventForwarderMqtt,forward,MqttClient,0
traccar,NetworkForwarder,NetworkForwarder,Config,0
traccar,BanGeocoder,BanGeocoder,AddressFormat,0
traccar,BingMapsGeocoder,BingMapsGeocoder,AddressFormat,0
traccar,FactualGeocoder,FactualGeocoder,AddressFormat,0
traccar,GeoapifyGeocoder,GeoapifyGeocoder,AddressFormat,0
traccar,GeocodeFarmGeocoder,GeocodeFarmGeocoder,AddressFormat,0
traccar,GeocodeJsonGeocoder,GeocodeJsonGeocoder,AddressFormat,0
traccar,GeocodeXyzGeocoder,GeocodeXyzGeocoder,AddressFormat,0
traccar,GisgraphyGeocoder,GisgraphyGeocoder,AddressFormat,0
traccar,GoogleGeocoder,GoogleGeocoder,AddressFormat,0
traccar,HereGeocoder,HereGeocoder,AddressFormat,0
traccar,JsonGeocoder,JsonGeocoder,AddressFormat,0
traccar,JsonGeocoder,setStatisticsManager,StatisticsManager,0
traccar,JsonGeocoder,handleResponse,AddressFormat,0
traccar,JsonGeocoder,getAddress,StatisticsManager,0
traccar,LocationIqGeocoder,LocationIqGeocoder,AddressFormat,0
traccar,MapQuestGeocoder,MapQuestGeocoder,AddressFormat,0
traccar,MapTilerGeocoder,MapTilerGeocoder,AddressFormat,0
traccar,MapboxGeocoder,MapboxGeocoder,AddressFormat,0
traccar,MapmyIndiaGeocoder,MapmyIndiaGeocoder,AddressFormat,0
traccar,NominatimGeocoder,NominatimGeocoder,AddressFormat,0
traccar,OpenCageGeocoder,OpenCageGeocoder,AddressFormat,0
traccar,PlusCodesGeocoder,setStatisticsManager,StatisticsManager,0
traccar,TomTomGeocoder,TomTomGeocoder,AddressFormat,0
traccar,GeofenceCircle,containsPoint,Geofence,0
traccar,GeofenceGeometry,containsPoint,Geofence,0
traccar,GeofencePolygon,containsPoint,Geofence,0
traccar,GeofencePolyline,containsPoint,Geofence,0
traccar,OpenCellIdGeolocationProvider,getLocation,Network,0
traccar,UniversalGeolocationProvider,getLocation,Network,0
traccar,UnwiredGeolocationProvider,getLocation,Network,0
traccar,BasePositionHandler,onPosition,Position,0
traccar,BasePositionHandler,handlePosition,Position,0
traccar,ComputedAttributesHandler,ComputedAttributesHandler,CacheManager,0
traccar,ComputedAttributesHandler,prepareContext,CacheManager,1
traccar,ComputedAttributesHandler,computeAttribute,Position,0
traccar,ComputedAttributesHandler,onPosition,CacheManager,0
traccar,CopyAttributesHandler,CopyAttributesHandler,CacheManager,0
traccar,CopyAttributesHandler,onPosition,CacheManager,0
traccar,DatabaseHandler,DatabaseHandler,StatisticsManager,0
traccar,DatabaseHandler,onPosition,StatisticsManager,0
traccar,DistanceHandler,DistanceHandler,CacheManager,0
traccar,DistanceHandler,onPosition,CacheManager,0
traccar,DriverHandler,DriverHandler,CacheManager,0
traccar,DriverHandler,onPosition,CacheManager,0
traccar,EngineHoursHandler,EngineHoursHandler,CacheManager,0
traccar,EngineHoursHandler,onPosition,CacheManager,0
traccar,FilterHandler,FilterHandler,StatisticsManager,0
traccar,FilterHandler,getPrecedingPosition,Storage,1
traccar,FilterHandler,filterInvalid,Position,0
traccar,FilterHandler,filterZero,Position,0
traccar,FilterHandler,filterDuplicate,Position,0
traccar,FilterHandler,filterOutdated,Position,0
traccar,FilterHandler,filterFuture,Position,0
traccar,FilterHandler,filterPast,Position,0
traccar,FilterHandler,filterAccuracy,Position,0
traccar,FilterHandler,filterApproximate,Position,0
traccar,FilterHandler,filterStatic,Position,0
traccar,FilterHandler,filterDistance,Position,0
traccar,FilterHandler,filterMaxSpeed,Position,0
traccar,FilterHandler,filterMinPeriod,Position,0
traccar,FilterHandler,filterDailyLimit,Position,0
traccar,FilterHandler,skipLimit,Position,0
traccar,FilterHandler,skipAttributes,CacheManager,0
traccar,FilterHandler,filter,CacheManager,0
traccar,FilterHandler,onPosition,Position,0
traccar,GeocoderHandler,GeocoderHandler,CacheManager,0
traccar,GeocoderHandler,onPosition,CacheManager,0
traccar,GeofenceHandler,GeofenceHandler,CacheManager,0
traccar,GeofenceHandler,onPosition,CacheManager,0
traccar,GeolocationHandler,GeolocationHandler,StatisticsManager,0
traccar,GeolocationHandler,onPosition,StatisticsManager,0
traccar,GeolocationHandler,updatePosition,Position,1
traccar,HemisphereHandler,HemisphereHandler,Config,0
traccar,HemisphereHandler,onPosition,Position,0
traccar,MotionHandler,MotionHandler,CacheManager,0
traccar,MotionHandler,onPosition,CacheManager,0
traccar,OutdatedHandler,OutdatedHandler,CacheManager,0
traccar,OutdatedHandler,onPosition,CacheManager,0
traccar,SpeedLimitHandler,onPosition,Position,1
traccar,TimeHandler,TimeHandler,Config,0
traccar,TimeHandler,onPosition,Position,0
traccar,AlarmEventHandler,AlarmEventHandler,CacheManager,0
traccar,AlarmEventHandler,onPosition,CacheManager,1
traccar,BaseEventHandler,analyzePosition,Position,0
traccar,BaseEventHandler,onPosition,Position,0
traccar,BehaviorEventHandler,BehaviorEventHandler,CacheManager,0
traccar,BehaviorEventHandler,onPosition,CacheManager,1
traccar,CommandResultEventHandler,onPosition,Position,0
traccar,DriverEventHandler,DriverEventHandler,CacheManager,0
traccar,DriverEventHandler,onPosition,CacheManager,0
traccar,FuelEventHandler,FuelEventHandler,CacheManager,0
traccar,FuelEventHandler,onPosition,CacheManager,0
traccar,GeofenceEventHandler,GeofenceEventHandler,CacheManager,0
traccar,GeofenceEventHandler,onPosition,CacheManager,0
traccar,IgnitionEventHandler,IgnitionEventHandler,CacheManager,0
traccar,IgnitionEventHandler,onPosition,CacheManager,0
traccar,MaintenanceEventHandler,MaintenanceEventHandler,CacheManager,0
traccar,MaintenanceEventHandler,onPosition,CacheManager,0
traccar,MaintenanceEventHandler,getValue,Position,1
traccar,MediaEventHandler,onPosition,Position,1
traccar,MotionEventHandler,MotionEventHandler,Storage,0
traccar,MotionEventHandler,onPosition,Storage,0
traccar,OverspeedEventHandler,OverspeedEventHandler,Storage,0
traccar,OverspeedEventHandler,onPosition,Storage,0
traccar,MainEventHandler,MainEventHandler,ConnectionManager,0
traccar,MainEventHandler,channelInactive,ConnectionManager,0
traccar,NetworkForwarderHandler,setNetworkForwarder,NetworkForwarder,0
traccar,NetworkForwarderHandler,channelRead,NetworkForwarder,1
traccar,NetworkForwarderHandler,channelInactive,NetworkForwarder,0
traccar,RemoteAddressHandler,RemoteAddressHandler,Config,0
traccar,StandardLoggingHandler,setConfig,Config,1
traccar,StandardLoggingHandler,setConnectionManager,ConnectionManager,0
traccar,StandardLoggingHandler,channelRead,ConnectionManager,1
traccar,StandardLoggingHandler,log,LogRecord,0
traccar,DateBuilder,setYear,Calendar,0
traccar,DateBuilder,setMonth,Calendar,0
traccar,DateBuilder,setDay,Calendar,0
traccar,DateBuilder,setCurrentDate,Calendar,1
traccar,DateBuilder,setHour,Calendar,0
traccar,DateBuilder,setMinute,Calendar,0
traccar,DateBuilder,addMinute,Calendar,0
traccar,DateBuilder,setSecond,Calendar,0
traccar,DateBuilder,addSeconds,Calendar,0
traccar,DateBuilder,setMillis,Calendar,0
traccar,DateBuilder,addMillis,Calendar,0
traccar,DateBuilder,getDate,Calendar,0
traccar,Log,setupLogger,Config,1
traccar,LogAction,LogAction,Storage,0
traccar,LogAction,create,BaseModel,0
traccar,LogAction,edit,BaseModel,0
traccar,LogAction,storeAction,Storage,0
traccar,SessionHelper,userLogin,User,0
traccar,WebHelper,retrieveWebUrl,Config,0
traccar,AttributeUtil,lookup,CacheManager,0
traccar,AttributeUtil,getDevicePassword,CacheManager,0
traccar,DeviceUtil,resetStatus,Storage,0
traccar,DeviceUtil,getAccessibleDevices,Storage,0
traccar,GeofenceUtil,getCurrentGeofences,Position,0
traccar,UserUtil,isEmpty,Storage,1
traccar,UserUtil,getDistanceUnit,User,0
traccar,UserUtil,getSpeedUnit,User,0
traccar,UserUtil,getVolumeUnit,User,0
traccar,UserUtil,getTimezone,User,0
traccar,UserUtil,lookupStringAttribute,User,1
traccar,UserUtil,setUserDefaults,Config,1
traccar,LogMailManager,sendMessage,User,0
traccar,LogMailManager,sendMessage,User,0
traccar,SmtpMailManager,SmtpMailManager,StatisticsManager,0
traccar,SmtpMailManager,copyBooleanProperty,PropertiesProvider,1
traccar,SmtpMailManager,copyStringProperty,PropertiesProvider,1
traccar,SmtpMailManager,getProperties,PropertiesProvider,1
traccar,SmtpMailManager,getEmailEnabled,Config,1
traccar,SmtpMailManager,sendMessage,User,0
traccar,SmtpMailManager,sendMessage,StatisticsManager,0
traccar,CellTower,fromLacCid,Config,0
traccar,CellTower,fromCidLac,Config,0
traccar,Event,Event,Position,0
traccar,Geofence,setArea,GeofenceGeometry,0
traccar,Geofence,getGeometry,GeofenceGeometry,0
traccar,Geofence,setGeometry,GeofenceGeometry,1
traccar,Network,addCellTower,CellTower,0
traccar,Network,addWifiAccessPoint,WifiAccessPoint,0
traccar,QueuedCommand,fromCommand,Command,1
traccar,User,compare,User,1
traccar,NotificationFormatter,NotificationFormatter,TextTemplateFormatter,0
traccar,NotificationFormatter,formatMessage,TextTemplateFormatter,0
traccar,NotificatorManager,NotificatorManager,Config,0
traccar,PropertiesProvider,PropertiesProvider,Config,0
traccar,PropertiesProvider,PropertiesProvider,ExtendedModel,0
traccar,PropertiesProvider,getString,ExtendedModel,0
traccar,PropertiesProvider,getInteger,ExtendedModel,0
traccar,PropertiesProvider,getBoolean,ExtendedModel,0
traccar,TextTemplateFormatter,TextTemplateFormatter,TokenManager,0
traccar,TextTemplateFormatter,prepareContext,TokenManager,1
traccar,Notificator,Notificator,NotificationFormatter,0
traccar,Notificator,send,NotificationFormatter,1
traccar,Notificator,send,Position,0
traccar,NotificatorCommand,NotificatorCommand,CommandsManager,0
traccar,NotificatorCommand,send,CommandsManager,0
traccar,NotificatorFirebase,NotificatorFirebase,CacheManager,0
traccar,NotificatorFirebase,send,CacheManager,0
traccar,NotificatorMail,NotificatorMail,NotificationFormatter,0
traccar,NotificatorMail,send,Position,0
traccar,NotificatorPushover,NotificatorPushover,NotificationFormatter,0
traccar,NotificatorPushover,send,Position,0
traccar,NotificatorSms,NotificatorSms,StatisticsManager,0
traccar,NotificatorSms,send,StatisticsManager,0
traccar,NotificatorTelegram,NotificatorTelegram,NotificationFormatter,0
traccar,NotificatorTelegram,createLocationMessage,Position,1
traccar,NotificatorTelegram,send,Position,1
traccar,NotificatorTraccar,NotificatorTraccar,CacheManager,0
traccar,NotificatorTraccar,send,CacheManager,0
traccar,NotificatorWeb,NotificatorWeb,NotificationFormatter,0
traccar,NotificatorWeb,send,ConnectionManager,0
traccar,AdmProtocol,AdmProtocol,Config,0
traccar,AdmProtocolEncoder,encodeCommand,Command,1
traccar,AisProtocol,AisProtocol,Config,0
traccar,AisProtocolDecoder,decodePayload,BitBuffer,0
traccar,AlematicsProtocol,AlematicsProtocol,Config,0
traccar,AlematicsProtocolDecoder,decodeExtras,Parser,0
traccar,AnytrekProtocol,AnytrekProtocol,Config,0
traccar,ApelProtocol,ApelProtocol,Config,0
traccar,AplicomProtocol,AplicomProtocol,Config,0
traccar,AplicomProtocolDecoder,decodeEventData,Position,0
traccar,AplicomProtocolDecoder,decodeCanData,Position,0
traccar,AplicomProtocolDecoder,decodeD,Position,0
traccar,AplicomProtocolDecoder,decodeE,Position,1
traccar,AplicomProtocolDecoder,decodeH,Position,0
traccar,AplicomProtocolDecoder,decodeEB,Position,1
traccar,AplicomProtocolDecoder,decodeF,Position,0
traccar,AppelloProtocol,AppelloProtocol,Config,0
traccar,AquilaProtocol,AquilaProtocol,Config,0
traccar,Ardi01Protocol,Ardi01Protocol,Config,0
traccar,ArknavProtocol,ArknavProtocol,Config,0
traccar,ArknavX8Protocol,ArknavX8Protocol,Config,0
traccar,ArmoliProtocol,ArmoliProtocol,Config,0
traccar,ArnaviBinaryProtocolDecoder,decodePosition,DeviceSession,1
traccar,ArnaviProtocol,ArnaviProtocol,Config,0
traccar,ArnaviProtocolDecoder,setInjector,ArnaviBinaryProtocolDecoder,0
traccar,ArnaviProtocolDecoder,decode,ArnaviBinaryProtocolDecoder,0
traccar,AstraProtocol,AstraProtocol,Config,0
traccar,At2000Protocol,At2000Protocol,Config,0
traccar,AtrackProtocol,AtrackProtocol,Config,0
traccar,AtrackProtocolDecoder,decodeBeaconData,Position,0
traccar,AtrackProtocolDecoder,readTextCustomData,Position,0
traccar,AtrackProtocolDecoder,readBinaryCustomData,Position,0
traccar,AtrackProtocolDecoder,decodeTextLine,DeviceSession,0
traccar,AtrackProtocolDecoder,decodePhoto,DeviceSession,0
traccar,AtrackProtocolDecoder,decodeBinary,DeviceSession,1
traccar,AtrackProtocolEncoder,encodeCommand,Command,0
traccar,AuroProtocol,AuroProtocol,Config,0
traccar,AustinNbProtocol,AustinNbProtocol,Config,0
traccar,AutoFonProtocol,AutoFonProtocol,Config,0
traccar,AutoFonProtocolDecoder,decodePosition,DeviceSession,1
traccar,AutoGradeProtocol,AutoGradeProtocol,Config,0
traccar,AutoTrackProtocol,AutoTrackProtocol,Config,0
traccar,AutoTrackProtocolDecoder,decodeTelemetry,DeviceSession,0
traccar,AvemaProtocol,AvemaProtocol,Config,0
traccar,Avl301Protocol,Avl301Protocol,Config,0
traccar,B2316Protocol,B2316Protocol,Config,0
traccar,BceProtocol,BceProtocol,Config,0
traccar,BceProtocolDecoder,decodeMask1,Position,0
traccar,BceProtocolDecoder,decodeMask2,Position,0
traccar,BceProtocolDecoder,decodeMask3,Position,0
traccar,BceProtocolDecoder,decodeMask4,Position,0
traccar,BceProtocolEncoder,encodeCommand,Command,0
traccar,BlackKiteProtocol,BlackKiteProtocol,Config,0
traccar,BlueProtocol,BlueProtocol,Config,0
traccar,BoxProtocol,BoxProtocol,Config,0
traccar,BstplProtocol,BstplProtocol,Config,0
traccar,C2stekProtocol,C2stekProtocol,Config,0
traccar,CalAmpProtocol,CalAmpProtocol,Config,0
traccar,CalAmpProtocolDecoder,decodePosition,DeviceSession,1
traccar,CarTrackProtocol,CarTrackProtocol,Config,0
traccar,CarcellProtocol,CarcellProtocol,Config,0
traccar,CarcellProtocolEncoder,encodeCommand,Command,1
traccar,CarscopProtocol,CarscopProtocol,Config,0
traccar,CastelProtocol,CastelProtocol,Config,0
traccar,CastelProtocolDecoder,readPosition,DeviceSession,1
traccar,CastelProtocolDecoder,createPosition,DeviceSession,1
traccar,CastelProtocolDecoder,decodeObd,Position,0
traccar,CastelProtocolDecoder,decodeStat,Position,1
traccar,CastelProtocolDecoder,decodeAlarm,Position,0
traccar,CastelProtocolDecoder,decodeSc,DeviceSession,0
traccar,CastelProtocolDecoder,decodeCc,DeviceSession,0
traccar,CastelProtocolDecoder,decodeMpip,DeviceSession,0
traccar,CastelProtocolEncoder,encodeCommand,Command,0
traccar,CautelaProtocol,CautelaProtocol,Config,0
traccar,CellocatorProtocol,CellocatorProtocol,Config,0
traccar,CellocatorProtocolDecoder,decodeStatus,DeviceSession,1
traccar,CellocatorProtocolDecoder,decodeModular,DeviceSession,1
traccar,CellocatorProtocolEncoder,encodeCommand,Command,0
traccar,CguardProtocol,CguardProtocol,Config,0
traccar,CguardProtocolDecoder,decodePosition,DeviceSession,1
traccar,CguardProtocolDecoder,decodeStatus,DeviceSession,1
traccar,CityeasyProtocol,CityeasyProtocol,Config,0
traccar,CityeasyProtocolEncoder,encodeCommand,Command,0
traccar,ContinentalProtocol,ContinentalProtocol,Config,0
traccar,CradlepointProtocol,CradlepointProtocol,Config,0
traccar,DingtekProtocol,DingtekProtocol,Config,0
traccar,DishaProtocol,DishaProtocol,Config,0
traccar,DmtHttpProtocol,DmtHttpProtocol,Config,0
traccar,DmtProtocol,DmtProtocol,Config,0
traccar,DolphinProtocol,DolphinProtocol,Config,0
traccar,DraginoProtocol,DraginoProtocol,Config,0
traccar,Dsf22Protocol,Dsf22Protocol,Config,0
traccar,DualcamProtocol,DualcamProtocol,Config,0
traccar,DwayProtocol,DwayProtocol,Config,0
traccar,EasyTrackProtocol,EasyTrackProtocol,Config,0
traccar,EasyTrackProtocolDecoder,decodeAlarm,Position,0
traccar,EasyTrackProtocolDecoder,decodeLocation,DeviceSession,1
traccar,EasyTrackProtocolDecoder,decodeCell,DeviceSession,1
traccar,EasyTrackProtocolDecoder,decodeObd,DeviceSession,1
traccar,EasyTrackProtocolEncoder,encodeCommand,Command,1
traccar,EelinkProtocol,EelinkProtocol,Config,0
traccar,EelinkProtocolDecoder,decodeStatus,Position,1
traccar,EelinkProtocolDecoder,decodeOld,DeviceSession,1
traccar,EelinkProtocolDecoder,decodeNew,DeviceSession,1
traccar,EelinkProtocolDecoder,decodeResult,DeviceSession,1
traccar,EelinkProtocolDecoder,decodeObd,DeviceSession,1
traccar,EelinkProtocolDecoder,decodePackage,DeviceSession,0
traccar,EelinkProtocolEncoder,encodeCommand,Command,0
traccar,EgtsProtocol,EgtsProtocol,Config,0
traccar,EnforaProtocol,EnforaProtocol,Config,0
traccar,EnforaProtocolEncoder,encodeCommand,Command,0
traccar,EnnfuProtocol,EnnfuProtocol,Config,0
traccar,EnvotechProtocol,EnvotechProtocol,Config,0
traccar,EsealProtocol,EsealProtocol,Config,0
traccar,EsealProtocolEncoder,encodeCommand,Command,1
traccar,EskyProtocol,EskyProtocol,Config,0
traccar,ExtremTracProtocol,ExtremTracProtocol,Config,0
traccar,FifotrackProtocol,FifotrackProtocol,Config,0
traccar,FifotrackProtocolEncoder,formatCommand,Command,1
traccar,FifotrackProtocolEncoder,encodeCommand,Command,1
traccar,FleetGuideProtocol,FleetGuideProtocol,Config,0
traccar,FleetGuideProtocolDecoder,processPosition,Position,0
traccar,FlespiProtocol,FlespiProtocol,Config,0
traccar,FlespiProtocolDecoder,decodePosition,Position,0
traccar,FlespiProtocolDecoder,decodeParam,Position,1
traccar,FlespiProtocolDecoder,decodeUnknownParam,Position,0
traccar,FlexApiProtocol,FlexApiProtocol,Config,0
traccar,FlexCommProtocol,FlexCommProtocol,Config,0
traccar,FlexCommProtocolDecoder,parseSignedValue,Parser,1
traccar,FlexibleReportProtocol,FlexibleReportProtocol,Config,0
traccar,FlextrackProtocol,FlextrackProtocol,Config,0
traccar,FoxProtocol,FoxProtocol,Config,0
traccar,FreedomProtocol,FreedomProtocol,Config,0
traccar,FreematicsProtocol,FreematicsProtocol,Config,0
traccar,FutureWayProtocol,FutureWayProtocol,Config,0
traccar,G1rusProtocol,G1rusProtocol,Config,0
traccar,G1rusProtocolDecoder,decodeRegular,DeviceSession,1
traccar,GalileoProtocol,GalileoProtocol,Config,0
traccar,GalileoProtocolDecoder,decodeTag,Position,0
traccar,GalileoProtocolDecoder,decodeTagOther,Position,0
traccar,GalileoProtocolDecoder,decodeMinimalDataSet,Position,1
traccar,GalileoProtocolEncoder,encodeCommand,Command,1
traccar,GatorProtocol,GatorProtocol,Config,0
traccar,GatorProtocolEncoder,encodeCommand,Command,1
traccar,GenxProtocol,GenxProtocol,Config,0
traccar,Gl100Protocol,Gl100Protocol,Config,0
traccar,Gl200Protocol,Gl200Protocol,Config,0
traccar,Gl200ProtocolDecoder,setInjector,Gl200BinaryProtocolDecoder,0
traccar,Gl200ProtocolDecoder,decode,Gl200TextProtocolDecoder,0
traccar,Gl200ProtocolEncoder,encodeCommand,Command,1
traccar,Gl200TextProtocolDecoder,getDeviceModel,DeviceSession,0
traccar,Gl200TextProtocolDecoder,initPosition,Parser,0
traccar,Gl200TextProtocolDecoder,decodeDeviceTime,Parser,0
traccar,Gl200TextProtocolDecoder,decodeAnalog,Position,0
traccar,Gl200TextProtocolDecoder,skipLocation,Parser,0
traccar,Gl200TextProtocolDecoder,decodeLocation,Parser,0
traccar,Gl200TextProtocolDecoder,decodeLocation,Position,0
traccar,Gl200TextProtocolDecoder,decodeStatus,Position,0
traccar,Gl601Protocol,Gl601Protocol,Config,0
traccar,GlobalSatProtocol,GlobalSatProtocol,Config,0
traccar,GlobalSatProtocolEncoder,encodeCommand,Command,0
traccar,GlobalstarProtocol,GlobalstarProtocol,Config,0
traccar,GnxProtocol,GnxProtocol,Config,0
traccar,GoSafeProtocol,GoSafeProtocol,Config,0
traccar,GoSafeProtocolDecoder,decodeTextFragment,Position,0
traccar,GoSafeProtocolDecoder,decodeTextPosition,DeviceSession,0
traccar,GotopProtocol,GotopProtocol,Config,0
traccar,Gps056Protocol,Gps056Protocol,Config,0
traccar,Gps056ProtocolDecoder,decodeStatus,Position,0
traccar,Gps103Protocol,Gps103Protocol,Config,0
traccar,Gps103ProtocolEncoder,encodeCommand,Command,0
traccar,GpsGateProtocol,GpsGateProtocol,Config,0
traccar,GpsMarkerProtocol,GpsMarkerProtocol,Config,0
traccar,GpsmtaProtocol,GpsmtaProtocol,Config,0
traccar,GranitProtocol,GranitProtocol,Config,0
traccar,GranitProtocolDecoder,decodeStructure,Position,1
traccar,GranitProtocolEncoder,encodeCommand,Command,0
traccar,GranitProtocolSmsEncoder,encodeCommand,Command,1
traccar,Gs100Protocol,Gs100Protocol,Config,0
traccar,Gt02Protocol,Gt02Protocol,Config,0
traccar,Gt06Protocol,Gt06Protocol,Config,0
traccar,Gt06ProtocolDecoder,decodeGps,Position,0
traccar,Gt06ProtocolDecoder,decodeGps,Position,0
traccar,Gt06ProtocolDecoder,decodeLbs,Position,0
traccar,Gt06ProtocolDecoder,decodeStatus,Position,0
traccar,Gt06ProtocolDecoder,decodeDate,DeviceSession,0
traccar,Gt06ProtocolEncoder,encodeCommand,Command,1
traccar,Gt30Protocol,Gt30Protocol,Config,0
traccar,H02Protocol,H02Protocol,Config,0
traccar,H02ProtocolDecoder,processStatus,Position,0
traccar,H02ProtocolEncoder,encodeCommand,Command,0
traccar,H02ProtocolEncoder,encodeCommand,Command,0
traccar,HaicomProtocol,HaicomProtocol,Config,0
traccar,HomtecsProtocol,HomtecsProtocol,Config,0
traccar,HoopoProtocol,HoopoProtocol,Config,0
traccar,HuaShengProtocol,HuaShengProtocol,Config,0
traccar,HuaShengProtocolEncoder,encodeCommand,Command,0
traccar,HuabaoProtocol,HuabaoProtocol,Config,0
traccar,HuabaoProtocolDecoder,decodeAlarm,Position,0
traccar,HuabaoProtocolDecoder,decodeExtension,Position,0
traccar,HuabaoProtocolDecoder,decodeCoordinates,DeviceSession,0
traccar,HuabaoProtocolDecoder,decodeLocation,DeviceSession,1
traccar,HuabaoProtocolDecoder,decodeLocation2,DeviceSession,1
traccar,HuabaoProtocolDecoder,decodeLocationBatch,DeviceSession,0
traccar,HuabaoProtocolDecoder,decodeTransparent,DeviceSession,0
traccar,HuabaoProtocolEncoder,encodeCommand,Command,1
traccar,HunterProProtocol,HunterProProtocol,Config,0
traccar,IdplProtocol,IdplProtocol,Config,0
traccar,IntellitracProtocol,IntellitracProtocol,Config,0
traccar,IotmProtocol,IotmProtocol,Config,0
traccar,IotmProtocolDecoder,decodeSensor,Position,0
traccar,IotmProtocolDecoder,decode,DeviceSession,1
traccar,ItsProtocol,ItsProtocol,Config,0
traccar,ItsProtocolEncoder,encodeCommand,Command,0
traccar,Ivt401Protocol,Ivt401Protocol,Config,0
traccar,JidoProtocol,JidoProtocol,Config,0
traccar,JpKorjarProtocol,JpKorjarProtocol,Config,0
traccar,Jt600Protocol,Jt600Protocol,Config,0
traccar,Jt600ProtocolDecoder,decodeStatus,Position,1
traccar,Jt600ProtocolDecoder,decodeBinaryLocation,Position,1
traccar,Jt600ProtocolEncoder,encodeCommand,Command,1
traccar,KenjiProtocol,KenjiProtocol,Config,0
traccar,KhdProtocol,KhdProtocol,Config,0
traccar,KhdProtocolDecoder,decodeAlarmStatus,Position,0
traccar,KhdProtocolEncoder,encodeCommand,Command,0
traccar,L100Protocol,L100Protocol,Config,0
traccar,LaipacProtocol,LaipacProtocol,Config,0
traccar,LaipacProtocolDecoder,decodeEvent,Position,0
traccar,LaipacProtocolEncoder,formatCommand,Command,0
traccar,LaipacProtocolEncoder,encodeCommand,Command,1
traccar,LeafSpyProtocol,LeafSpyProtocol,Config,0
traccar,M2cProtocol,M2cProtocol,Config,0
traccar,M2mProtocol,M2mProtocol,Config,0
traccar,MaestroProtocol,MaestroProtocol,Config,0
traccar,ManPowerProtocol,ManPowerProtocol,Config,0
traccar,Mavlink2Protocol,Mavlink2Protocol,Config,0
traccar,MegastekProtocol,MegastekProtocol,Config,0
traccar,MegastekProtocolDecoder,parseLocation,Position,1
traccar,MeiligaoProtocol,MeiligaoProtocol,Config,0
traccar,MeiligaoProtocolDecoder,decodeRegular,Position,1
traccar,MeiligaoProtocolDecoder,decodeRfid,Position,1
traccar,MeiligaoProtocolDecoder,decodeObd,Position,1
traccar,MeiligaoProtocolDecoder,decodeObdA,Position,1
traccar,MeiligaoProtocolDecoder,decodeDtc,Position,1
traccar,MeiligaoProtocolDecoder,decodeRetransmission,DeviceSession,0
traccar,MeiligaoProtocolEncoder,encodeCommand,Command,1
traccar,MeitrackProtocol,MeitrackProtocol,Config,0
traccar,MeitrackProtocolDecoder,decodeDataFields,Position,0
traccar,MeitrackProtocolEncoder,formatCommand,Command,1
traccar,MeitrackProtocolEncoder,encodeCommand,Command,1
traccar,MictrackProtocol,MictrackProtocol,Config,0
traccar,MictrackProtocolDecoder,decodeLocation,Position,1
traccar,MictrackProtocolDecoder,decodeCell,Network,0
traccar,MictrackProtocolDecoder,decodeWifi,Network,0
traccar,MictrackProtocolDecoder,decodeNetwork,Position,1
traccar,MictrackProtocolDecoder,decodeStatus,Position,1
traccar,MilesmateProtocol,MilesmateProtocol,Config,0
traccar,MiniFinderProtocol,MiniFinderProtocol,Config,0
traccar,MiniFinderProtocolDecoder,decodeFix,Parser,1
traccar,MiniFinderProtocolDecoder,decodeFlags,Position,1
traccar,MiniFinderProtocolDecoder,decodeState,Parser,1
traccar,MiniFinderProtocolEncoder,encodeCommand,Command,1
traccar,Minifinder2Protocol,Minifinder2Protocol,Config,0
traccar,Minifinder2ProtocolEncoder,encodeCommand,Command,0
traccar,MobilogixProtocol,MobilogixProtocol,Config,0
traccar,MobilogixProtocolEncoder,encodeCommand,Command,0
traccar,MobilogixProtocolEncoder,encodeCommand,Command,0
traccar,MoovboxProtocol,MoovboxProtocol,Config,0
traccar,MotorProtocol,MotorProtocol,Config,0
traccar,Mta6Protocol,Mta6Protocol,Config,0
traccar,Mta6ProtocolDecoder,parseFormatA,DeviceSession,0
traccar,Mta6ProtocolDecoder,parseFormatA1,DeviceSession,0
traccar,MtxProtocol,MtxProtocol,Config,0
traccar,MxtProtocol,MxtProtocol,Config,0
traccar,NavigilProtocol,NavigilProtocol,Config,0
traccar,NavigilProtocolDecoder,parseUnitReport,DeviceSession,0
traccar,NavigilProtocolDecoder,parseTg2Report,DeviceSession,0
traccar,NavigilProtocolDecoder,parsePositionReport,DeviceSession,0
traccar,NavigilProtocolDecoder,parsePositionReport2,DeviceSession,0
traccar,NavigilProtocolDecoder,parseSnapshot4,DeviceSession,0
traccar,NavigilProtocolDecoder,parseTrackingData,DeviceSession,0
traccar,NavisProtocol,NavisProtocol,Config,0
traccar,NavisProtocolDecoder,parseNtcbPosition,DeviceSession,0
traccar,NavisProtocolDecoder,processNtcbSingle,DeviceSession,0
traccar,NavisProtocolDecoder,processNtcbArray,DeviceSession,0
traccar,NavisProtocolDecoder,parseFlexPosition,DeviceSession,0
traccar,NavisProtocolDecoder,parseFlex20Position,DeviceSession,0
traccar,NavisProtocolDecoder,processFlexSingle,DeviceSession,0
traccar,NavisProtocolDecoder,processFlexArray,DeviceSession,0
traccar,NavisetProtocol,NavisetProtocol,Config,0
traccar,NavtelecomProtocol,NavtelecomProtocol,Config,0
traccar,NavtelecomProtocolEncoder,encodeCommand,Command,1
traccar,NdtpV6Protocol,NdtpV6Protocol,Config,0
traccar,NdtpV6ProtocolDecoder,decodeData,Position,0
traccar,NdtpV6ProtocolEncoder,encodeCommand,Command,0
traccar,NeosProtocol,NeosProtocol,Config,0
traccar,NetProtocol,NetProtocol,Config,0
traccar,NiotProtocol,NiotProtocol,Config,0
traccar,NoranProtocol,NoranProtocol,Config,0
traccar,NoranProtocolEncoder,encodeCommand,Command,1
traccar,NtoProtocol,NtoProtocol,Config,0
traccar,NvsProtocol,NvsProtocol,Config,0
traccar,NyitechProtocol,NyitechProtocol,Config,0
traccar,NyitechProtocolDecoder,decodeLocation,Position,0
traccar,ObdDongleProtocol,ObdDongleProtocol,Config,0
traccar,OigoProtocol,OigoProtocol,Config,0
traccar,OkoProtocol,OkoProtocol,Config,0
traccar,OkoProtocolDecoder,decodeVoltage,Parser,0
traccar,OmnicommProtocol,OmnicommProtocol,Config,0
traccar,OpenGtsProtocol,OpenGtsProtocol,Config,0
traccar,OrbcommProtocol,OrbcommProtocol,Config,0
traccar,OrbcommProtocolPoller,OrbcommProtocolPoller,Config,0
traccar,OrionProtocol,OrionProtocol,Config,0
traccar,OsmAndProtocol,OsmAndProtocol,Config,0
traccar,OutsafeProtocol,OutsafeProtocol,Config,0
traccar,OutsafeProtocolDecoder,decodeUnknownParam,Position,0
traccar,OwnTracksProtocol,OwnTracksProtocol,Config,0
traccar,OwnTracksProtocolDecoder,decodeAlarm,Position,0
traccar,PacificTrackProtocol,PacificTrackProtocol,Config,0
traccar,PathAwayProtocol,PathAwayProtocol,Config,0
traccar,PiligrimProtocol,PiligrimProtocol,Config,0
traccar,PluginProtocol,PluginProtocol,Config,0
traccar,PolteProtocol,PolteProtocol,Config,0
traccar,PortmanProtocol,PortmanProtocol,Config,0
traccar,PortmanProtocolEncoder,encodeCommand,Command,1
traccar,PretraceProtocol,PretraceProtocol,Config,0
traccar,PretraceProtocolEncoder,encodeCommand,Command,1
traccar,PricolProtocol,PricolProtocol,Config,0
traccar,ProgressProtocol,ProgressProtocol,Config,0
traccar,PstProtocol,PstProtocol,Config,0
traccar,PstProtocolEncoder,encodeCommand,Command,1
traccar,Pt215Protocol,Pt215Protocol,Config,0
traccar,Pt3000Protocol,Pt3000Protocol,Config,0
traccar,Pt502Protocol,Pt502Protocol,Config,0
traccar,Pt502ProtocolEncoder,formatCommand,Command,1
traccar,Pt502ProtocolEncoder,encodeCommand,Command,1
traccar,Pt60Protocol,Pt60Protocol,Config,0
traccar,PuiProtocol,PuiProtocol,Config,0
traccar,PuiProtocolDecoder,decode,DeviceSession,0
traccar,R12wProtocol,R12wProtocol,Config,0
traccar,RaceDynamicsProtocol,RaceDynamicsProtocol,Config,0
traccar,RadarProtocol,RadarProtocol,Config,0
traccar,RamacProtocol,RamacProtocol,Config,0
traccar,RaveonProtocol,RaveonProtocol,Config,0
traccar,RecodaProtocol,RecodaProtocol,Config,0
traccar,RetranslatorProtocol,RetranslatorProtocol,Config,0
traccar,RfTrackProtocol,RfTrackProtocol,Config,0
traccar,RitiProtocol,RitiProtocol,Config,0
traccar,RoboTrackProtocol,RoboTrackProtocol,Config,0
traccar,RstProtocol,RstProtocol,Config,0
traccar,RuptelaProtocol,RuptelaProtocol,Config,0
traccar,RuptelaProtocolDecoder,decodeCommandResponse,DeviceSession,0
traccar,RuptelaProtocolDecoder,decodeDriver,Position,1
traccar,RuptelaProtocolDecoder,decodeParameter,Position,0
traccar,RuptelaProtocolEncoder,encodeCommand,Command,1
traccar,S168Protocol,S168Protocol,Config,0
traccar,SabertekProtocol,SabertekProtocol,Config,0
traccar,SanavProtocol,SanavProtocol,Config,0
traccar,SanulProtocol,SanulProtocol,Config,0
traccar,SatsolProtocol,SatsolProtocol,Config,0
traccar,SigfoxProtocol,SigfoxProtocol,Config,0
traccar,SiwiProtocol,SiwiProtocol,Config,0
traccar,SkypatrolProtocol,SkypatrolProtocol,Config,0
traccar,SmartSoleProtocol,SmartSoleProtocol,Config,0
traccar,SmokeyProtocol,SmokeyProtocol,Config,0
traccar,SnapperProtocol,SnapperProtocol,Config,0
traccar,SnapperProtocolDecoder,decodeEvents,Position,0
traccar,SnapperProtocolDecoder,decodeTechInfo,Position,0
traccar,SnapperProtocolDecoder,decodeGpsData,Position,1
traccar,SolarPoweredProtocol,SolarPoweredProtocol,Config,0
traccar,SpotProtocol,SpotProtocol,Config,0
traccar,StarLinkProtocol,StarLinkProtocol,Config,0
traccar,StarcomProtocol,StarcomProtocol,Config,0
traccar,StarcomProtocolDecoder,StarcomProtocolDecoder,StarcomProtocol,0
traccar,StartekProtocol,StartekProtocol,Config,0
traccar,StartekProtocolDecoder,decodePosition,DeviceSession,0
traccar,StartekProtocolDecoder,decodeSerial,DeviceSession,0
traccar,StartekProtocolEncoder,formatCommand,Command,1
traccar,StartekProtocolEncoder,encodeCommand,Command,1
traccar,StbProtocol,StbProtocol,Config,0
traccar,Stl060Protocol,Stl060Protocol,Config,0
traccar,SuntechProtocol,SuntechProtocol,Config,0
traccar,SuntechProtocolDecoder,decodeSerialData,Position,0
traccar,SuntechProtocolEncoder,encodeCommand,Command,0
traccar,SuntechProtocolEncoder,encodeUniversalCommand,Command,1
traccar,SuntechProtocolEncoder,encodeLegacyCommand,Command,1
traccar,SupermateProtocol,SupermateProtocol,Config,0
traccar,SviasProtocol,SviasProtocol,Config,0
traccar,SviasProtocolEncoder,encodeCommand,Command,1
traccar,SwiftechProtocol,SwiftechProtocol,Config,0
traccar,T55Protocol,T55Protocol,Config,0
traccar,T55ProtocolDecoder,decodeGprmc,Position,0
traccar,T55ProtocolDecoder,decodeGpgga,Position,0
traccar,T55ProtocolDecoder,decodeGprma,Position,0
traccar,T55ProtocolDecoder,decodeTrccr,Position,0
traccar,T55ProtocolDecoder,decodeGpiop,Position,0
traccar,T55ProtocolDecoder,decodeQze,Position,0
traccar,T55ProtocolDecoder,decodeGptxt,Position,0
traccar,T55ProtocolDecoder,decodePubx,Position,0
traccar,T55ProtocolDecoder,decode,Position,0
traccar,T57Protocol,T57Protocol,Config,0
traccar,T622IridiumProtocol,T622IridiumProtocol,Config,0
traccar,T800xProtocol,T800xProtocol,Config,0
traccar,T800xProtocolDecoder,decodeBle,DeviceSession,0
traccar,T800xProtocolDecoder,decodePosition,DeviceSession,0
traccar,T800xProtocolEncoder,encodeContent,Command,0
traccar,T800xProtocolEncoder,encodeCommand,Command,0
traccar,TaipProtocol,TaipProtocol,Config,0
traccar,TaipProtocolDecoder,decodeAttributes,Position,0
traccar,TechTltProtocol,TechTltProtocol,Config,0
traccar,TechtoCruzProtocol,TechtoCruzProtocol,Config,0
traccar,TekProtocol,TekProtocol,Config,0
traccar,TelemaxProtocol,TelemaxProtocol,Config,0
traccar,TelicProtocol,TelicProtocol,Config,0
traccar,TeltonikaProtocol,TeltonikaProtocol,Config,0
traccar,TeltonikaProtocolDecoder,decodeSerial,Position,0
traccar,TeltonikaProtocolDecoder,decodeGh3000Parameter,Position,0
traccar,TeltonikaProtocolDecoder,decodeParameter,Position,0
traccar,TeltonikaProtocolDecoder,decodeCell,Network,0
traccar,TeltonikaProtocolDecoder,decodeNetwork,Position,0
traccar,TeltonikaProtocolDecoder,decodeLocation,Position,0
traccar,TeltonikaProtocolEncoder,encodeCommand,Command,1
traccar,TeraTrackProtocol,TeraTrackProtocol,Config,0
traccar,ThinkPowerProtocol,ThinkPowerProtocol,Config,0
traccar,ThinkPowerProtocolDecoder,decodeValue,Position,0
traccar,ThinkRaceProtocol,ThinkRaceProtocol,Config,0
traccar,ThurayaProtocol,ThurayaProtocol,Config,0
traccar,ThurayaProtocolDecoder,decodeLocation,Position,1
traccar,Tk102Protocol,Tk102Protocol,Config,0
traccar,Tk103Protocol,Tk103Protocol,Config,0
traccar,Tk103ProtocolDecoder,decodeType,Position,0
traccar,Tk103ProtocolEncoder,formatAlt,Command,1
traccar,Tk103ProtocolEncoder,encodeCommand,Command,1
traccar,Tlt2hProtocol,Tlt2hProtocol,Config,0
traccar,Tlt2hProtocolDecoder,decodeStatus,Position,0
traccar,TlvProtocol,TlvProtocol,Config,0
traccar,TmgProtocol,TmgProtocol,Config,0
traccar,TopflytechProtocol,TopflytechProtocol,Config,0
traccar,TopinProtocol,TopinProtocol,Config,0
traccar,TopinProtocolEncoder,encodeCommand,Command,1
traccar,TotemProtocol,TotemProtocol,Config,0
traccar,TotemProtocolEncoder,formatContent,Command,1
traccar,TotemProtocolEncoder,encodeCommand,Command,1
traccar,TotemProtocolSmsEncoder,encodeCommand,Command,1
traccar,Tr20Protocol,Tr20Protocol,Config,0
traccar,Tr900Protocol,Tr900Protocol,Config,0
traccar,TrackboxProtocol,TrackboxProtocol,Config,0
traccar,TrakMateProtocol,TrakMateProtocol,Config,0
traccar,TramigoProtocol,TramigoProtocol,Config,0
traccar,TranSyncProtocol,TranSyncProtocol,Config,0
traccar,TrvProtocol,TrvProtocol,Config,0
traccar,TrvProtocolDecoder,decodeOptionalValue,Parser,0
traccar,TrvProtocolDecoder,decodeCommon,Parser,0
traccar,TrvProtocolDecoder,decodeWifi,Network,0
traccar,Tt8850Protocol,Tt8850Protocol,Config,0
traccar,TytanProtocol,TytanProtocol,Config,0
traccar,TytanProtocolDecoder,decodeExtraData,Position,0
traccar,TzoneProtocol,TzoneProtocol,Config,0
traccar,TzoneProtocolDecoder,decodeGps,Position,0
traccar,TzoneProtocolDecoder,decodeCards,Position,0
traccar,TzoneProtocolDecoder,decodePassengers,Position,0
traccar,TzoneProtocolDecoder,decodeTags,Position,0
traccar,UlbotechProtocol,UlbotechProtocol,Config,0
traccar,UlbotechProtocolDecoder,decodeObd,Position,0
traccar,UlbotechProtocolDecoder,decodeJ1708,Position,0
traccar,UlbotechProtocolDecoder,decodeDriverBehavior,Position,0
traccar,UlbotechProtocolDecoder,decodeAdc,Position,0
traccar,UlbotechProtocolEncoder,encodeCommand,Command,1
traccar,UproProtocol,UproProtocol,Config,0
traccar,UproProtocolDecoder,decodeLocation,Position,0
traccar,UproProtocolDecoder,decodeTransparent,Position,0
traccar,UproProtocolDecoder,decodeRegular,Position,0
traccar,UuxProtocol,UuxProtocol,Config,0
traccar,V680Protocol,V680Protocol,Config,0
traccar,ValtrackProtocol,ValtrackProtocol,Config,0
traccar,VisiontekProtocol,VisiontekProtocol,Config,0
traccar,VltProtocol,VltProtocol,Config,0
traccar,VltProtocolDecoder,decodePosition,DeviceSession,0
traccar,VnetProtocol,VnetProtocol,Config,0
traccar,Vt200Protocol,Vt200Protocol,Config,0
traccar,VtfmsProtocol,VtfmsProtocol,Config,0
traccar,WatchProtocol,WatchProtocol,Config,0
traccar,WatchProtocolDecoder,decodePosition,DeviceSession,0
traccar,WatchProtocolEncoder,formatTextCommand,Command,0
traccar,WatchProtocolEncoder,formatBinaryCommand,Command,0
traccar,WatchProtocolEncoder,getBinaryData,Command,1
traccar,WatchProtocolEncoder,encodeCommand,Command,1
traccar,WialonProtocol,WialonProtocol,Config,0
traccar,WialonProtocolDecoder,decodeCellData,Network,0
traccar,WialonProtocolEncoder,encodeCommand,Command,1
traccar,WliProtocol,WliProtocol,Config,0
traccar,WondexProtocol,WondexProtocol,Config,0
traccar,WondexProtocolEncoder,encodeCommand,Command,1
traccar,WristbandProtocol,WristbandProtocol,Config,0
traccar,WristbandProtocolDecoder,decodePosition,DeviceSession,0
traccar,WristbandProtocolDecoder,decodeStatus,DeviceSession,0
traccar,WristbandProtocolDecoder,decodeNetwork,DeviceSession,0
traccar,Xexun2Protocol,Xexun2Protocol,Config,0
traccar,Xexun2ProtocolEncoder,encodeCommand,Command,0
traccar,XexunProtocol,XexunProtocol,Config,0
traccar,XexunProtocolDecoder,decodeStatus,Position,0
traccar,XexunProtocolEncoder,encodeCommand,Command,0
traccar,XirgoProtocol,XirgoProtocol,Config,0
traccar,XirgoProtocolDecoder,decodeEvent,Position,0
traccar,XirgoProtocolEncoder,encodeCommand,Command,1
traccar,Xrb28Protocol,Xrb28Protocol,Config,0
traccar,Xrb28ProtocolEncoder,formatCommand,Command,1
traccar,Xrb28ProtocolEncoder,encodeCommand,Command,1
traccar,Xt013Protocol,Xt013Protocol,Config,0
traccar,Xt2400Protocol,Xt2400Protocol,Config,0
traccar,YwtProtocol,YwtProtocol,Config,0
traccar,FirebaseClient,FirebaseClient,Config,0
traccar,PushCommandManager,PushCommandManager,FirebaseClient,0
traccar,PushCommandManager,sendCommand,FirebaseClient,0
traccar,CombinedReportProvider,CombinedReportProvider,Storage,0
traccar,CombinedReportProvider,getObjects,Storage,0
traccar,CsvExportProvider,CsvExportProvider,Storage,0
traccar,CsvExportProvider,generate,Storage,0
traccar,DevicesReportProvider,DevicesReportProvider,Storage,0
traccar,DevicesReportProvider,getObjects,Storage,0
traccar,DevicesReportProvider,getExcel,ReportUtils,0
traccar,EventsReportProvider,EventsReportProvider,Storage,0
traccar,EventsReportProvider,getEvents,Storage,0
traccar,EventsReportProvider,filterType,Event,0
traccar,EventsReportProvider,getObjects,ReportUtils,0
traccar,EventsReportProvider,getExcel,ReportUtils,0
traccar,GpxExportProvider,GpxExportProvider,Storage,0
traccar,GpxExportProvider,generate,Storage,0
traccar,KmlExportProvider,KmlExportProvider,Storage,0
traccar,KmlExportProvider,generate,Storage,0
traccar,StopsReportProvider,StopsReportProvider,Storage,0
traccar,StopsReportProvider,getObjects,ReportUtils,0
traccar,StopsReportProvider,getExcel,ReportUtils,0
traccar,SummaryReportProvider,SummaryReportProvider,Storage,0
traccar,SummaryReportProvider,getEdgePosition,Storage,1
traccar,SummaryReportProvider,calculateDeviceResult,ReportUtils,0
traccar,SummaryReportProvider,calculateDeviceResults,Config,0
traccar,SummaryReportProvider,getObjects,PermissionsService,0
traccar,SummaryReportProvider,getExcel,ReportUtils,0
traccar,TripsReportProvider,TripsReportProvider,Storage,0
traccar,TripsReportProvider,getObjects,ReportUtils,0
traccar,TripsReportProvider,getExcel,ReportUtils,0
traccar,ReportMailer,ReportMailer,PermissionsService,0
traccar,ReportMailer,sendAsync,PermissionsService,0
traccar,ReportUtils,ReportUtils,PermissionsService,0
traccar,ReportUtils,getObject,Storage,0
traccar,ReportUtils,checkPeriodLimit,Config,0
traccar,ReportUtils,calculateFuel,Position,0
traccar,ReportUtils,findDriver,Position,0
traccar,ReportUtils,findDriverName,Storage,0
traccar,ReportUtils,initializeContext,PermissionsService,0
traccar,ReportUtils,calculateTrip,Position,1
traccar,ReportUtils,calculateStop,Position,0
traccar,ReportUtils,calculateTripOrStop,Position,0
traccar,ReportUtils,isMoving,TripsConfig,0
traccar,ReportUtils,detectTripsAndStops,Config,0
traccar,ReportUtils,slowTripsAndStops,Storage,0
traccar,ReportUtils,fastTripsAndStops,Storage,0
traccar,DeviceReportItem,DeviceReportItem,Position,0
traccar,DeviceReportItem,getDevice,Device,0
traccar,DeviceReportItem,setDevice,Device,0
traccar,DeviceReportItem,getPosition,Position,0
traccar,DeviceReportItem,setPosition,Position,0
traccar,ScheduleManager,ScheduleManager,Config,0
traccar,TaskClearStatus,TaskClearStatus,Storage,0
traccar,TaskDeleteTemporary,TaskDeleteTemporary,Storage,0
traccar,TaskDeleteTemporary,run,Storage,0
traccar,TaskDeviceInactivityCheck,TaskDeviceInactivityCheck,NotificationManager,0
traccar,TaskDeviceInactivityCheck,run,NotificationManager,0
traccar,TaskDeviceInactivityCheck,getAttribute,Device,1
traccar,TaskDeviceInactivityCheck,checkDevice,Device,1
traccar,TaskExpirations,TaskExpirations,TextTemplateFormatter,0
traccar,TaskExpirations,sendUserExpiration,TextTemplateFormatter,0
traccar,TaskExpirations,sendDeviceExpiration,TextTemplateFormatter,0
traccar,TaskExpirations,run,Storage,0
traccar,TaskHealthCheck,TaskHealthCheck,StatisticsManager,0
traccar,TaskHealthCheck,getUrl,Config,0
traccar,TaskHealthCheck,run,StatisticsManager,0
traccar,TaskReports,TaskReports,Storage,0
traccar,TaskReports,run,Storage,0
traccar,TaskReports,executeReport,LogAction,0
traccar,TaskWebSocketKeepalive,TaskWebSocketKeepalive,ConnectionManager,0
traccar,TaskWebSocketKeepalive,run,ConnectionManager,0
traccar,ConnectionManager,ConnectionManager,DeviceLookupService,0
traccar,ConnectionManager,getDeviceSession,CacheManager,0
traccar,ConnectionManager,addUnknownDevice,Storage,0
traccar,ConnectionManager,deviceDisconnected,CacheManager,0
traccar,ConnectionManager,removeDeviceSession,CacheManager,0
traccar,ConnectionManager,updateDevice,Storage,0
traccar,ConnectionManager,updateDevice,Device,0
traccar,ConnectionManager,updatePosition,Position,0
traccar,ConnectionManager,updateEvent,Event,0
traccar,ConnectionManager,updateLog,LogRecord,0
traccar,ConnectionManager,addListener,Storage,0
traccar,DeviceSession,sendCommand,Command,0
traccar,CacheGraph,addObject,BaseModel,0
traccar,CacheGraph,getObjectStream,CacheNode,0
traccar,CacheGraph,updateObject,BaseModel,0
traccar,CacheGraph,addLink,BaseModel,0
traccar,CacheGraph,printNode,CacheNode,0
traccar,CacheManager,CacheManager,Storage,0
traccar,CacheManager,toString,CacheGraph,0
traccar,CacheManager,getConfig,Config,0
traccar,CacheManager,getObject,CacheGraph,0
traccar,CacheManager,getDeviceObjects,CacheGraph,0
traccar,CacheManager,getServer,Server,0
traccar,CacheManager,getNotificationUsers,CacheGraph,0
traccar,CacheManager,getDeviceNotifications,CacheGraph,0
traccar,CacheManager,addDevice,Storage,0
traccar,CacheManager,removeDevice,CacheGraph,0
traccar,CacheManager,updatePosition,Position,0
traccar,CacheManager,invalidateObject,CacheGraph,0
traccar,CacheManager,invalidatePermission,CacheGraph,0
traccar,CacheManager,initializeCache,BaseModel,0
traccar,CacheNode,CacheNode,BaseModel,0
traccar,CacheNode,getValue,BaseModel,0
traccar,CacheNode,setValue,BaseModel,0
traccar,MotionProcessor,updateState,TripsConfig,0
traccar,MotionState,fromDevice,Device,1
traccar,MotionState,toDevice,Device,1
traccar,MotionState,getEvent,Event,0
traccar,MotionState,setEvent,Event,0
traccar,OverspeedProcessor,updateState,Position,1
traccar,OverspeedProcessor,checkEvent,Position,0
traccar,OverspeedState,fromDevice,Device,1
traccar,OverspeedState,toDevice,Device,1
traccar,OverspeedState,getEvent,Event,0
traccar,OverspeedState,setEvent,Event,0
traccar,HttpSmsClient,HttpSmsClient,Config,0
traccar,SnsSmsClient,SnsSmsClient,Config,0
traccar,OverpassSpeedLimitProvider,OverpassSpeedLimitProvider,Config,0
traccar,DatabaseModule,provideDataSource,Config,1
traccar,DatabaseStorage,DatabaseStorage,Config,0
traccar,DatabaseStorage,getObjects,Config,0
traccar,DatabaseStorage,addObject,Config,0
traccar,DatabaseStorage,updateObject,Config,0
traccar,DatabaseStorage,removeObject,Config,0
traccar,DatabaseStorage,getPermissions,Config,0
traccar,DatabaseStorage,addPermission,Config,0
traccar,DatabaseStorage,removePermission,Config,0
traccar,DatabaseStorage,formatOrder,Order,0
traccar,MemoryStorage,getObjects,Request,0
traccar,MemoryStorage,addObject,Request,0
traccar,MemoryStorage,updateObject,Request,0
traccar,MemoryStorage,removeObject,Request,0
traccar,MemoryStorage,addPermission,Permission,0
traccar,MemoryStorage,removePermission,Permission,0
traccar,QueryBuilder,QueryBuilder,Config,0
traccar,QueryBuilder,create,Config,0
traccar,QueryBuilder,create,Config,0
traccar,Storage,getObjects,Request,0
traccar,Storage,addObject,Request,0
traccar,Storage,updateObject,Request,0
traccar,Storage,removeObject,Request,0
traccar,Storage,addPermission,Permission,0
traccar,Storage,removePermission,Permission,0
traccar,Storage,getObject,Request,0
traccar,Request,Request,Columns,0
traccar,Request,Request,Columns,0
traccar,Request,Request,Order,0
traccar,Request,Request,Order,0
traccar,Request,getColumns,Columns,0
traccar,Request,getOrder,Order,0
traccar,ConsoleServlet,ConsoleServlet,Config,0
traccar,ConsoleServlet,init,Config,0
traccar,DefaultOverrideServlet,DefaultOverrideServlet,Config,0
traccar,ThrottlingFilter,init,Config,1
traccar,WebRequestLog,log,Request,0
traccar,WebServer,WebServer,Config,0
traccar,WebServer,initClientProxy,Config,1
traccar,WebServer,initWebApp,Config,1
traccar,WebServer,initApi,Config,1
traccar,WebServer,initSessionConfig,Config,1
traccar,WebServer,start,Server,0
traccar,WebServer,stop,Server,0
jedit_auto,OptionTreeModel,_init,OptionGroupPane,1
rxJava_auto,Scheduler,timeout0,Flowable,1
rxJava,ReferenceDisposable,toString,RunnableDisposable,0
rxJava,ReferenceDisposable,onDisposed,SubscriptionDisposable,0
rxJava,Scheduler,timestampWith,Functions,0
rxJava,AbstractEmptyQueueFuseable,cancel,CancellableQueueFuseable,0
rxJava,AbstractEmptyQueueFuseable,dispose,CancellableQueueFuseable,0
rxJava,AbstractEmptyQueueFuseable,isDisposed,CancellableQueueFuseable,0
rxJava,FlowableStageSubscriber,onNext,FlowableSingleStageSubscriber,0
rxJava_auto,FlowableStageSubscriber,onComplete,FlowableSingleStageSubscriber,1
rxJava,FlowableStageSubscriber,afterSubscribe,FlowableSingleStageSubscriber,0
rxJava,ObservableStageObserver,onNext,ObservableSingleStageObserver,0
rxJava_auto,ObservableStageObserver,onComplete,ObservableSingleStageObserver,1
rxJava,SequentialDisposable,dispose,BlockingDisposableMultiObserver,0
rxJava,SequentialDisposable,isDisposed,BlockingDisposableMultiObserver,0
rxJava,SequentialDisposable,onSubscribe,BlockingDisposableMultiObserver,0
rxJava,SequentialDisposable,onSuccess,BlockingDisposableMultiObserver,0
rxJava,SequentialDisposable,onError,BlockingDisposableMultiObserver,0
rxJava,SequentialDisposable,onComplete,BlockingDisposableMultiObserver,0
rxJava,BlockingBaseObserver,onNext,BlockingLastObserver,0
rxJava,BlockingBaseObserver,onError,BlockingLastObserver,0
rxJava,BasicIntQueueDisposable,requestFusion,DeferredScalarDisposable,0
rxJava,BasicIntQueueDisposable,complete,DeferredScalarDisposable,0
rxJava_auto,BasicIntQueueDisposable,error,DeferredScalarDisposable,1
rxJava,BasicIntQueueDisposable,poll,DeferredScalarDisposable,0
rxJava,BasicIntQueueDisposable,isEmpty,DeferredScalarDisposable,0
rxJava,BasicIntQueueDisposable,clear,DeferredScalarDisposable,0
rxJava,BasicIntQueueDisposable,dispose,DeferredScalarDisposable,0
rxJava,BasicIntQueueDisposable,tryDispose,DeferredScalarDisposable,0
rxJava,BasicIntQueueDisposable,isDisposed,DeferredScalarDisposable,0
rxJava,DeferredScalarDisposable,onSubscribe,DeferredScalarObserver,0
rxJava,DeferredScalarDisposable,onError,DeferredScalarObserver,0
rxJava,DeferredScalarDisposable,onComplete,DeferredScalarObserver,0
rxJava,DeferredScalarDisposable,dispose,DeferredScalarObserver,0
rxJava_auto,AbstractDisposableAutoRelease,onSuccess,DisposableAutoReleaseMultiObserver,1
rxJava_auto,AbstractDisposableAutoRelease,onNext,DisposableAutoReleaseObserver,1
rxJava,QueueDrainSubscriberPad2,cancelled,QueueDrainObserver,0
rxJava,QueueDrainSubscriberPad2,done,QueueDrainObserver,0
rxJava,QueueDrainSubscriberPad2,enter,QueueDrainObserver,0
rxJava,QueueDrainSubscriberPad2,fastPathEmit,QueueDrainObserver,0
rxJava_auto,QueueDrainSubscriberPad2,fastPathOrderedEmit,QueueDrainObserver,1
rxJava,QueueDrainSubscriberPad2,error,QueueDrainObserver,0
rxJava,QueueDrainSubscriberPad2,leave,QueueDrainObserver,0
rxJava,QueueDrainSubscriberPad2,accept,QueueDrainObserver,0
rxJava,AbstractFlowableWithUpstream,isConnected,FlowableCache,0
rxJava,AbstractFlowableWithUpstream,hasSubscribers,FlowableCache,0
rxJava,AbstractFlowableWithUpstream,cachedEventCount,FlowableCache,0
rxJava,AbstractFlowableWithUpstream,add,FlowableCache,0
rxJava,AbstractFlowableWithUpstream,remove,FlowableCache,0
rxJava,AbstractFlowableWithUpstream,replay,FlowableCache,0
rxJava,AbstractFlowableWithUpstream,onSubscribe,FlowableCache,0
rxJava_auto,AbstractFlowableWithUpstream,onNext,FlowableCache,1
rxJava,AbstractFlowableWithUpstream,onError,FlowableCache,0
rxJava,AbstractFlowableWithUpstream,onComplete,FlowableCache,0
rxJava,AbstractFlowableWithUpstream,subscribe,FlowableFlattenIterable,0
rxJava,AbstractFlowableWithUpstream,accept,FlowableOnBackpressureDrop,0
rxJava,ConnectableFlowable,multicastSelector,FlowableReplay,0
rxJava,ConnectableFlowable,createFrom,FlowableReplay,0
rxJava_auto,ConnectableFlowable,create,FlowableReplay,1
rxJava,ConnectableFlowable,source,FlowableReplay,0
rxJava,ConnectableFlowable,subscribeActual,FlowableReplay,0
rxJava,ConnectableFlowable,reset,FlowableReplay,0
rxJava,ConnectableFlowable,connect,FlowableReplay,0
rxJava,Single,fuseToFlowable,FlowableToListSingle,0
rxJava,AbstractFlowableWithUpstream,missingBackpressureMessage,FlowableWindowTimed,0
rxJava,AbstractFlowableWithUpstream,subscribeActual,FlowableZipIterable,0
rxJava,Single,fuseToMaybe,MaybeIsEmptySingle,0
rxJava,Single,source,MaybeToSingle,0
rxJava,AbstractMaybeWithUpstream,subscribeActual,MaybeUnsafeCreate,0
rxJava,AbstractObservableWithUpstream,isConnected,ObservableCache,0
rxJava,AbstractObservableWithUpstream,hasObservers,ObservableCache,0
rxJava,AbstractObservableWithUpstream,cachedEventCount,ObservableCache,0
rxJava,AbstractObservableWithUpstream,add,ObservableCache,0
rxJava,AbstractObservableWithUpstream,remove,ObservableCache,0
rxJava,AbstractObservableWithUpstream,replay,ObservableCache,0
rxJava,AbstractObservableWithUpstream,onSubscribe,ObservableCache,0
rxJava_auto,AbstractObservableWithUpstream,onNext,ObservableCache,1
rxJava,AbstractObservableWithUpstream,onError,ObservableCache,0
rxJava,AbstractObservableWithUpstream,onComplete,ObservableCache,0
rxJava,Scheduler,cancel,ObservableRefCount,0
rxJava,ConnectableObservable,multicastSelector,ObservableReplay,0
rxJava,ConnectableObservable,createFrom,ObservableReplay,0
rxJava_auto,ConnectableObservable,create,ObservableReplay,1
rxJava_auto,Scheduler,create,ObservableReplay,1
rxJava,ConnectableObservable,source,ObservableReplay,0
rxJava,ConnectableObservable,reset,ObservableReplay,0
rxJava,ConnectableObservable,subscribeActual,ObservableReplay,0
rxJava,ConnectableObservable,connect,ObservableReplay,0
rxJava,Single,fuseToObservable,ObservableToListSingle,0
rxJava_auto,AbstractObservableWithUpstream,subscribeActual,ObservableWithLatestFromMany,1
rxJava_auto,ParallelFlowable,subscribe,ParallelReduce,1
rxJava,ParallelFlowable,reportError,ParallelReduce,0
rxJava_auto,Scheduler,subscribe,ParallelRunOn,1
rxJava,ParallelFlowable,createSubscriber,ParallelRunOn,0
rxJava,ParallelFlowable,parallelism,ParallelRunOn,0
rxJava,Scheduler,subscribeActual,SingleUnsubscribeOn,0
rxJava,Scheduler,cap,ComputationScheduler,0
rxJava,Scheduler,createWorkers,ComputationScheduler,0
rxJava,Scheduler,size,IoScheduler,0
rxJava,Scheduler,schedule,NewThreadWorker,0
rxJava_auto,Scheduler,scheduleActual,NewThreadWorker,1
rxJava,Scheduler,dispose,SchedulerWhen,0
rxJava,Scheduler,isDisposed,SchedulerWhen,0
rxJava,Scheduler,createExecutor,SingleScheduler,0
rxJava,Scheduler,start,SingleScheduler,0
rxJava,Scheduler,shutdown,SingleScheduler,0
rxJava_auto,Scheduler,scheduleDirect,SingleScheduler,1
rxJava_auto,Scheduler,schedulePeriodicallyDirect,SingleScheduler,1
rxJava,TrampolineScheduler,scheduleDirect,TrampolineScheduler,0
rxJava,BlockingBaseSubscriber,onNext,BlockingLastSubscriber,0
rxJava,BlockingBaseSubscriber,onError,BlockingLastSubscriber,0
rxJava,DeferredScalarSubscription,onSubscribe,DeferredScalarSubscriber,0
rxJava,DeferredScalarSubscription,onError,DeferredScalarSubscriber,0
rxJava,DeferredScalarSubscription,onComplete,DeferredScalarSubscriber,0
rxJava,DeferredScalarSubscription,cancel,DeferredScalarSubscriber,0
rxJava,QueueDrainSubscriberPad4,cancelled,QueueDrainSubscriber,0
rxJava,QueueDrainSubscriberPad4,done,QueueDrainSubscriber,0
rxJava,QueueDrainSubscriberPad4,enter,QueueDrainSubscriber,0
rxJava,QueueDrainSubscriberPad4,fastEnter,QueueDrainSubscriber,0
rxJava_auto,QueueDrainSubscriberPad4,fastPathEmitMax,QueueDrainSubscriber,1
rxJava_auto,QueueDrainSubscriberPad4,fastPathOrderedEmitMax,QueueDrainSubscriber,1
rxJava,QueueDrainSubscriberPad4,accept,QueueDrainSubscriber,0
rxJava,QueueDrainSubscriberPad4,error,QueueDrainSubscriber,0
rxJava,QueueDrainSubscriberPad4,leave,QueueDrainSubscriber,0
rxJava,QueueDrainSubscriberPad4,requested,QueueDrainSubscriber,0
rxJava_auto,BasicIntQueueSubscription,request,DeferredScalarSubscription,1
rxJava_auto,FlowableProcessor,createWithTime,ReplayProcessor,1
rxJava_auto,FlowableProcessor,createWithTimeAndSize,ReplayProcessor,1
rxJava_auto,FlowableProcessor,create,UnicastProcessor,1
rxJava_auto,FlowableProcessor,onError,UnicastProcessor,1
rxJava_auto,FlowableProcessor,subscribeActual,UnicastProcessor,1
rxJava_auto,Subject,createWithTime,ReplaySubject,1
rxJava_auto,Subject,createWithTimeAndSize,ReplaySubject,1
rxJava_auto,Single,onSuccess,SingleSubject,1
rxJava_auto,Single,onError,SingleSubject,1
rxJava_auto,Single,subscribeActual,SingleSubject,1
rxJava_auto,Subject,subscribeActual,UnicastSubject,1
rxJava_auto,Subject,onError,UnicastSubject,1
rxJava_auto,BaseTestConsumer,onSubscribe,TestSubscriber,1
rxJava_auto,BaseTestConsumer,onNext,TestSubscriber,1
junit4,TestSuite,run,ActiveTestSuite,0
junit4,TestDecorator,countTestCases,RepeatedTest,0
junit4,TestDecorator,toString,RepeatedTest,0
junit4,TestResult,basicRun,TestDecorator,0
junit4_auto,TestDecorator,run,TestSetup,1
junit4,TestDecorator,setUp,TestSetup,0
junit4,TestDecorator,tearDown,TestSetup,0
junit4,AssertionFailedError,getMessage,ComparisonFailure,0
junit4,AssertionFailedError,getActual,ComparisonFailure,0
junit4,AssertionFailedError,getExpected,ComparisonFailure,0
junit4,Runner,countTestCases,JUnit4TestAdapter,0
junit4_auto,Description,removeIgnored,JUnit4TestAdapter,1
junit4,Description,isIgnored,JUnit4TestAdapter,0
junit4,Description,asTest,JUnit4TestAdapterCache,0
junit4,Description,createTest,JUnit4TestAdapterCache,0
junit4,Description,asTestList,JUnit4TestAdapterCache,0
junit4,Assert,assertTrue,TestCase,0
junit4,Assert,assertFalse,TestCase,0
junit4,Assert,fail,TestCase,0
junit4,Assert,assertEquals,TestCase,0
junit4,Assert,failNotEquals,TestCase,0
junit4,TestResult,run,TestSuite,0
junit4,TestResult,runTest,TestSuite,0
junit4_auto,TestResult,print,ResultPrinter,1
junit4_auto,TestResult,printFooter,ResultPrinter,1
junit4_auto,Runner,parallelize,ParallelComputer,1
junit4_auto,Computer,parallelize,ParallelComputer,1
junit4_auto,Computer,getRunner,ParallelComputer,1
junit4_auto,Suite,getIncludedCategory,Categories,1
junit4_auto,Suite,getExcludedCategory,Categories,1
junit4_auto,AnnotationValidator,addErrorMessage,CategoryValidator,1
junit4_auto,Description,buildRunner,MaxCore,1
junit4_auto,Request,findLeaves,MaxCore,1
junit4_auto,Description,findLeaves,MaxCore,1
junit4_auto,BlockJUnit4ClassRunner,collectInitializationErrors,Theories,1
junit4_auto,BlockJUnit4ClassRunner,methodBlock,Theories,1
junit4_auto,ParameterSignature,getSupplier,Assignments,1
junit4_auto,ParameterSignature,getSingleDataPointMethods,SpecificDataPointsSupplier,1
junit4_auto,AllMembersSupplier,getSingleDataPointMethods,SpecificDataPointsSupplier,1
junit4_auto,ParameterSignature,getDataPointsMethods,SpecificDataPointsSupplier,1
junit4_auto,AllMembersSupplier,getDataPointsMethods,SpecificDataPointsSupplier,1
junit4_auto,Result,printFooter,TextListener,1
junit4_auto,RunListener,printFooter,TextListener,1
junit4_auto,Request,getRunner,SortingRequest,1
junit4_auto,RunNotifier,runCause,ErrorReportingRunner,1
junit4_auto,Runner,runCause,ErrorReportingRunner,1
junit4_auto,Runner,makeDescription,JUnit38ClassRunner,1
junit4_auto,TestSuite,createSuiteDescription,JUnit38ClassRunner,1
junit4_auto,Runner,createSuiteDescription,JUnit38ClassRunner,1
junit4_auto,RunNotifier,invokeTestMethod,JUnit4ClassRunner,1
junit4_auto,Runner,invokeTestMethod,JUnit4ClassRunner,1
junit4_auto,RunNotifier,testAborted,JUnit4ClassRunner,1
junit4_auto,Description,testAborted,JUnit4ClassRunner,1
junit4_auto,Runner,testAborted,JUnit4ClassRunner,1
junit4_auto,Runner,methodDescription,JUnit4ClassRunner,1
junit4_auto,Statement,createTimeoutException,FailOnTimeout,1
junit4_auto,Verifier,addError,ErrorCollector,1
junit4_auto,ExternalResource,createTemporaryFolderWithNioApi,TemporaryFolder,1
junit4_auto,Statement,createFailOnTimeoutStatement,Timeout,1
junit4_auto,Request,createFilterFromFilterSpec,FilterFactories,1
junit4_auto,Computer,createRequest,JUnitCommandLineParseResult,1
junit4_auto,Computer,run,JUnitCore,1
junit4_auto,Request,run,JUnitCore,1
junit4_auto,Ordering,order,Orderer,1
junit4_auto,ParentRunner,collectInitializationErrors,BlockJUnit4ClassRunner,1
junit4_auto,Statement,possiblyExpectingExceptions,BlockJUnit4ClassRunner,1
junit4_auto,Statement,withPotentialTimeout,BlockJUnit4ClassRunner,1
junit4_auto,Statement,withBefores,BlockJUnit4ClassRunner,1
junit4_auto,Statement,withAfters,BlockJUnit4ClassRunner,1
junit4_auto,Statement,withRules,BlockJUnit4ClassRunner,1
junit4_auto,Suite,validateBeforeParamAndAfterParamMethods,Parameterized,1
junit4_auto,Runner,validateClassRules,ParentRunner,1
junit4_auto,Runner,classBlock,ParentRunner,1
junit4_auto,Statement,withBeforeClasses,ParentRunner,1
junit4_auto,Statement,withAfterClasses,ParentRunner,1
junit4_auto,Runner,getDescription,ParentRunner,1
junit4_auto,FrameworkMember,validatePublicVoidNoArg,FrameworkMethod,1
junit4_auto,FrameworkMember,validatePublicVoid,FrameworkMethod,1
junit4_auto,Runner,configureRunner,RunnerBuilder,1
junit4_auto,RunNotifier,classBlock,BlockJUnit4ClassRunnerWithParameters,1
junit4_auto,Statement,withBeforeParams,BlockJUnit4ClassRunnerWithParameters,1
junit4_auto,Statement,withAfterParams,BlockJUnit4ClassRunnerWithParameters,1
mybatis3_auto,Configuration,convertToDeclaredCollection,MapperMethod,1
mybatis3_auto,Configuration,addMapper,MapperRegistry,1
mybatis3,BaseBuilder,getCurrentNamespace,MapperBuilderAssistant,0
mybatis3,BaseBuilder,setCurrentNamespace,MapperBuilderAssistant,0
mybatis3,BaseBuilder,applyCurrentNamespace,MapperBuilderAssistant,0
mybatis3,BaseBuilder,useCacheRef,MapperBuilderAssistant,0
mybatis3_auto,BaseBuilder,useNewCache,MapperBuilderAssistant,1
mybatis3_auto,BaseBuilder,addParameterMap,MapperBuilderAssistant,1
mybatis3_auto,BaseBuilder,buildParameterMapping,MapperBuilderAssistant,1
mybatis3_auto,Discriminator,addResultMap,MapperBuilderAssistant,1
mybatis3_auto,BaseBuilder,addResultMap,MapperBuilderAssistant,1
mybatis3_auto,BaseBuilder,buildDiscriminator,MapperBuilderAssistant,1
mybatis3_auto,BaseBuilder,addMappedStatement,MapperBuilderAssistant,1
mybatis3,BaseBuilder,valueOrDefault,MapperBuilderAssistant,0
mybatis3_auto,BaseBuilder,getStatementParameterMap,MapperBuilderAssistant,1
mybatis3_auto,BaseBuilder,getStatementResultMaps,MapperBuilderAssistant,1
mybatis3_auto,BaseBuilder,buildResultMapping,MapperBuilderAssistant,1
mybatis3_auto,BaseBuilder,parseMultipleColumnNames,MapperBuilderAssistant,1
mybatis3_auto,BaseBuilder,parseCompositeColumnName,MapperBuilderAssistant,1
mybatis3_auto,BaseBuilder,resolveSetterType,MapperBuilderAssistant,1
mybatis3_auto,BaseBuilder,resolveParameterJavaType,MapperBuilderAssistant,1
mybatis3,BaseBuilder,getParameterMappings,ParameterMappingTokenHandler,0
mybatis3,BaseBuilder,handleToken,ParameterMappingTokenHandler,0
mybatis3_auto,MetaObject,buildParameterMapping,ParameterMappingTokenHandler,1
mybatis3,PropertyTokenizer,figureOutJavaType,ParameterMappingTokenHandler,0
mybatis3,MetaObject,figureOutJavaType,ParameterMappingTokenHandler,0
mybatis3,BaseBuilder,parseParameterMapping,ParameterMappingTokenHandler,0
mybatis3_auto,Discriminator,resolve,ResultMapResolver,1
mybatis3_auto,Configuration,buildSqlSource,SqlSourceBuilder,1
mybatis3,ProviderContext,createSqlSource,ProviderSqlSource,0
mybatis3,ProviderContext,extractProviderMethodArguments,ProviderSqlSource,0
mybatis3_auto,Configuration,getProviderType,ProviderSqlSource,1
mybatis3,XNode,parseConfiguration,XMLConfigBuilder,0
mybatis3,BaseBuilder,parseConfiguration,XMLConfigBuilder,0
mybatis3_auto,XNode,settingsAsProperties,XMLConfigBuilder,1
mybatis3_auto,BaseBuilder,settingsAsProperties,XMLConfigBuilder,1
mybatis3,BaseBuilder,loadCustomVfsImpl,XMLConfigBuilder,0
mybatis3_auto,BaseBuilder,loadCustomLogImpl,XMLConfigBuilder,1
mybatis3,XNode,typeAliasesElement,XMLConfigBuilder,0
mybatis3,BaseBuilder,typeAliasesElement,XMLConfigBuilder,0
mybatis3_auto,XNode,pluginsElement,XMLConfigBuilder,1
mybatis3_auto,BaseBuilder,pluginsElement,XMLConfigBuilder,1
mybatis3_auto,XNode,objectFactoryElement,XMLConfigBuilder,1
mybatis3_auto,BaseBuilder,objectFactoryElement,XMLConfigBuilder,1
mybatis3_auto,XNode,objectWrapperFactoryElement,XMLConfigBuilder,1
mybatis3_auto,BaseBuilder,objectWrapperFactoryElement,XMLConfigBuilder,1
mybatis3_auto,XNode,reflectorFactoryElement,XMLConfigBuilder,1
mybatis3_auto,BaseBuilder,reflectorFactoryElement,XMLConfigBuilder,1
mybatis3_auto,XNode,propertiesElement,XMLConfigBuilder,1
mybatis3_auto,BaseBuilder,settingsElement,XMLConfigBuilder,1
mybatis3,XNode,environmentsElement,XMLConfigBuilder,0
mybatis3,BaseBuilder,environmentsElement,XMLConfigBuilder,0
mybatis3_auto,XNode,databaseIdProviderElement,XMLConfigBuilder,1
mybatis3_auto,BaseBuilder,databaseIdProviderElement,XMLConfigBuilder,1
mybatis3_auto,XNode,transactionManagerElement,XMLConfigBuilder,1
mybatis3_auto,BaseBuilder,transactionManagerElement,XMLConfigBuilder,1
mybatis3_auto,XNode,dataSourceElement,XMLConfigBuilder,1
mybatis3_auto,BaseBuilder,dataSourceElement,XMLConfigBuilder,1
mybatis3,XNode,typeHandlersElement,XMLConfigBuilder,0
mybatis3,BaseBuilder,typeHandlersElement,XMLConfigBuilder,0
mybatis3,XNode,mappersElement,XMLConfigBuilder,0
mybatis3,BaseBuilder,mappersElement,XMLConfigBuilder,0
mybatis3,BaseBuilder,isSpecifiedEnvironment,XMLConfigBuilder,0
mybatis3,BaseBuilder,newConfig,XMLConfigBuilder,0
mybatis3_auto,Configuration,applyIncludes,XMLIncludeTransformer,1
mybatis3,Configuration,findSqlFragment,XMLIncludeTransformer,0
mybatis3_auto,XNode,parseStatementNode,XMLStatementBuilder,1
mybatis3_auto,XNode,processSelectKeyNodes,XMLStatementBuilder,1
mybatis3,BaseBuilder,parseSelectKeyNodes,XMLStatementBuilder,0
mybatis3_auto,XNode,parseSelectKeyNode,XMLStatementBuilder,1
mybatis3,BaseBuilder,removeSelectKeyNodes,XMLStatementBuilder,0
mybatis3,BaseBuilder,getLanguageDriver,XMLStatementBuilder,0
mybatis3,CacheKey,update,NullCacheKey,0
mybatis3,CacheKey,updateAll,NullCacheKey,0
mybatis3,CacheKey,getObject,TransactionalCacheManager,0
mybatis3,CacheKey,putObject,TransactionalCacheManager,0
mybatis3,RowBounds,getCurrentIndex,DefaultCursor,0
mybatis3,ResultMap,fetchNextObjectFromDatabase,DefaultCursor,0
mybatis3,PooledDataSource,toString,PoolState,1
mybatis3,PooledDataSource,isValid,PooledConnection,0
mybatis3,PooledDataSource,invoke,PooledConnection,0
mybatis3,UnpooledDataSource,getConnection,PooledDataSource,1
mybatis3,UnpooledDataSource,setDriver,PooledDataSource,1
mybatis3,UnpooledDataSource,setUrl,PooledDataSource,1
mybatis3,UnpooledDataSource,setUsername,PooledDataSource,1
mybatis3,UnpooledDataSource,setPassword,PooledDataSource,0
mybatis3,UnpooledDataSource,setDefaultAutoCommit,PooledDataSource,0
mybatis3,UnpooledDataSource,setDefaultTransactionIsolationLevel,PooledDataSource,1
mybatis3,UnpooledDataSource,setDriverProperties,PooledDataSource,1
mybatis3,UnpooledDataSource,setDefaultNetworkTimeout,PooledDataSource,1
mybatis3,UnpooledDataSource,getDriver,PooledDataSource,1
mybatis3,UnpooledDataSource,getUrl,PooledDataSource,0
mybatis3,UnpooledDataSource,getUsername,PooledDataSource,0
mybatis3,UnpooledDataSource,getPassword,PooledDataSource,0
mybatis3,UnpooledDataSource,isAutoCommit,PooledDataSource,0
mybatis3,UnpooledDataSource,getDefaultTransactionIsolationLevel,PooledDataSource,0
mybatis3,UnpooledDataSource,getDriverProperties,PooledDataSource,0
mybatis3,UnpooledDataSource,getDefaultNetworkTimeout,PooledDataSource,0
mybatis3,UnpooledDataSource,forceCloseAll,PooledDataSource,1
mybatis3,PoolState,forceCloseAll,PooledDataSource,1
mybatis3,PoolState,getPoolState,PooledDataSource,1
mybatis3,PooledConnection,pushConnection,PooledDataSource,1
mybatis3,PoolState,pushConnection,PooledDataSource,0
mybatis3,PoolState,popConnection,PooledDataSource,0
mybatis3,UnpooledDataSource,popConnection,PooledDataSource,0
mybatis3_auto,PooledConnection,pingConnection,PooledDataSource,1
mybatis3_auto,MetaObject,convertValue,UnpooledDataSourceFactory,1
mybatis3,PerpetualCache,close,BaseExecutor,0
mybatis3_auto,PerpetualCache,query,BaseExecutor,1
mybatis3_auto,PerpetualCache,deferLoad,BaseExecutor,1
mybatis3,Configuration,deferLoad,BaseExecutor,0
mybatis3_auto,Configuration,createCacheKey,BaseExecutor,1
mybatis3,PerpetualCache,isCached,BaseExecutor,0
mybatis3,PerpetualCache,clearLocalCache,BaseExecutor,0
mybatis3_auto,MappedStatement,handleLocallyCachedOutputParameters,BaseExecutor,1
mybatis3_auto,CacheKey,handleLocallyCachedOutputParameters,BaseExecutor,1
mybatis3_auto,BoundSql,handleLocallyCachedOutputParameters,BaseExecutor,1
mybatis3_auto,PerpetualCache,handleLocallyCachedOutputParameters,BaseExecutor,1
mybatis3_auto,Configuration,handleLocallyCachedOutputParameters,BaseExecutor,1
mybatis3_auto,MappedStatement,queryFromDatabase,BaseExecutor,1
mybatis3_auto,RowBounds,queryFromDatabase,BaseExecutor,1
mybatis3_auto,CacheKey,queryFromDatabase,BaseExecutor,1
mybatis3_auto,BoundSql,queryFromDatabase,BaseExecutor,1
mybatis3_auto,PerpetualCache,queryFromDatabase,BaseExecutor,1
mybatis3,ExecutorException,getBatchUpdateException,BatchExecutorException,0
mybatis3,ExecutorException,getSuccessfulBatchResults,BatchExecutorException,0
mybatis3,BatchResult,getFailingSqlStatement,BatchExecutorException,0
mybatis3,BatchResult,getFailingStatementId,BatchExecutorException,0
mybatis3,MappedStatement,getMappedStatement,BatchResult,0
mybatis3,TransactionalCacheManager,close,CachingExecutor,0
mybatis3,MappedStatement,update,CachingExecutor,0
mybatis3,MappedStatement,queryCursor,CachingExecutor,0
mybatis3,RowBounds,queryCursor,CachingExecutor,0
mybatis3_auto,MappedStatement,query,CachingExecutor,1
mybatis3_auto,RowBounds,query,CachingExecutor,1
mybatis3_auto,CacheKey,query,CachingExecutor,1
mybatis3_auto,BoundSql,query,CachingExecutor,1
mybatis3_auto,TransactionalCacheManager,query,CachingExecutor,1
mybatis3,TransactionalCacheManager,commit,CachingExecutor,0
mybatis3,TransactionalCacheManager,rollback,CachingExecutor,0
mybatis3,MappedStatement,ensureNoOutParams,CachingExecutor,0
mybatis3,BoundSql,ensureNoOutParams,CachingExecutor,0
mybatis3,MappedStatement,createCacheKey,CachingExecutor,0
mybatis3,RowBounds,createCacheKey,CachingExecutor,0
mybatis3,BoundSql,createCacheKey,CachingExecutor,0
mybatis3,MappedStatement,isCached,CachingExecutor,0
mybatis3,CacheKey,isCached,CachingExecutor,0
mybatis3,MappedStatement,deferLoad,CachingExecutor,1
mybatis3,MetaObject,deferLoad,CachingExecutor,1
mybatis3,CacheKey,deferLoad,CachingExecutor,1
mybatis3,MappedStatement,flushCacheIfRequired,CachingExecutor,1
mybatis3,TransactionalCacheManager,flushCacheIfRequired,CachingExecutor,1
mybatis3,Configuration,extractObjectFromList,ResultExtractor,0
mybatis3,MappedStatement,doUpdate,SimpleExecutor,0
mybatis3,MappedStatement,doQuery,SimpleExecutor,0
mybatis3,RowBounds,doQuery,SimpleExecutor,0
mybatis3,BoundSql,doQuery,SimpleExecutor,0
mybatis3_auto,MappedStatement,doQueryCursor,SimpleExecutor,1
mybatis3_auto,RowBounds,doQueryCursor,SimpleExecutor,1
mybatis3_auto,BoundSql,doQueryCursor,SimpleExecutor,1
mybatis3_auto,MappedStatement,processBatch,Jdbc3KeyGenerator,1
mybatis3_auto,Configuration,assignKeys,Jdbc3KeyGenerator,1
mybatis3,Configuration,assignKeysToParam,Jdbc3KeyGenerator,1
mybatis3,Configuration,assignKeysToParamMapList,Jdbc3KeyGenerator,1
mybatis3,Configuration,assignKeysToParamMap,Jdbc3KeyGenerator,1
mybatis3_auto,Configuration,getAssignerForParamMap,Jdbc3KeyGenerator,1
mybatis3,Configuration,getAssignerForSingleParam,Jdbc3KeyGenerator,0
mybatis3,MappedStatement,processBefore,SelectKeyGenerator,0
mybatis3,MappedStatement,processAfter,SelectKeyGenerator,0
mybatis3,MappedStatement,processGeneratedKeys,SelectKeyGenerator,0
mybatis3_auto,MetaObject,handleMultipleProperties,SelectKeyGenerator,1
mybatis3_auto,MappedStatement,handleMultipleProperties,SelectKeyGenerator,1
mybatis3_auto,MetaObject,setValue,SelectKeyGenerator,1
mybatis3,MappedStatement,selectList,ResultLoader,0
mybatis3,CacheKey,selectList,ResultLoader,0
mybatis3_auto,BoundSql,selectList,ResultLoader,1
mybatis3_auto,Configuration,newExecutor,ResultLoader,1
mybatis3_auto,MetaObject,addLoader,ResultLoaderMap,1
mybatis3_auto,ResultLoader,addLoader,ResultLoaderMap,1
mybatis3_auto,ResultLoaderMap,createProxy,JavassistProxyFactory,1
mybatis3_auto,Configuration,createProxy,JavassistProxyFactory,1
mybatis3_auto,AbstractSerialStateHolder,createDeserializationProxy,JavassistSerialStateHolder,1
mybatis3_auto,Configuration,handleOutputParameters,DefaultResultSetHandler,1
mybatis3_auto,BoundSql,handleOutputParameters,DefaultResultSetHandler,1
mybatis3,ParameterMapping,handleRefCursorOutputParameter,DefaultResultSetHandler,0
mybatis3,MetaObject,handleRefCursorOutputParameter,DefaultResultSetHandler,0
mybatis3,Configuration,handleRefCursorOutputParameter,DefaultResultSetHandler,0
mybatis3_auto,MappedStatement,handleResultSets,DefaultResultSetHandler,1
mybatis3_auto,Configuration,handleResultSets,DefaultResultSetHandler,1
mybatis3_auto,MappedStatement,handleCursorResultSets,DefaultResultSetHandler,1
mybatis3_auto,RowBounds,handleCursorResultSets,DefaultResultSetHandler,1
mybatis3,Configuration,getFirstResultSet,DefaultResultSetHandler,0
mybatis3,Configuration,getNextResultSet,DefaultResultSetHandler,0
mybatis3,MappedStatement,validateResultMapsCount,DefaultResultSetHandler,1
mybatis3,ResultMap,handleResultSet,DefaultResultSetHandler,1
mybatis3,RowBounds,handleResultSet,DefaultResultSetHandler,1
mybatis3_auto,ResultMap,handleRowValues,DefaultResultSetHandler,1
mybatis3,RowBounds,handleRowValues,DefaultResultSetHandler,0
mybatis3_auto,ResultMap,handleRowValuesForSimpleResultMap,DefaultResultSetHandler,1
mybatis3_auto,RowBounds,handleRowValuesForSimpleResultMap,DefaultResultSetHandler,1
mybatis3,RowBounds,shouldProcessMoreRows,DefaultResultSetHandler,0
mybatis3,RowBounds,skipRows,DefaultResultSetHandler,0
mybatis3_auto,ResultMap,getRowValue,DefaultResultSetHandler,1
mybatis3_auto,CacheKey,getRowValue,DefaultResultSetHandler,1
mybatis3_auto,Configuration,getRowValue,DefaultResultSetHandler,1
mybatis3_auto,ResultMap,shouldApplyAutomaticMappings,DefaultResultSetHandler,1
mybatis3,Configuration,shouldApplyAutomaticMappings,DefaultResultSetHandler,0
mybatis3_auto,ResultMap,applyPropertyMappings,DefaultResultSetHandler,1
mybatis3_auto,MetaObject,applyPropertyMappings,DefaultResultSetHandler,1
mybatis3_auto,ResultLoaderMap,applyPropertyMappings,DefaultResultSetHandler,1
mybatis3_auto,MetaObject,getPropertyMappingValue,DefaultResultSetHandler,1
mybatis3_auto,ResultLoaderMap,getPropertyMappingValue,DefaultResultSetHandler,1
mybatis3_auto,Configuration,getNestedCursorValue,DefaultResultSetHandler,1
mybatis3_auto,ResultMap,createAutomaticMappings,DefaultResultSetHandler,1
mybatis3_auto,MetaObject,createAutomaticMappings,DefaultResultSetHandler,1
mybatis3_auto,Configuration,createAutomaticMappings,DefaultResultSetHandler,1
mybatis3_auto,MappedStatement,createAutomaticMappings,DefaultResultSetHandler,1
mybatis3_auto,ResultMap,applyAutomaticMappings,DefaultResultSetHandler,1
mybatis3_auto,MetaObject,applyAutomaticMappings,DefaultResultSetHandler,1
mybatis3_auto,MetaObject,addPendingChildRelation,DefaultResultSetHandler,1
mybatis3_auto,ResultMap,createResultObject,DefaultResultSetHandler,1
mybatis3_auto,ResultLoaderMap,createResultObject,DefaultResultSetHandler,1
mybatis3_auto,CacheKey,createResultObject,DefaultResultSetHandler,1
mybatis3_auto,Configuration,createResultObject,DefaultResultSetHandler,1
mybatis3,CacheKey,createParameterizedResultObject,DefaultResultSetHandler,1
mybatis3,Configuration,createParameterizedResultObject,DefaultResultSetHandler,1
mybatis3_auto,ResultMap,createByConstructorSignature,DefaultResultSetHandler,1
mybatis3_auto,ResultMap,applyConstructorAutomapping,DefaultResultSetHandler,1
mybatis3_auto,Configuration,applyConstructorAutomapping,DefaultResultSetHandler,1
mybatis3,ResultMap,applyArgNameBasedConstructorAutoMapping,DefaultResultSetHandler,0
mybatis3,Configuration,applyArgNameBasedConstructorAutoMapping,DefaultResultSetHandler,0
mybatis3,Configuration,columnMatchesParam,DefaultResultSetHandler,0
mybatis3_auto,ResultMap,createPrimitiveResultObject,DefaultResultSetHandler,1
mybatis3_auto,Configuration,getNestedQueryConstructorValue,DefaultResultSetHandler,1
mybatis3_auto,MetaObject,getNestedQueryMappingValue,DefaultResultSetHandler,1
mybatis3_auto,ResultLoaderMap,getNestedQueryMappingValue,DefaultResultSetHandler,1
mybatis3_auto,Configuration,getNestedQueryMappingValue,DefaultResultSetHandler,1
mybatis3_auto,Configuration,prepareCompositeKeyParameter,DefaultResultSetHandler,1
mybatis3,ResultMap,resolveDiscriminatedResultMap,DefaultResultSetHandler,0
mybatis3,Configuration,resolveDiscriminatedResultMap,DefaultResultSetHandler,0
mybatis3_auto,Discriminator,getDiscriminatorValue,DefaultResultSetHandler,1
mybatis3_auto,ResultMap,handleRowValuesForNestedResultMap,DefaultResultSetHandler,1
mybatis3_auto,RowBounds,handleRowValuesForNestedResultMap,DefaultResultSetHandler,1
mybatis3_auto,ResultMap,linkNestedPendingCreations,DefaultResultSetHandler,1
mybatis3_auto,CacheKey,linkNestedPendingCreations,DefaultResultSetHandler,1
mybatis3_auto,Configuration,linkNestedPendingCreations,DefaultResultSetHandler,1
mybatis3,ResultMap,applyNestedPendingConstructorCreations,DefaultResultSetHandler,0
mybatis3,MetaObject,applyNestedPendingConstructorCreations,DefaultResultSetHandler,0
mybatis3,CacheKey,applyNestedPendingConstructorCreations,DefaultResultSetHandler,0
mybatis3_auto,Configuration,createPendingConstructorCreations,DefaultResultSetHandler,1
mybatis3,ResultMap,applyNestedResultMappings,DefaultResultSetHandler,0
mybatis3,MetaObject,applyNestedResultMappings,DefaultResultSetHandler,0
mybatis3,CacheKey,applyNestedResultMappings,DefaultResultSetHandler,0
mybatis3,ResultMapping,getColumnPrefix,DefaultResultSetHandler,0
mybatis3,Configuration,getNestedResultMap,DefaultResultSetHandler,0
mybatis3_auto,ResultMap,createRowKey,DefaultResultSetHandler,1
mybatis3_auto,CacheKey,combineKeys,DefaultResultSetHandler,1
mybatis3_auto,ResultMap,getResultMappingsForRowKey,DefaultResultSetHandler,1
mybatis3,ResultMap,createRowKeyForMappedProperties,DefaultResultSetHandler,0
mybatis3,CacheKey,createRowKeyForMappedProperties,DefaultResultSetHandler,0
mybatis3_auto,ResultMap,createRowKeyForUnmappedProperties,DefaultResultSetHandler,1
mybatis3_auto,CacheKey,createRowKeyForUnmappedProperties,DefaultResultSetHandler,1
mybatis3,CacheKey,createRowKeyForMap,DefaultResultSetHandler,0
mybatis3_auto,MetaObject,linkObjects,DefaultResultSetHandler,1
mybatis3_auto,Configuration,linkObjects,DefaultResultSetHandler,1
mybatis3_auto,MetaObject,instantiateCollectionPropertyIfAppropriate,DefaultResultSetHandler,1
mybatis3,ResultMap,initializeCollectionForResultMapping,PendingConstructorCreation,0
mybatis3,TypeHandlerRegistry,getTypeHandler,ResultSetWrapper,0
mybatis3,BoundSql,getBoundSql,BaseStatementHandler,0
mybatis3,BoundSql,prepare,BaseStatementHandler,0
mybatis3,MappedStatement,setStatementTimeout,BaseStatementHandler,0
mybatis3,Configuration,setStatementTimeout,BaseStatementHandler,0
mybatis3_auto,MappedStatement,setFetchSize,BaseStatementHandler,1
mybatis3_auto,Configuration,setFetchSize,BaseStatementHandler,1
mybatis3_auto,MappedStatement,generateKeys,BaseStatementHandler,1
mybatis3_auto,BaseStatementHandler,registerOutputParameters,CallableStatementHandler,1
mybatis3_auto,BaseStatementHandler,update,SimpleStatementHandler,1
mybatis3,BaseStatementHandler,batch,SimpleStatementHandler,0
mybatis3_auto,BaseStatementHandler,query,SimpleStatementHandler,1
mybatis3_auto,BaseStatementHandler,queryCursor,SimpleStatementHandler,1
mybatis3,BaseStatementHandler,instantiateStatement,SimpleStatementHandler,0
mybatis3,BaseStatementHandler,parameterize,SimpleStatementHandler,0
mybatis3,VFS,listResources,DefaultVFS,0
mybatis3,VFS,getPackagePath,DefaultVFS,0
mybatis3_auto,VFS,isJar,DefaultVFS,1
mybatis3,VFS,initialize,JBoss6VFS,0
mybatis3,VFS,checkNotNull,JBoss6VFS,0
mybatis3_auto,VFS,checkReturnType,JBoss6VFS,1
mybatis3,VFS,setInvalid,JBoss6VFS,0
mybatis3,VFS,isValid,JBoss6VFS,0
mybatis3_auto,VFS,list,JBoss6VFS,1
mybatis3,ClassLoaderWrapper,getDefaultClassLoader,Resources,0
mybatis3,ClassLoaderWrapper,setDefaultClassLoader,Resources,0
mybatis3,ClassLoaderWrapper,getResourceURL,Resources,1
mybatis3,ClassLoaderWrapper,getResourceAsStream,Resources,1
mybatis3,ClassLoaderWrapper,classForName,Resources,1
mybatis3,AbstractSQL,getSelf,SQL,0
mybatis3,BaseJdbcLogger,getConnection,ConnectionLogger,0
mybatis3,BaseJdbcLogger,getPreparedStatement,PreparedStatementLogger,0
mybatis3,BaseJdbcLogger,printColumnHeaders,ResultSetLogger,0
mybatis3,BaseJdbcLogger,printColumnValues,ResultSetLogger,0
mybatis3,BaseJdbcLogger,getRs,ResultSetLogger,0
mybatis3,BaseJdbcLogger,invoke,StatementLogger,0
mybatis3,BaseJdbcLogger,newInstance,StatementLogger,0
mybatis3,BaseJdbcLogger,getStatement,StatementLogger,0
mybatis3,MetaObject,setAdditionalParameter,BoundSql,0
mybatis3,MetaObject,getAdditionalParameter,BoundSql,0
mybatis3,ParameterMap,getParameterMap,MappedStatement,0
mybatis3_auto,ParameterMap,getBoundSql,MappedStatement,1
mybatis3,Discriminator,getDiscriminator,ResultMap,0
mybatis3,PropertyTokenizer,metaClassForProperty,MetaClass,0
mybatis3,PropertyTokenizer,getGetterType,MetaClass,0
mybatis3,MethodInvoker,invoke,AmbiguousMethodInvoker,0
mybatis3,PropertyTokenizer,resolveCollection,BaseWrapper,0
mybatis3,MetaObject,resolveCollection,BaseWrapper,0
mybatis3_auto,PropertyTokenizer,getCollectionValue,BaseWrapper,1
mybatis3_auto,PropertyTokenizer,setCollectionValue,BaseWrapper,1
mybatis3,PropertyTokenizer,getChildValue,BaseWrapper,0
mybatis3,MetaObject,getChildValue,BaseWrapper,0
mybatis3_auto,PropertyTokenizer,setChildValue,BaseWrapper,1
mybatis3_auto,MetaObject,setChildValue,BaseWrapper,1
mybatis3,MetaClass,findProperty,BeanWrapper,0
mybatis3,MetaClass,getGetterNames,BeanWrapper,0
mybatis3,MetaClass,getSetterNames,BeanWrapper,0
mybatis3_auto,MetaClass,getSetterType,BeanWrapper,1
mybatis3_auto,MetaClass,getGenericSetterType,BeanWrapper,1
mybatis3_auto,MetaClass,getGetterType,BeanWrapper,1
mybatis3_auto,MetaClass,getGenericGetterType,BeanWrapper,1
mybatis3,MetaClass,hasSetter,BeanWrapper,0
mybatis3,MetaClass,hasGetter,BeanWrapper,0
mybatis3,PropertyTokenizer,getBeanProperty,BeanWrapper,0
mybatis3,MetaClass,getBeanProperty,BeanWrapper,0
mybatis3,PropertyTokenizer,setBeanProperty,BeanWrapper,0
mybatis3,MetaClass,setBeanProperty,BeanWrapper,0
mybatis3,MetaObject,getWrapperFor,DefaultObjectWrapperFactory,0
mybatis3,PropertyTokenizer,get,MapWrapper,0
mybatis3,BaseWrapper,get,MapWrapper,0
mybatis3_auto,PropertyTokenizer,set,MapWrapper,1
mybatis3_auto,BaseWrapper,set,MapWrapper,1
mybatis3,BaseWrapper,findProperty,MapWrapper,0
mybatis3,BaseWrapper,getGetterNames,MapWrapper,0
mybatis3,BaseWrapper,getSetterNames,MapWrapper,0
mybatis3_auto,BaseWrapper,getSetterType,MapWrapper,1
mybatis3,BaseWrapper,getGenericSetterType,MapWrapper,0
mybatis3_auto,BaseWrapper,getGetterType,MapWrapper,1
mybatis3,BaseWrapper,getGenericGetterType,MapWrapper,0
mybatis3,BaseWrapper,hasSetter,MapWrapper,0
mybatis3_auto,BaseWrapper,hasGetter,MapWrapper,1
mybatis3_auto,PropertyTokenizer,instantiatePropertyValue,MapWrapper,1
mybatis3_auto,BaseWrapper,instantiatePropertyValue,MapWrapper,1
mybatis3,BaseWrapper,isCollection,MapWrapper,0
mybatis3,BaseWrapper,add,MapWrapper,0
mybatis3,BaseWrapper,addAll,MapWrapper,0
mybatis3_auto,MappedStatement,setParameters,DefaultParameterHandler,1
mybatis3_auto,BoundSql,setParameters,DefaultParameterHandler,1
mybatis3_auto,MetaObject,setParameters,DefaultParameterHandler,1
mybatis3_auto,Configuration,setParameters,DefaultParameterHandler,1
mybatis3,MetaObject,getParamMetaObject,DefaultParameterHandler,0
mybatis3,Configuration,getParamMetaObject,DefaultParameterHandler,0
mybatis3,XMLLanguageDriver,createSqlSource,RawLanguageDriver,0
mybatis3,XMLLanguageDriver,checkIsNotDynamic,RawLanguageDriver,0
mybatis3_auto,Configuration,initTokenParser,DynamicContext,1
mybatis3,ParameterMappingTokenHandler,getParameterMappings,DynamicContext,0
mybatis3_auto,Configuration,getBoundSql,DynamicSqlSource,1
mybatis3_auto,Configuration,apply,ForEachSqlNode,1
mybatis3,DynamicContext,applyIndex,ForEachSqlNode,0
mybatis3,DynamicContext,applyItem,ForEachSqlNode,0
mybatis3,DynamicContext,applyOpen,ForEachSqlNode,0
mybatis3,DynamicContext,applyClose,ForEachSqlNode,0
mybatis3,OgnlMemberAccess,getValue,OgnlCache,0
mybatis3,OgnlClassResolver,getValue,OgnlCache,0
mybatis3_auto,DynamicContext,apply,VarDeclSqlNode,1
mybatis3,MappedStatement,createParameterHandler,XMLLanguageDriver,0
mybatis3,BoundSql,createParameterHandler,XMLLanguageDriver,0
mybatis3_auto,Configuration,createSqlSource,XMLLanguageDriver,1
mybatis3_auto,XNode,createSqlSource,XMLLanguageDriver,1
mybatis3,BaseBuilder,initNodeHandlerMap,XMLScriptBuilder,0
mybatis3_auto,XNode,parseScriptNode,XMLScriptBuilder,1
mybatis3_auto,XNode,parseDynamicTags,XMLScriptBuilder,1
mybatis3_auto,BaseBuilder,parseDynamicTags,XMLScriptBuilder,1
mybatis3,Environment,getEnvironment,Configuration,1
mybatis3,Environment,setEnvironment,Configuration,1
mybatis3,MapperRegistry,getMapperRegistry,Configuration,0
mybatis3,InterceptorChain,getInterceptors,Configuration,0
mybatis3,LanguageDriverRegistry,getLanguageRegistry,Configuration,0
mybatis3,LanguageDriverRegistry,getDefaultScriptingLanguageInstance,Configuration,0
mybatis3,LanguageDriverRegistry,getLanguageDriver,Configuration,0
mybatis3_auto,MappedStatement,newParameterHandler,Configuration,1
mybatis3_auto,BoundSql,newParameterHandler,Configuration,1
mybatis3_auto,InterceptorChain,newParameterHandler,Configuration,1
mybatis3_auto,MappedStatement,newResultSetHandler,Configuration,1
mybatis3_auto,RowBounds,newResultSetHandler,Configuration,1
mybatis3_auto,BoundSql,newResultSetHandler,Configuration,1
mybatis3_auto,InterceptorChain,newResultSetHandler,Configuration,1
mybatis3_auto,MappedStatement,newStatementHandler,Configuration,1
mybatis3_auto,RowBounds,newStatementHandler,Configuration,1
mybatis3_auto,BoundSql,newStatementHandler,Configuration,1
mybatis3_auto,InterceptorChain,newStatementHandler,Configuration,1
mybatis3_auto,InterceptorChain,newExecutor,Configuration,1
mybatis3,ResultMap,addResultMap,Configuration,0
mybatis3,ParameterMap,addParameterMap,Configuration,0
mybatis3,MappedStatement,addMappedStatement,Configuration,0
mybatis3,CacheRefResolver,addIncompleteCacheRef,Configuration,0
mybatis3,ResultMapResolver,addIncompleteResultMap,Configuration,1
mybatis3,MethodResolver,addIncompleteMethod,Configuration,1
mybatis3,InterceptorChain,addInterceptor,Configuration,1
mybatis3,MapperRegistry,addMappers,Configuration,1
mybatis3,MapperRegistry,addMapper,Configuration,1
mybatis3,MapperRegistry,getMapper,Configuration,1
mybatis3,MapperRegistry,hasMapper,Configuration,1
mybatis3_auto,ResultMap,checkGloballyForDiscriminatedNestedResultMaps,Configuration,1
mybatis3,ResultMap,checkLocallyForDiscriminatedNestedResultMaps,Configuration,0
mybatis3,Configuration,build,SqlSessionFactoryBuilder,0
mybatis3_auto,RowBounds,selectMap,DefaultSqlSession,1
mybatis3,RowBounds,selectCursor,DefaultSqlSession,0
mybatis3,Configuration,selectCursor,DefaultSqlSession,0
mybatis3,RowBounds,selectList,DefaultSqlSession,0
mybatis3,Configuration,selectList,DefaultSqlSession,0
mybatis3,RowBounds,select,DefaultSqlSession,0
mybatis3,Configuration,update,DefaultSqlSession,0
mybatis3,Configuration,getMapper,DefaultSqlSession,0
mybatis3,Configuration,openSession,DefaultSqlSessionFactory,1
mybatis3,Configuration,getConfiguration,DefaultSqlSessionFactory,0
mybatis3,Configuration,createSqlSession,DefaultSqlSessionFactory,0
mybatis3,Configuration,openSessionFromDataSource,DefaultSqlSessionFactory,0
mybatis3,Configuration,openSessionFromConnection,DefaultSqlSessionFactory,0
mybatis3,Environment,getTransactionFactoryFromEnvironment,DefaultSqlSessionFactory,0
mybatis3,BaseTypeHandler,resolveTypeName,ArrayTypeHandler,0
mybatis3,BaseTypeHandler,extractArray,ArrayTypeHandler,0
mybatis3,Configuration,setConfiguration,BaseTypeHandler,0
mybatis3,BaseTypeHandler,toInputStream,BlobInputStreamTypeHandler,1
mybatis3,BaseTypeHandler,toPrimitiveBytes,BlobTypeHandler,0
mybatis3,BaseTypeHandler,getBytes,ByteObjectArrayTypeHandler,1
mybatis3,BaseTypeHandler,toCharacter,CharacterTypeHandler,1
mybatis3,BaseTypeHandler,toReader,ClobReaderTypeHandler,1
mybatis3,BaseTypeHandler,toOrdinalEnum,EnumOrdinalTypeHandler,1
mybatis3,BaseTypeHandler,getInstant,InstantTypeHandler,1
mybatis3,BaseTypeHandler,getJapaneseDate,JapaneseDateTypeHandler,0
mybatis3,BaseTypeHandler,toString,NClobTypeHandler,0
mybatis3,BaseTypeHandler,sqlxmlToString,SqlxmlTypeHandler,0
mybatis3,BaseTypeHandler,toDate,TimeOnlyTypeHandler,0
mybatis3_auto,BaseTypeHandler,resolveTypeHandler,UnknownTypeHandler,1
mybatis3_auto,Configuration,resolveTypeHandler,UnknownTypeHandler,1
mybatis3,BaseTypeHandler,safeGetJdbcTypeForColumn,UnknownTypeHandler,0
mybatis3,BaseTypeHandler,safeGetClassForColumn,UnknownTypeHandler,0
mybatis3,BaseTypeHandler,toYearMonth,YearMonthTypeHandler,0
mybatis3,BaseTypeHandler,setNonNullParameter,ZonedDateTimeTypeHandler,0
mybatis3,BaseTypeHandler,getNullableResult,ZonedDateTimeTypeHandler,0
netty_auto,LineBasedFrameDecoder,decode,DelimiterBasedFrameDecoder,1
netty_auto,CodecException,message,UnsupportedMessageTypeException,1
netty_auto,LengthFieldBasedFrameDecoder,decode,ObjectDecoder,1
netty_auto,MessageToByteEncoder,encode,ObjectEncoder,1
gephi_auto,Node,getPredecessor,AbstractShortestPathAlgorithm,1
gephi_auto,DegreeRankingImpl,getDegreeFunctions,AppearanceModelImpl,1
gephi_auto,InDegreeRankingImpl,getDegreeFunctions,AppearanceModelImpl,1
gephi_auto,OutDegreeRankingImpl,getDegreeFunctions,AppearanceModelImpl,1
gephi_auto,RankingImpl,readInterpolator,AppearanceModelPersistenceProvider,1
gephi_auto,PartitionImpl,getValues,EdgeTypePartitionImpl,1
gephi_auto,PartitionImpl,percentage,EdgeTypePartitionImpl,1
gephi_auto,RankingImpl,transform,FunctionImpl,1
gephi_auto,RankingImpl,transformAll,FunctionImpl,1
gephi_auto,PartitionImpl,transformPartition,FunctionImpl,1
gephi_auto,RankingImpl,transformRanking,FunctionImpl,1
gephi_auto,PartitionImpl,hasChanged,FunctionImpl,1
gephi_auto,Interpolator,getNormalizedValue,RankingImpl,1
gephi_auto,AttributeRankingImpl,getIndex,TimesetRankingImpl,1
gephi_auto,RankingElementColorTransformer,transform,RankingLabelColorTransformer,1
gephi_auto,RankingSizeTransformer,transform,RankingNodeSizeTransformer,1
gephi_auto,Node,findEdge,AttributeColumnsControllerImpl,1
gephi_auto,Node,duplicateNode,GraphElementsControllerImpl,1
gephi_auto,Node,createEdge,GraphElementsControllerImpl,1
gephi_auto,Node,mergeNodes,GraphElementsControllerImpl,1
gephi_auto,Node,buildEdge,GraphElementsControllerImpl,1
gephi_auto,Node,copyNode,GraphElementsControllerImpl,1
gephi_auto,GeneralCreateColumnFromRegex,execute,CreateFoundGroupsListColumn,1
gephi_auto,GeneralCreateColumnFromRegex,getUI,CreateFoundGroupsListColumn,1
gephi_auto,CreateTimeInterval,setup,CreateTimeIntervalUI,1
gephi_auto,CreateTimeInterval,unSetup,CreateTimeIntervalUI,1
gephi_auto,BasicEdgesManipulator,execute,SelectTargetOnGraph,1
gephi_auto,ManageColumnEstimators,unSetup,ManageColumnEstimatorsUI,1
gephi_auto,ManageColumnEstimators,refreshColumns,ManageColumnEstimatorsUI,1
gephi_auto,MergeNodeDuplicates,unSetup,MergeNodeDuplicatesUI,1
gephi_auto,MergeNodeDuplicates,loadBaseColumn,MergeNodeDuplicatesUI,1
gephi_auto,BasicNodesManipulator,execute,Settle,1
gephi_auto,MergeNodes,unSetup,MergeNodesUI,1
gephi_auto,MergeNodes,loadColumnsStrategies,MergeNodesUI,1
gephi_auto,MergeNodes,loadSelectedRow,MergeNodesUI,1
gephi_auto,AppearanceUIModel,setSelectedCategory,AppearanceUIController,1
gephi_auto,AppearanceUIModel,setSelectedTransformerUI,AppearanceUIController,1
gephi_auto,AppearanceUIModel,setSelectedFunction,AppearanceUIController,1
gephi_auto,AppearanceUIModel,setAutoApply,AppearanceUIController,1
gephi_auto,IntervalSetGraphicsComponentProvider,refreshCellRenderersConfiguration,AbstractElementsDataTable,1
gephi_auto,TimestampSetGraphicsComponentProvider,refreshCellRenderersConfiguration,AbstractElementsDataTable,1
gephi_auto,AbstractPopupAdapter,createPopup,NodesPopupAdapter,1
gephi_auto,FilterUIModel,activateWorkspace,FiltersTopComponent,1
gephi_auto,WorkspaceColumnsObservers,activateWorkspace,FiltersTopComponent,1
gephi_auto,FilterUIModel,setup,FiltersExplorer,1
gephi_auto,CategoryNode,saveExpandStatus,FiltersExplorer,1
gephi_auto,LayoutPresetPersistence,loadDefaultProperties,LayoutPanel,1
gephi_auto,LayoutPresetPersistence,reset,LayoutPanel,1
gephi_auto,Preset,deletePreset,LayoutPresetPersistence,1
gephi_auto,LayoutPresetPersistence,testSave,LayoutPresetPersistenceTest,1
gephi_auto,Contract,testSave,LayoutPresetPersistenceTest,1
gephi_auto,LayoutPresetPersistence,testSaveMultiple,LayoutPresetPersistenceTest,1
gephi_auto,Contract,testSaveMultiple,LayoutPresetPersistenceTest,1
gephi_auto,Contract,testLoad,LayoutPresetPersistenceTest,1
gephi_auto,LayoutPresetPersistence,testLoad,LayoutPresetPersistenceTest,1
gephi_auto,PreviewSketch,initTarget,PreviewTopComponent,1
gephi_auto,PreviewUIModelImpl,refreshPreview,PreviewUIControllerImpl,1
gephi_auto,PreviewUIModelImpl,setCurrentPreset,PreviewUIControllerImpl,1
gephi_auto,PreviewUIModelImpl,savePreset,PreviewUIControllerImpl,1
gephi_auto,SearchUIModel,actionPerformed,SearchAction,1
gephi_auto,ElementLabelSearchProvider,toHtmlDisplay,StartWithElementLabelSearchProvider,1
gephi_auto,Node,createPopup,NodePopup,1
gephi_auto,GraphGenerator,buildRequest,SearchControllerImplTest,1
gephi_auto,JSqueezeBoxPanel,setup,AvailableStatisticsChooser,1
gephi_auto,SparklineParameters,getImage,Sparkline,1
gephi_auto,TickParameters,getImage,TickGraph,1
gephi_auto,TickParameters,draw,TickGraph,1
gephi_auto,TickParameters,drawDate,TickGraph,1
gephi_auto,TickParameters,drawStartEnd,TickGraph,1
gephi_auto,TickParameters,drawReal,TickGraph,1
gephi_auto,DrawerSettings,paintComponent,TimelineDrawer,1
gephi_auto,Sparkline,paintComponent,TimelineDrawer,1
gephi_auto,DrawerSettings,mouseClicked,TimelineDrawer,1
gephi_auto,DrawerSettings,mousePressed,TimelineDrawer,1
gephi_auto,DrawerSettings,mouseMoved,TimelineDrawer,1
gephi_auto,DrawerSettings,mouseDragged,TimelineDrawer,1
gephi_auto,PropertiesBar,getToolbar,DesktopToolController,1
gephi_auto,Node,writeMatrixNode,ExporterCSV,1
gephi_auto,Node,writeListNode,ExporterCSV,1
gephi_auto,NormalizationHelper,defaultNodeColumns,ExporterGDF,1
gephi_auto,Node,writeNodePosition,ExporterGEXF,1
gephi_auto,NormalizationHelper,writeNodePosition,ExporterGEXF,1
gephi_auto,Node,writeNodeSize,ExporterGEXF,1
gephi_auto,NormalizationHelper,writeNodeSize,ExporterGEXF,1
gephi_auto,Node,writeNodeColor,ExporterGEXF,1
gephi_auto,Node,printNode,ExporterGML,1
gephi_auto,NormalizationHelper,printNode,ExporterGML,1
gephi_auto,Node,createNodeAttvalue,ExporterGraphML,1
gephi_auto,Node,createNode,ExporterGraphML,1
gephi_auto,Node,createNodeSize,ExporterGraphML,1
gephi_auto,NormalizationHelper,createNodeSize,ExporterGraphML,1
gephi_auto,Node,createNodeColorR,ExporterGraphML,1
gephi_auto,Node,createNodeColorG,ExporterGraphML,1
gephi_auto,Node,createNodeColorB,ExporterGraphML,1
gephi_auto,Node,createNodePositionX,ExporterGraphML,1
gephi_auto,NormalizationHelper,createNodePositionX,ExporterGraphML,1
gephi_auto,Node,createNodePositionY,ExporterGraphML,1
gephi_auto,NormalizationHelper,createNodePositionY,ExporterGraphML,1
gephi_auto,Node,createNodePositionZ,ExporterGraphML,1
gephi_auto,NormalizationHelper,createNodePositionZ,ExporterGraphML,1
gephi_auto,Node,createNodeLabel,ExporterGraphML,1
gephi_auto,NormalizationHelper,execute,ExporterJson,1
gephi_auto,ExportTable,exportData,ExporterSpreadsheet,1
gephi_auto,NormalizationHelper,exportData,ExporterVNA,1
gephi_auto,NormalizationHelper,exportNodeProperties,ExporterVNA,1
gephi_auto,GraphGenerator,createNodeExporter,SpreadsheetTest,1
gephi_auto,UIExporterDLPanel,setup,UIExporterDL,1
gephi_auto,UIExporterDLPanel,unsetup,UIExporterDL,1
gephi_auto,UIExporterGMLPanel,setup,UIExporterGML,1
gephi_auto,UIExporterGMLPanel,unsetup,UIExporterGML,1
gephi_auto,UIExporterVNAPanel,setup,UIExporterVNA,1
gephi_auto,UIExporterVNAPanel,unsetup,UIExporterVNA,1
gephi_auto,FilterAutoRefreshor,setSubQuery,FilterModelImpl,1
gephi_auto,FilterAutoRefreshor,removeSubQuery,FilterModelImpl,1
gephi_auto,FilterModelImpl,writeXML,FilterModelPersistenceProvider,1
gephi_auto,FilterModelImpl,writeQuery,FilterModelPersistenceProvider,1
gephi_auto,FilterModelImpl,readXML,FilterModelPersistenceProvider,1
gephi_auto,FilterModelImpl,readQuery,FilterModelPersistenceProvider,1
gephi_auto,AbstractQueryImpl,updateParameters,FilterQueryImpl,1
gephi_auto,AbstractQueryImpl,filter,FilterThread,1
gephi_auto,FilterModelImpl,filter,FilterThread,1
gephi_auto,AbstractQueryImpl,select,FilterThread,1
gephi_auto,FilterModelImpl,select,FilterThread,1
gephi_auto,JQuickHistogram,setupHistogram,RangePanel,1
gephi_auto,JQuickHistogram,buildTooltip,RangePanel,1
gephi_auto,RandomGraph,setup,RandomGraphUIImpl,1
gephi_auto,RandomGraph,unsetup,RandomGraphUIImpl,1
gephi_auto,NodeDraftImpl,toString,EdgeDraftImpl,1
gephi_auto,ElementFactoryImpl,getNode,ImportContainerImpl,1
gephi_auto,NodeDraftImpl,removeNode,ImportContainerImpl,1
gephi_auto,EdgeDraftImpl,mergeDirectedEdges,ImportContainerImpl,1
gephi_auto,EdgeDraftImpl,getLongId,ImportContainerImpl,1
gephi_auto,NodeDraftImpl,getLongId,ImportContainerImpl,1
gephi_auto,EdgeDraftImpl,getOpposite,ImportContainerImpl,1
gephi_auto,EdgeListDatabaseImpl,getNodes,ImporterEdgeList,1
gephi_auto,EdgeListDatabaseImpl,getEdges,ImporterEdgeList,1
gephi_auto,PropertiesAssociations,readAttribute,ImporterGraphML,1
gephi_auto,SpreadsheetGeneralConfiguration,execute,AbstractImporterSpreadsheet,1
gephi_auto,Issue,logIssue,SpreadsheetUtils,1
gephi_auto,Node,flushToNode,AbstractProcessor,1
gephi_auto,Node,findIncompatibleEdge,DefaultProcessor,1
gephi_auto,EdgeDraftImpl,testNewEdge,DynamicEdgeWeightTest,1
gephi_auto,EdgeDraftImpl,testMergeWeight,DynamicEdgeWeightTest,1
gephi_auto,EdgeDraftImpl,testPreserveEdgeWeight,DynamicEdgeWeightTest,1
gephi_auto,EdgeDraftImpl,setUp,EdgeWeightTest,1
gephi_auto,EdgeDraftImpl,testSumMergeStrategy,EdgeWeightTest,1
gephi_auto,EdgeDraftImpl,testFirstMergeStrategy,EdgeWeightTest,1
gephi_auto,EdgeDraftImpl,testLastMergeStrategy,EdgeWeightTest,1
gephi_auto,EdgeDraftImpl,testNoMergeStrategy,EdgeWeightTest,1
gephi_auto,EdgeDraftImpl,testAvgMergeStrategy,EdgeWeightTest,1
gephi_auto,EdgeDraftImpl,testAvgMergeStrategyWithThree,EdgeWeightTest,1
gephi_auto,EdgeDraftImpl,testMinMergeStrategy,EdgeWeightTest,1
gephi_auto,EdgeDraftImpl,testMaxMergeStrategy,EdgeWeightTest,1
gephi_auto,EdgeListPanel,setup,EdgeListDatabaseImporterUI,1
gephi_auto,EdgeListPanel,unsetup,EdgeListDatabaseImporterUI,1
gephi_auto,EdgeListDatabaseManager,getSelectedDatabase,EdgeListPanel,1
gephi_auto,EdgeListDatabaseImpl,populateForm,EdgeListPanel,1
gephi_auto,EdgeListDatabaseImpl,populateEdgeListDatabase,EdgeListPanel,1
gephi_auto,EdgeListDatabaseManager,removeConfigurationButtonActionPerformed,EdgeListPanel,1
gephi_auto,ImporterSpreadsheetCSV,storeSettings,WizardPanel1CSV,1
gephi_auto,ImporterSpreadsheetExcel,storeSettings,WizardPanel1Excel,1
gephi_auto,WizardVisualPanel2,storeSettings,WizardPanel2,1
gephi_auto,Node,distance,ForceVectorUtils,1
gephi_auto,Node,fcBiRepulsor,ForceVectorUtils,1
gephi_auto,Node,fcBiRepulsor_y,ForceVectorUtils,1
gephi_auto,Node,fcBiRepulsor_noCollide,ForceVectorUtils,1
gephi_auto,Node,fcUniRepulsor,ForceVectorUtils,1
gephi_auto,Node,fcBiAttractor,ForceVectorUtils,1
gephi_auto,Node,fcBiAttractor_noCollide,ForceVectorUtils,1
gephi_auto,Node,fcBiFlatAttractor,ForceVectorUtils,1
gephi_auto,Node,fcUniAttractor,ForceVectorUtils,1
gephi_auto,Node,moveNode,StepDisplacement,1
gephi_auto,ForceVector,moveNode,StepDisplacement,1
gephi_auto,Node,calculateForce,BarnesHut,1
gephi_auto,QuadTree,calculateForce,BarnesHut,1
gephi_auto,AbstractForce,calculateForce,BarnesHut,1
gephi_auto,AbstractLayout,updateStep,YifanHuLayout,1
gephi_auto,Region,goAlgo,ForceAtlas2,1
gephi_auto,Region,run,NodesThread,1
gephi_auto,Node,applyForce,Region,1
gephi_auto,Node,repulse,LabelAdjust,1
gephi_auto,AbstractLayout,repulse,LabelAdjust,1
gephi_auto,OpenOrdLayout,run,Combine,1
gephi_auto,Worker,initWorker,Control,1
gephi_auto,Node,add,DensityGrid,1
gephi_auto,Node,fineAdd,DensityGrid,1
gephi_auto,Combine,initAlgo,OpenOrdLayout,1
gephi_auto,Combine,goAlgo,OpenOrdLayout,1
gephi_auto,PreviewMouseEvent,sendMouseEvent,PreviewControllerImpl,1
gephi_auto,PreviewProperties,initProperties,PreviewModelImpl,1
gephi_auto,PreviewProperties,writeXML,PreviewModelImpl,1
gephi_auto,PreviewProperty,addProperty,PreviewProperties,1
gephi_auto,AbstractColorPropertyEditor,getAsText,BasicEdgeColorPropertyEditor,1
gephi_auto,AbstractColorPropertyEditor,setAsText,BasicEdgeColorPropertyEditor,1
gephi_auto,UIExporterPDFPanel,setup,UIExporterPDF,1
gephi_auto,UIExporterPDFPanel,unsetup,UIExporterPDF,1
gephi_auto,PDFExporter,setup,UIExporterPDFPanel,1
gephi_auto,PDFExporter,unsetup,UIExporterPDFPanel,1
gephi_auto,UIExporterPNGPanel,setup,UIExporterPNG,1
gephi_auto,UIExporterPNGPanel,unsetup,UIExporterPNG,1
gephi_auto,AbstractLabelBuilder,getItems,NodeLabelBuilder,1
gephi_auto,PreviewProperties,showArrows,ArrowRenderer,1
gephi_auto,PreviewProperties,showEdgeLabels,EdgeLabelRenderer,1
gephi_auto,PreviewProperties,getCanvasSize,EdgeRenderer,1
gephi_auto,EdgeColor,getProperties,EdgeRenderer,1
gephi_auto,PreviewProperties,showEdges,EdgeRenderer,1
gephi_auto,PreviewProperties,render,NodeLabelRenderer,1
gephi_auto,Node,renderSVG,NodeLabelRenderer,1
gephi_auto,Node,renderPDF,NodeLabelRenderer,1
gephi_auto,DependantOriginalColor,getProperties,NodeLabelRenderer,1
gephi_auto,PreviewProperties,showNodeLabels,NodeLabelRenderer,1
gephi_auto,PreviewProperties,renderG2D,NodeRenderer,1
gephi_auto,ProjectsImpl,newProjectInternal,ProjectControllerImpl,1
gephi_auto,ProjectsImpl,removeProject,ProjectControllerImpl,1
gephi_auto,ProjectsImpl,openProjectInternal,ProjectControllerImpl,1
gephi_auto,WorkspaceProviderImpl,newWorkspace,ProjectImpl,1
gephi_auto,ProjectsImpl,execute,LoadTask,1
gephi_auto,StatisticsModelImpl,executeStatic,StatisticsControllerImpl,1
gephi_auto,StatisticsModelImpl,executeDynamic,StatisticsControllerImpl,1
gephi_auto,Node,createNeighbourTable,ClusteringCoefficient,1
gephi_auto,Node,tarjans,ConnectedComponents,1
gephi_auto,Modularity,setup,ModularityUI,1
gephi_auto,Modularity,unsetup,ModularityUI,1
gephi_auto,DynamicClusteringCoefficient,setup,DynamicClusteringCoefficientUI,1
gephi_auto,DynamicClusteringCoefficient,unsetup,DynamicClusteringCoefficientUI,1
gephi_auto,DynamicDegree,setup,DynamicDegreeUI,1
gephi_auto,DynamicDegree,unsetup,DynamicDegreeUI,1
gephi_auto,TimelineModelImpl,setMinMax,TimelineControllerImpl,1
gephi_auto,TimelineModelImpl,setCustomBounds,TimelineControllerImpl,1
gephi_auto,TimelineModelImpl,setEnabled,TimelineControllerImpl,1
gephi_auto,TimelineModelImpl,setInterval,TimelineControllerImpl,1
gephi_auto,TimelineModelImpl,selectColumn,TimelineControllerImpl,1
gephi_auto,TimelineModelImpl,startPlay,TimelineControllerImpl,1
gephi_auto,Node,updatePanel,EdgePencil,1
gephi_auto,Node,getListeners,EdgePencil,1
gephi_auto,Node,editNode,EditToolTopComponent,1
gephi_auto,MultiThumbSliderUI,getMinimumSize,GradientSliderUI,1
gephi_auto,MultiThumbSliderUI,getPreferredSize,GradientSliderUI,1
gephi_auto,JRichTooltipPanel,paintBackground,BasicRichTooltipPanelUI,1
gephi_auto,SplineEditor,buildDebugControls,SplineControlPanel,1
gephi_auto,EquationDisplay,saveAsTemplate,SplineDisplay,1
gephi_auto,EquationDisplay,paintControlPoint,SplineDisplay,1
gephi_auto,EquationDisplay,getDraggableArea,SplineDisplay,1
gephi_auto,EquationDisplay,paintSpline,SplineDisplay,1
gephi_auto,EquationDisplay,resetSelection,SplineDisplay,1
gephi_auto,SplineControlPanel,setControl1,SplineEditor,1
gephi_auto,SplineControlPanel,setControl2,SplineEditor,1
gephi_auto,AbstractEquation,drawEquation,EquationDisplay,1
gephi_auto,SparklineParameters,paintComponent,SparklineComponent,1
gephi_auto,SparklineParameters,draw,SparklineGraph,1
gephi_auto,Vec3f,closestPointToRay,Line,1
gephi_auto,Vec2f,xformVec,Mat2f,1
gephi_auto,Vec3f,setCol,Mat3f,1
gephi_auto,Vec3f,setRow,Mat3f,1
gephi_auto,Vec3f,xformVec,Mat3f,1
gephi_auto,Vec3f,setTranslation,Mat4f,1
gephi_auto,Vec3f,setRotation,Mat4f,1
gephi_auto,Vec3f,setScale,Mat4f,1
gephi_auto,Vec3f,setNormal,PlaneUV,1
gephi_auto,Vec3f,projectPoint,PlaneUV,1
gephi_auto,Vec2f,projectPoint,PlaneUV,1
gephi_auto,Vec3f,intersectRay,PlaneUV,1
gephi_auto,IntersectionPoint,intersectRay,PlaneUV,1
gephi_auto,Vec2f,intersectRay,PlaneUV,1
gephi_auto,Vec3f,setEverything,PlaneUV,1
gephi_auto,Mat4f,fromMatrix,Rotf,1
gephi_auto,Vec2f,add,Vec2f,1
gephi_auto,Vec2f,addScaled,Vec2f,1
gephi_auto,Vec2f,sub,Vec2f,1
gephi_auto,Vec3d,add,Vec3d,1
gephi_auto,Vec3d,addScaled,Vec3d,1
gephi_auto,Vec3d,sub,Vec3d,1
gephi_auto,Vec3d,cross,Vec3d,1
gephi_auto,Vec3f,add,Vec3f,1
gephi_auto,Vec3f,addScaled,Vec3f,1
gephi_auto,Vec3f,sub,Vec3f,1
gephi_auto,Vec3f,cross,Vec3f,1
gephi_auto,Vec4f,add,Vec4f,1
gephi_auto,Vec4f,addScaled,Vec4f,1
gephi_auto,Vec4f,sub,Vec4f,1
gephi_auto,Vec3f,getDistanceFromPoint,GraphLimits,1
gephi_auto,VizConfig,initInstances,VizController,1
gephi_auto,AbstractEngine,initInstances,VizController,1
gephi_auto,GraphLimits,initInstances,VizController,1
gephi_auto,VizModel,initInstances,VizController,1
gephi_auto,SelectionManager,initInstances,VizController,1
gephi_auto,VizModel,refreshWorkspace,VizController,1
gephi_auto,AbstractEngine,destroy,VizController,1
gephi_auto,SelectionManager,destroy,VizController,1
gephi_auto,VizModel,getEdgeTextColumns,VizController,1
gephi_auto,VizModel,getNodeTextColumns,VizController,1
gephi_auto,VizConfig,defaultValues,VizModel,1
gephi_auto,TextModelImpl,defaultValues,VizModel,1
gephi_auto,TextModelImpl,writeXML,VizModel,1
gephi_auto,AbstractEngine,setRectangleSelection,SelectionManager,1
gephi_auto,VizConfig,setDirectMouseSelection,SelectionManager,1
gephi_auto,AbstractEngine,setDirectMouseSelection,SelectionManager,1
gephi_auto,VizConfig,setDraggingMouseSelection,SelectionManager,1
gephi_auto,AbstractEngine,setDraggingMouseSelection,SelectionManager,1
gephi_auto,VizConfig,setCustomSelection,SelectionManager,1
gephi_auto,AbstractEngine,setCustomSelection,SelectionManager,1
gephi_auto,VizModel,selectNodes,SelectionManager,1
gephi_auto,AbstractEngine,selectNodes,SelectionManager,1
gephi_auto,VizModel,selectEdges,SelectionManager,1
gephi_auto,AbstractEngine,selectEdges,SelectionManager,1
gephi_auto,Node,centerOnNode,SelectionManager,1
gephi_auto,AbstractEngine,centerOnNode,SelectionManager,1
gephi_auto,AbstractEngine,centerOnEdge,SelectionManager,1
gephi_auto,BasicItem,getSubItems,CopyOrMoveToWorkspace,1
gephi_auto,BasicItem,copyToWorkspace,CopyOrMoveToWorkspaceSubItem,1
gephi_auto,BasicItem,delete,CopyOrMoveToWorkspaceSubItem,1
gephi_auto,TextModelImpl,updateWorld,DataBridge,1
gephi_auto,GraphLimits,updateWorld,DataBridge,1
gephi_auto,TextModelImpl,hasColumnsChanged,DataBridge,1
gephi_auto,AbstractEngine,reset,DataBridge,1
gephi_auto,TextModelImpl,reset,DataBridge,1
gephi_auto,TextModelImpl,refreshNodeColumns,DataBridge,1
gephi_auto,TextModelImpl,refreshEdgeColumns,DataBridge,1
gephi_auto,VizToolbar,createDefaultGroups,VizBarController,1
gephi_auto,VizToolbar,getToolbar,VizBarController,1
gephi_auto,AbstractEngine,mouseLeftClick,StandardVizEventManager,1
gephi_auto,AbstractEngine,mouseLeftPress,StandardVizEventManager,1
gephi_auto,AbstractEngine,mouseLeftPressing,StandardVizEventManager,1
gephi_auto,Vec3f,display,SelfLoopModel,1
gephi_auto,VizModel,display,NodeDiskModel,1
gephi_auto,EdgeModel,addEdge,NodeModel,1
gephi_auto,EdgeModel,removeEdge,NodeModel,1
gephi_auto,Node,initModel,NodeModeler,1
gephi_auto,Modeler,initModel,NodeModeler,1
gephi_auto,Modeler,chooseModel,NodeModeler,1
gephi_auto,Modeler,cameraDistance,NodeModeler,1
gephi_auto,Octant,addNode,Octree,1
gephi_auto,Octant,subdivide,Octree,1
gephi_auto,Octant,clampPosition,Octree,1
gephi_auto,GraphLimits,refreshLimits,Octree,1
gephi_auto,GraphLimits,updateVisibleOctant,Octree,1
gephi_auto,DataBridge,initArchitecture,AbstractEngine,1
gephi_auto,TextManager,initArchitecture,AbstractEngine,1
gephi_auto,DataBridge,getNodeModelsForNodes,AbstractEngine,1
gephi_auto,CompatibilityScheduler,initArchitecture,CompatibilityEngine,1
gephi_auto,AbstractEngine,initOctree,CompatibilityEngine,1
gephi_auto,AbstractEngine,updateSelection,CompatibilityEngine,1
gephi_auto,AbstractEngine,beforeDisplay,CompatibilityEngine,1
gephi_auto,AbstractEngine,display,CompatibilityEngine,1
gephi_auto,AbstractEngine,afterDisplay,CompatibilityEngine,1
gephi_auto,AbstractEngine,mouseMove,CompatibilityEngine,1
gephi_auto,AbstractEngine,startDrag,CompatibilityEngine,1
gephi_auto,AbstractEngine,getSelectedNodes,CompatibilityEngine,1
gephi_auto,AbstractEngine,getSelectedEdges,CompatibilityEngine,1
gephi_auto,AbstractEngine,getSelectedUnderlyingNodes,CompatibilityEngine,1
gephi_auto,AbstractEngine,selectObject,CompatibilityEngine,1
gephi_auto,AbstractEngine,initObject3dClass,CompatibilityEngine,1
gephi_auto,AbstractEngine,initSelection,CompatibilityEngine,1
gephi_auto,CompatibilityEngine,initArchitecture,CompatibilityScheduler,1
gephi_auto,VizConfig,initArchitecture,CompatibilityScheduler,1
gephi_auto,BasicFPSAnimator,stop,CompatibilityScheduler,1
gephi_auto,SelectionManager,mouseTest,Cylinder,1
gephi_auto,SelectionManager,drawArea,Cylinder,1
gephi_auto,Vecf,mouseTest,Rectangle,1
gephi_auto,GraphicalConfiguration,init,GLAbstractListener,1
gephi_auto,AbstractEngine,init,GLAbstractListener,1
gephi_auto,Vec3f,setCameraPosition,GLAbstractListener,1
gephi_auto,GLAbstractListener,initArchitecture,StandardGraphIO,1
gephi_auto,AbstractEngine,initArchitecture,StandardGraphIO,1
gephi_auto,GraphLimits,initArchitecture,StandardGraphIO,1
gephi_auto,AbstractEngine,mouseReleased,StandardGraphIO,1
gephi_auto,AbstractEngine,mouseMoved,StandardGraphIO,1
gephi_auto,AbstractEngine,mouseDragged,StandardGraphIO,1
gephi_auto,GraphLimits,mouseWheelMoved,StandardGraphIO,1
gephi_auto,AbstractEngine,mouseWheelMoved,StandardGraphIO,1
gephi_auto,AbstractEngine,setCameraDistance,StandardGraphIO,1
gephi_auto,AbstractEngine,centerOnZero,StandardGraphIO,1
gephi_auto,GraphLimits,centerOnGraph,StandardGraphIO,1
gephi_auto,AbstractEngine,centerOnGraph,StandardGraphIO,1
gephi_auto,TextModelImpl,refreshNode,TextManager,1
gephi_auto,EdgeModel,refreshEdge,TextManager,1
gephi_auto,TextModelImpl,refreshEdge,TextManager,1
gephi_auto,VizConfig,textColor,UniqueColorMode,1
plantuml_auto,Diagram,ok,JsonResult,1
plantuml_auto,CharSet,addChar,ChallengeCharSet,1
plantuml_auto,CharSet,addRange,ChallengeCharSet,1
plantuml_auto,UBrexPart,create,UBrexNamed,1
plantuml_auto,ST_dt_s,dtflatten,dtflatten__c,1
plantuml_auto,ST_Agnode_s,x_val,ns__c,1
plantuml_auto,ST_boxf,adjustBB_,postproc__c,1
plantuml_auto,ST_textlabel_t,addXLabel_,postproc__c,1
plantuml_auto,ST_pointf,addXLabel_,postproc__c,1
plantuml_auto,ST_cinfo_t,addClusterObj_,postproc__c,1
plantuml_auto,ST_Agnode_s,compassPort,shapes__c,1
plantuml_auto,ST_boxf,compassPort,shapes__c,1
plantuml_auto,ST_port,compassPort,shapes__c,1
plantuml_auto,CString,compassPort,shapes__c,1
plantuml_auto,ST_inside_t,compassPort,shapes__c,1
plantuml_auto,ST_splines,dotneato_closest_,utils__c,1
plantuml_auto,ST_RTree,InitPVars,split_q__c,1
plantuml_auto,ST_point,hd_hil_s_from_xy_,xlabels__c,1
plantuml_auto,ST_XLabels_t,xlintersections_,xlabels__c,1
plantuml_auto,ST_object_t,xlintersections_,xlabels__c,1
plantuml_auto,ST_XLabels_t,xladjust_,xlabels__c,1
plantuml_auto,ST_object_t,xladjust_,xlabels__c,1
plantuml_auto,ST_pointnlink_t,realloc,shortest__c,1
plantuml_auto,ST_triangle_t,realloc2,shortest__c,1
plantuml_auto,UnsupportedStarStruct,pointfof,ST_pointf,1
plantuml_auto,UnsupportedStarStruct,add_pointf,ST_pointf,1
plantuml_auto,UnsupportedStarStruct,copy,ST_pointf,1
plantuml_auto,ST_pointf,copy,ST_port,1
plantuml_auto,ST_boxf,copy,ST_port,1
plantuml_auto,CString,copy,ST_port,1
plantuml_auto,Transformation,paint,GraphicsPlotCanvas,1
plantuml_auto,GraphicalElement,paint,GraphicsPlotCanvas,1
plantuml_auto,Plot,drawPlot,GraphicsPlotCanvas,1
plantuml_auto,PlotCanvas,drawPlot,GraphicsPlotCanvas,1
plantuml_auto,Transformation,calculateTransformation,GraphicsPlotCanvas,1
plantuml_auto,DataEvent,notifyListeners,DataContainer,1
plantuml_auto,GraphPoint,isInside,ClippingRectangle,1
plantuml_auto,GraphPoint,createAxis,AxisParameters,1
plantuml_auto,AbstractSymbolFactory,createSymbol,BarFactory,1
plantuml_auto,GraphPoint,createView,CartesianCoordinateSystem,1
plantuml_auto,AxisParameters,createView,CartesianCoordinateSystem,1
plantuml_auto,AxisParameters,createLabel,CartesianCoordinateSystem,1
plantuml_auto,AxisParameters,createTicsAndGrid,CartesianCoordinateSystem,1
plantuml_auto,CartesianTransformation,createTicsAndGrid,CartesianCoordinateSystem,1
plantuml_auto,GraphPoint,addLine,CartesianCoordinateSystem,1
plantuml_auto,GraphPoint,createSymbol,ErrorBarFactory,1
plantuml_auto,GraphicalElement,setCoordinateSystem,Plot,1
plantuml_auto,Transformation,setCoordinateSystem,Plot,1
plantuml_auto,DataPlot,setCoordinateSystem,Plot,1
plantuml_auto,PlotEvent,notifyListeners,Plot,1
plantuml_auto,GraphicalElement,getCompletePlot,Plot,1
plantuml_auto,DataEvent,dataChanged,Plot,1
plantuml_auto,DataPlot,dataChanged,Plot,1
plantuml_auto,DataPlot,generateCurves,Plot,1
plantuml_auto,Legend,generateCurves,Plot,1
plantuml_auto,DataCurve,fillCurve,Plot,1
plantuml_auto,Transformation,fillCurve,Plot,1
plantuml_auto,GraphPoint,addPoint,SimpleCurve,1
plantuml_auto,Polygon,addPoint,SimpleCurve,1
plantuml_auto,Polygon,render,Graphics2DRenderer,1
plantuml_auto,Rectangle,render,Graphics2DRenderer,1
plantuml_auto,Oval,render,Graphics2DRenderer,1
plantuml_auto,BasicGraphicalElement,drawShape,Graphics2DRenderer,1
plantuml_auto,Text,render,Graphics2DRenderer,1
plantuml_auto,FontStyle,createFont,Graphics2DRenderer,1
plantuml_auto,DataPoint,transformToGraph,CartesianTransformation,1
plantuml_auto,GraphPoint,transformToData,CartesianTransformation,1
plantuml_auto,ConfigParameters,get,ConfigParametersBasedConfigData,1
plantuml_auto,USymbol,gotoGroup,CucaDiagram,1
plantuml_auto,FileFormatOption,styled,ImageBuilder,1
plantuml_auto,HColor,styled,ImageBuilder,1
plantuml_auto,ClockwiseTopRightBottomLeft,styled,ImageBuilder,1
plantuml_auto,FileFormatOption,writeImageInternal,ImageBuilder,1
plantuml_auto,ClockwiseTopRightBottomLeft,writeImageInternal,ImageBuilder,1
plantuml_auto,ClockwiseTopRightBottomLeft,getFinalDimension,ImageBuilder,1
plantuml_auto,Pragma,createUGraphic,ImageBuilder,1
plantuml_auto,HColor,createUGraphic,ImageBuilder,1
plantuml_auto,Pragma,createUGraphicSVG,ImageBuilder,1
plantuml_auto,HColor,createUGraphicSVG,ImageBuilder,1
plantuml_auto,FileFormatOption,createUGraphicSVG,ImageBuilder,1
plantuml_auto,HColor,createUGraphicPNG,ImageBuilder,1
plantuml_auto,FileFormatOption,createUGraphicPNG,ImageBuilder,1
plantuml_auto,UmlSource,getMetadata,AbstractPSystem,1
plantuml_auto,UmlSource,getTitle,AbstractPSystem,1
plantuml_auto,AnnotatedBuilder,addAdd,AnnotatedWorker,1
plantuml_auto,AnnotatedBuilder,addLegend,AnnotatedWorker,1
plantuml_auto,AnnotatedBuilder,addTitle,AnnotatedWorker,1
plantuml_auto,AnnotatedBuilder,addCaption,AnnotatedWorker,1
plantuml_auto,Diagram,getDiagram,BlockUml,1
plantuml_auto,AbstractTextBlock,createAndSkip,EmbeddedDiagram,1
plantuml_auto,AbstractTextBlock,getImageSvg,EmbeddedDiagram,1
plantuml_auto,AbstractTextBlock,getImageSlow,EmbeddedDiagram,1
plantuml_auto,AbstractTextBlock,getSystem,EmbeddedDiagram,1
plantuml_auto,TikzFontDistortion,withUseRedForError,FileFormatOption,1
plantuml_auto,TikzFontDistortion,withTikzFontDistortion,FileFormatOption,1
plantuml_auto,TikzFontDistortion,withSvgLinkTarget,FileFormatOption,1
plantuml_auto,TikzFontDistortion,withPreserveAspectRatio,FileFormatOption,1
plantuml_auto,TikzFontDistortion,withHoverColor,FileFormatOption,1
plantuml_auto,TikzFontDistortion,withScale,FileFormatOption,1
plantuml_auto,TikzFontDistortion,withWartermark,FileFormatOption,1
plantuml_auto,TikzFontDistortion,withColorMapper,FileFormatOption,1
plantuml_auto,Diagram,logData,OptionFlags,1
plantuml_auto,Diagram,exportDiagrams,PSystemUtils,1
plantuml_auto,SuggestedFile,exportDiagrams,PSystemUtils,1
plantuml_auto,FileFormatOption,exportDiagrams,PSystemUtils,1
plantuml_auto,NewpagedDiagram,exportDiagramsNewpaged,PSystemUtils,1
plantuml_auto,SuggestedFile,exportDiagramsNewpaged,PSystemUtils,1
plantuml_auto,FileFormatOption,exportDiagramsNewpaged,PSystemUtils,1
plantuml_auto,SuggestedFile,exportDiagramsSequence,PSystemUtils,1
plantuml_auto,FileFormatOption,exportDiagramsSequence,PSystemUtils,1
plantuml_auto,SuggestedFile,createFilesHtml,PSystemUtils,1
plantuml_auto,SuggestedFile,splitPng,PSystemUtils,1
plantuml_auto,FileFormatOption,splitPng,PSystemUtils,1
plantuml_auto,Diagram,exportDiagramsDefault,PSystemUtils,1
plantuml_auto,SuggestedFile,exportDiagramsDefault,PSystemUtils,1
plantuml_auto,FileFormatOption,exportDiagramsDefault,PSystemUtils,1
plantuml_auto,SourceStringReader,generateDiagram,Pipe,1
plantuml_auto,SourceStringReader,createPipeMapForDiagram,Pipe,1
plantuml_auto,SourceStringReader,syntaxCheckDiagram,Pipe,1
plantuml_auto,FileFormatOption,outputImage,SourceStringReader,1
plantuml_auto,FileFormatOption,noValidStartFound,SourceStringReader,1
plantuml_auto,Pattern2,getSplit,StringUtils,1
plantuml_auto,SkinParam,getCurrentStyleBuilder,TitledDiagram,1
plantuml_auto,SkinParam,setParam,TitledDiagram,1
plantuml_auto,AbstractPSystem,loadSkin,TitledDiagram,1
plantuml_auto,AbstractPSystem,calculateBackColor,TitledDiagram,1
plantuml_auto,ColorMapper,muteColorMapper,TitledDiagram,1
plantuml_auto,AbstractPSystem,muteColorMapper,TitledDiagram,1
plantuml_auto,AbstractPSystem,join,TitledDiagram,1
plantuml_auto,SuggestedFile,exportCmap,UmlDiagram,1
plantuml_auto,WithLinkType,idCommentForSvg,Link,1
plantuml_auto,WithLinkType,commentForSvg,Link,1
plantuml_auto,Url,getInv,Link,1
plantuml_auto,Bibliotekon,getEntityPort,Link,1
plantuml_auto,WithLinkType,getEntityPort,Link,1
plantuml_auto,WithLinkType,getType,Link,1
plantuml_auto,WithLinkType,isReallyGroup,Link,1
plantuml_auto,WithLinkType,getTypePatchCluster,Link,1
plantuml_auto,WithLinkType,getTypeSpecialForPrinting,Link,1
plantuml_auto,UFont,getQuantifierMargin,Link,1
plantuml_auto,WithLinkType,getQuantifierMargin,Link,1
plantuml_auto,WithLinkType,hasEntryPoint,Link,1
plantuml_auto,WithLinkType,hasTwoEntryPointsSameContainer,Link,1
plantuml_auto,ConditionalContext,startIf,ActivityDiagram,1
plantuml_auto,ActivityDiagram,getEntity,CommandLinkActivity,1
plantuml_auto,RegexResult,getEntity,CommandLinkActivity,1
plantuml_auto,ActivityDiagram,ubrexGetEntityForIfOnly,CommandLinkActivity,1
plantuml_auto,RegexResult,ubrexGetEntityForIfOnly,CommandLinkActivity,1
plantuml_auto,ActivityDiagram,executeArg,UBrexCommandPartition,1
plantuml_auto,Swimlanes,swimlane,ActivityDiagram3,1
plantuml_auto,BoxStyle,addActivity,ActivityDiagram3,1
plantuml_auto,Url,addActivity,ActivityDiagram3,1
plantuml_auto,Colors,addActivity,ActivityDiagram3,1
plantuml_auto,HColor,addSpot,ActivityDiagram3,1
plantuml_auto,HColor,startSwitch,ActivityDiagram3,1
plantuml_auto,HColor,startIf,ActivityDiagram3,1
plantuml_auto,Url,startIf,ActivityDiagram3,1
plantuml_auto,LinkRendering,else2,ActivityDiagram3,1
plantuml_auto,HColor,startRepeat,ActivityDiagram3,1
plantuml_auto,BoxStyle,startRepeat,ActivityDiagram3,1
plantuml_auto,Colors,startRepeat,ActivityDiagram3,1
plantuml_auto,BoxStyle,backward,ActivityDiagram3,1
plantuml_auto,LinkRendering,backward,ActivityDiagram3,1
plantuml_auto,HColor,doWhile,ActivityDiagram3,1
plantuml_auto,HColor,startGroup,ActivityDiagram3,1
plantuml_auto,USymbol,startGroup,ActivityDiagram3,1
plantuml_auto,Style,startGroup,ActivityDiagram3,1
plantuml_auto,LinkRendering,setNextLink,ActivityDiagram3,1
plantuml_auto,LinkRendering,updateFtile,Branch,1
plantuml_auto,HColor,getInColor,Branch,1
plantuml_auto,LinkRendering,getDisplayPositive,Branch,1
plantuml_auto,WithNote,getInLinkRenderingColor,InstructionFork,1
plantuml_auto,USymbol,createGtile,InstructionGroup,1
plantuml_auto,Style,createGtile,InstructionGroup,1
plantuml_auto,USymbol,createFtile,InstructionGroup,1
plantuml_auto,Style,createFtile,InstructionGroup,1
plantuml_auto,USymbol,addNote,InstructionGroup,1
plantuml_auto,Branch,createGtile,InstructionIf,1
plantuml_auto,Branch,createFtile,InstructionIf,1
plantuml_auto,LinkRendering,swithToElse2,InstructionIf,1
plantuml_auto,Branch,swithToElse2,InstructionIf,1
plantuml_auto,Swimlane,swithToElse2,InstructionIf,1
plantuml_auto,LinkRendering,elseIf,InstructionIf,1
plantuml_auto,HColor,elseIf,InstructionIf,1
plantuml_auto,Branch,elseIf,InstructionIf,1
plantuml_auto,Swimlane,elseIf,InstructionIf,1
plantuml_auto,LinkRendering,endif,InstructionIf,1
plantuml_auto,Branch,endif,InstructionIf,1
plantuml_auto,Swimlane,setBackward,InstructionRepeat,1
plantuml_auto,BoxStyle,getGtileBackward,InstructionRepeat,1
plantuml_auto,Swimlane,getFtileBackward,InstructionRepeat,1
plantuml_auto,BoxStyle,getFtileBackward,InstructionRepeat,1
plantuml_auto,LinkRendering,setTest,InstructionRepeat,1
plantuml_auto,Swimlane,setTest,InstructionRepeat,1
plantuml_auto,Colors,createGtile,InstructionSimple,1
plantuml_auto,BoxStyle,createGtile,InstructionSimple,1
plantuml_auto,Colors,createFtile,InstructionSimple,1
plantuml_auto,Url,createFtile,InstructionSimple,1
plantuml_auto,AbstractInstruction,getInLinkRenderingColor,InstructionSplit,1
plantuml_auto,LinkRendering,splitAgain,InstructionSplit,1
plantuml_auto,Swimlane,splitAgain,InstructionSplit,1
plantuml_auto,HColor,createGtile,InstructionSpot,1
plantuml_auto,MonoSwimable,createFtile,InstructionStop,1
plantuml_auto,WithNote,getSwimlanes,InstructionSwitch,1
plantuml_auto,LinkRendering,switchCase,InstructionSwitch,1
plantuml_auto,Branch,switchCase,InstructionSwitch,1
plantuml_auto,Swimlane,switchCase,InstructionSwitch,1
plantuml_auto,Swimlane,createGtile,InstructionWhile,1
plantuml_auto,Swimlane,createFtile,InstructionWhile,1
plantuml_auto,BoxStyle,createFtile,InstructionWhile,1
plantuml_auto,LinkRendering,createFtile,InstructionWhile,1
plantuml_auto,HColor,createFtile,InstructionWhile,1
plantuml_auto,WithNote,addNote,InstructionWhile,1
plantuml_auto,BoxStyle,setBackward,InstructionWhile,1
plantuml_auto,LinkRendering,setBackward,InstructionWhile,1
plantuml_auto,AbstractInstruction,addNote,WithNote,1
plantuml_auto,Swimlane,eventuallyAddNote,WithNote,1
plantuml_auto,AbstractInstruction,eventuallyAddNote,WithNote,1
plantuml_auto,RegexResult,getBackRendering,CommandBackward3,1
plantuml_auto,RegexResult,getRainbow,CommandBackward3,1
plantuml_auto,BoxStyle,getShapeInput,BoxStyleTrigger,1
plantuml_auto,BoxStyle,getShapeOutput,BoxStyleSendSignal,1
plantuml_auto,BoxStyle,drawMe,BoxStyleTimeEvent,1
plantuml_auto,BoxStyle,getShape,BoxStyleTimeEvent,1
plantuml_auto,UGraphicNo,drawSnake,CollisionDetector,1
plantuml_auto,UPolygon,drawPolygone,CollisionDetector,1
plantuml_auto,Context,drawPolygone,CollisionDetector,1
plantuml_auto,FtileGeometry,getTranslated1,FtileAssemblySimple,1
plantuml_auto,FtileGeometry,getTranslated2,FtileAssemblySimple,1
plantuml_auto,FtileDecorate,calculateDimensionSlow,FtileMinWidthCentered,1
plantuml_auto,FtileDecorate,getDimensionInternal,FtileMinWidthCentered,1
plantuml_auto,FtileDecorate,getUTranslateInternal,FtileMinWidthCentered,1
plantuml_auto,FtileDecorate,getPoint2,FtileMinWidthCentered,1
plantuml_auto,FtileDecorate,getInnerConnections,FtileWithConnection,1
plantuml_auto,UPolygon,cloneEmpty,Snake,1
plantuml_auto,Worm,cloneEmpty,Snake,1
plantuml_auto,Direction,cloneEmpty,Snake,1
plantuml_auto,UPolygon,create,Snake,1
plantuml_auto,UPolygon,drawRainbow,Snake,1
plantuml_auto,Direction,drawRainbow,Snake,1
plantuml_auto,Text,getTextBlockPosition,Snake,1
plantuml_auto,Pragma,swimlanesSpecial,Swimlanes,1
plantuml_auto,Pragma,getFtileFactory,Swimlanes,1
plantuml_auto,HColor,swimlane,Swimlanes,1
plantuml_auto,Swimlane,swimlane,Swimlanes,1
plantuml_auto,Pragma,getOrCreate,Swimlanes,1
plantuml_auto,AbstractTextBlock,computeSize,Swimlanes,1
plantuml_auto,AbstractTextBlock,drawGtile,Swimlanes,1
plantuml_auto,Swimlane,getTitle,Swimlanes,1
plantuml_auto,AbstractTextBlock,getTitle,Swimlanes,1
plantuml_auto,AbstractTextBlock,drawWhenSwimlanes,Swimlanes,1
plantuml_auto,AbstractTextBlock,drawTitlesBackground,Swimlanes,1
plantuml_auto,AbstractTextBlock,computeSizeInternal,Swimlanes,1
plantuml_auto,AbstractTextBlock,getHalfMissingSpace,Swimlanes,1
plantuml_auto,FtileGoto,drawGoto,UGraphicInterceptorUDrawable2,1
plantuml_auto,Style,cloneEmpty,Worm,1
plantuml_auto,Direction,drawLine,Worm,1
plantuml_auto,UTranslate,moveFirstPoint,Worm,1
plantuml_auto,Style,moveFirstPoint,Worm,1
plantuml_auto,UTranslate,moveLastPoint,Worm,1
plantuml_auto,Style,moveLastPoint,Worm,1
plantuml_auto,Style,merge,Worm,1
plantuml_auto,UPolygon,drawInternalOneColor,WormTexted,1
plantuml_auto,HtmlColorAndStyle,drawInternalOneColor,WormTexted,1
plantuml_auto,Direction,drawInternalOneColor,WormTexted,1
plantuml_auto,Worm,drawInternalOneColor,WormTexted,1
plantuml_auto,Context,drawRectangle,ZadBuilder,1
plantuml_auto,LinkRendering,getTextBlock,AbstractParallelFtilesBuilder,1
plantuml_auto,XPoint2D,getSimpleSnake,ConnectionVerticalDown,1
plantuml_auto,XPoint2D,drawTranslate,ConnectionVerticalDown,1
plantuml_auto,Swimlane,getEntry,FtileFactoryDelegatorRepeat,1
plantuml_auto,Colors,getEntry,FtileFactoryDelegatorRepeat,1
plantuml_auto,BoxStyle,getEntry,FtileFactoryDelegatorRepeat,1
plantuml_auto,Swimlane,getDiamond1,FtileFactoryDelegatorSwitch,1
plantuml_auto,Swimlane,getDiamond2,FtileFactoryDelegatorSwitch,1
plantuml_auto,Branch,getDiamond2,FtileFactoryDelegatorSwitch,1
plantuml_auto,AbstractFtile,diffHeightTitle,FtileGroup,1
plantuml_auto,AbstractFtile,getInnerMinMax,FtileGroup,1
plantuml_auto,AbstractFtile,suppWidth,FtileGroup,1
plantuml_auto,AbstractFtile,getInnerDimensionSlow,FtileGroup,1
plantuml_auto,USymbol,drawU,FtileGroup,1
plantuml_auto,AbstractFtile,getAdditionalWidth,FtileIfDown,1
plantuml_auto,AbstractFtile,getSouthLabelHeight,FtileIfDown,1
plantuml_auto,AbstractFtile,getEastLabelWidth,FtileIfDown,1
plantuml_auto,AbstractFtile,getTranslateForThen,FtileIfDown,1
plantuml_auto,AbstractFtile,getTranslateOptionalStop,FtileIfDown,1
plantuml_auto,AbstractFtile,alignDiamonds,FtileIfLongHorizontal,1
plantuml_auto,AbstractFtile,getTranslateDiamond,FtileIfLongVertical,1
plantuml_auto,AbstractFtile,getTranslateLastDiamond,FtileIfLongVertical,1
plantuml_auto,AbstractFtile,getTranslateDy,FtileIfLongVertical,1
plantuml_auto,AbstractFtile,getTranslate2,FtileIfLongVertical,1
plantuml_auto,AbstractFtile,getTranslateForRepeat,FtileRepeat,1
plantuml_auto,AbstractFtile,getTranslateDiamond2,FtileRepeat,1
plantuml_auto,AbstractFtile,getLeft,FtileRepeat,1
plantuml_auto,AbstractFtile,getRight,FtileRepeat,1
plantuml_auto,LinkRendering,create,FtileWhile,1
plantuml_auto,AbstractFtile,getTranslateBackward,FtileWhile,1
plantuml_auto,AbstractFtile,getTranslateForWhile,FtileWhile,1
plantuml_auto,AbstractFtile,getTranslateDiamond1,FtileWhile,1
plantuml_auto,AbstractFtile,getTranslateForSpecial,FtileWhile,1
plantuml_auto,AbstractFtile,create,FtileWithNoteOpale,1
plantuml_auto,Opale,getTranslate,FtileWithNoteOpale,1
plantuml_auto,Opale,getTranslateForOpale,FtileWithNoteOpale,1
plantuml_auto,Opale,calculateDimensionInternal,FtileWithNoteOpale,1
plantuml_auto,AbstractFtile,getTranslate,FtileWithNotes,1
plantuml_auto,AbstractFtile,getTranslateForLeft,FtileWithNotes,1
plantuml_auto,AbstractFtile,getTranslateForRight,FtileWithNotes,1
plantuml_auto,AbstractFtile,calculateDimensionInternal,FtileWithNotes,1
plantuml_auto,Swimlane,doStep1,ParallelBuilderFork,1
plantuml_auto,Swimlane,doStep2,ParallelBuilderFork,1
plantuml_auto,AbstractParallelFtilesBuilder,doStep1,ParallelBuilderSplit,1
plantuml_auto,AbstractParallelFtilesBuilder,getThin1Color,ParallelBuilderSplit,1
plantuml_auto,AbstractParallelFtilesBuilder,doStep2,ParallelBuilderSplit,1
plantuml_auto,Swimlane,draw,UGraphicInterceptorOneSwimlane,1
plantuml_auto,UGraphicDelegator,drawGoto,UGraphicInterceptorOneSwimlane,1
plantuml_auto,Swimlane,start,VCompactFactory,1
plantuml_auto,Swimlane,stop,VCompactFactory,1
plantuml_auto,Swimlane,spot,VCompactFactory,1
plantuml_auto,Swimlane,end,VCompactFactory,1
plantuml_auto,Swimlane,activity,VCompactFactory,1
plantuml_auto,BoxStyle,activity,VCompactFactory,1
plantuml_auto,Colors,activity,VCompactFactory,1
plantuml_auto,Branch,create,ConditionalBuilder,1
plantuml_auto,Branch,createDown,ConditionalBuilder,1
plantuml_auto,Swimlane,createDown,ConditionalBuilder,1
plantuml_auto,Branch,createWithDiamonds,ConditionalBuilder,1
plantuml_auto,Swimlane,createWithDiamonds,ConditionalBuilder,1
plantuml_auto,Branch,createWithLinks,ConditionalBuilder,1
plantuml_auto,Swimlane,createWithLinks,ConditionalBuilder,1
plantuml_auto,Style,getShape1,ConditionalBuilder,1
plantuml_auto,LineBreakStrategy,getShape1,ConditionalBuilder,1
plantuml_auto,Branch,getShape2,ConditionalBuilder,1
plantuml_auto,FtileDimensionMemoize,hasTwoBranches,FtileIfNude,1
plantuml_auto,FtileDimensionMemoize,getTranslateBranch2,FtileIfNude,1
plantuml_auto,FtileDimensionMemoize,widthInner,FtileIfNude,1
plantuml_auto,FtileIfNude,getTranslateBranch1,FtileIfWithDiamonds,1
plantuml_auto,FtileIfNude,getTranslateBranch2,FtileIfWithDiamonds,1
plantuml_auto,Branch,addLinks,FtileIfWithLinks,1
plantuml_auto,FtileDimensionMemoize,getSwimlanes,FtileSwitchNude,1
plantuml_auto,FtileDimensionMemoize,calculateDimensionFtile,FtileSwitchNude,1
plantuml_auto,FtileDimensionMemoize,calculateDimensionInternalSlow,FtileSwitchNude,1
plantuml_auto,FtileSwitchNude,getW9,FtileSwitchWithDiamonds,1
plantuml_auto,FtileSwitchNude,getMyChildren,FtileSwitchWithDiamonds,1
plantuml_auto,FtileSwitchNude,calculateDimensionInternalSlow,FtileSwitchWithDiamonds,1
plantuml_auto,FtileSwitchNude,drawU,FtileSwitchWithDiamonds,1
plantuml_auto,FtileSwitchNude,getTranslateOf,FtileSwitchWithDiamonds,1
plantuml_auto,FtileSwitchNude,getTranslateMain,FtileSwitchWithDiamonds,1
plantuml_auto,FtileSwitchNude,getTranslateDiamond1,FtileSwitchWithDiamonds,1
plantuml_auto,FtileSwitchNude,getTranslateDiamond2,FtileSwitchWithDiamonds,1
plantuml_auto,FtileSwitchWithDiamonds,getYdelta1a,FtileSwitchWithManyLinks,1
plantuml_auto,FtileSwitchWithDiamonds,addIngoingArrows,FtileSwitchWithManyLinks,1
plantuml_auto,FtileSwitchWithDiamonds,addOutgoingArrows,FtileSwitchWithManyLinks,1
plantuml_auto,FtileSwitchWithDiamonds,getFirstOutgoingArrow,FtileSwitchWithManyLinks,1
plantuml_auto,FtileSwitchWithDiamonds,addLinks,FtileSwitchWithOneLink,1
plantuml_auto,AbstractFtile,drawU,FtileBlackBlock,1
plantuml_auto,ClockwiseTopRightBottomLeft,drawU,FtileBox,1
plantuml_auto,ClockwiseTopRightBottomLeft,calculateDimensionFtile,FtileBox,1
plantuml_auto,Style,createMindMap,FtileBoxOld,1
plantuml_auto,BoxStyle,drawU,FtileBoxOld,1
plantuml_auto,AbstractFtile,tbWidth,FtileBoxOld,1
plantuml_auto,BoxStyle,calculateDimensionFtile,FtileBoxOld,1
plantuml_auto,CircleStart,calculateDimensionFtile,FtileCircleStart,1
plantuml_auto,AbstractTextBlock,getTranslateFor,FtileDecorate,1
plantuml_auto,FtileDecorate,calculateDimension,FtileDecoratePointOut,1
plantuml_auto,FtileDiamondWIP,getWestEastLabelHeight,FtileDiamond,1
plantuml_auto,FtileDiamondWIP,calculateDimensionAlone,FtileDiamondInside2,1
plantuml_auto,FtileDiamondWIP,withNorth,FtileDiamondSquare,1
plantuml_auto,FtileDiamondWIP,withWest,FtileDiamondSquare,1
plantuml_auto,FtileDiamondWIP,withEast,FtileDiamondSquare,1
plantuml_auto,FtileDiamondWIP,withSouth,FtileDiamondSquare,1
plantuml_auto,FtileDiamondWIP,drawU,FtileDiamondSquare,1
plantuml_auto,FtileDiamondWIP,calculateDimensionFtile,FtileDiamondSquare,1
plantuml_auto,FtileDiamondWIP,calculateDimensionInternal,FtileDiamondSquare,1
plantuml_auto,AbstractFtile,swapEastWest,FtileDiamondWIP,1
plantuml_auto,AbstractFtile,getStyleSignature,FtileDiamondWIP,1
plantuml_auto,AbstractFtile,setGeom,FtileThinSplit,1
plantuml_auto,AbstractGtileRoot,getThickness,AbstractGtile,1
plantuml_auto,AbstractTextBlock,getCoord,AbstractGtileRoot,1
plantuml_auto,GPoint,drawTranslatable,GAbstractConnection,1
plantuml_auto,GPoint,getInLinkRenderingColor,GAbstractConnection,1
plantuml_auto,UTranslate,drawTranslate,GConnectionVerticalDownThenHorizontal,1
plantuml_auto,Swimlane,match,GPoint,1
plantuml_auto,GtileTopDown,supplementaryMove,GtileAssembly,1
plantuml_auto,GtileTopDown,calculateDimension,GtileAssembly,1
plantuml_auto,GtileTopDown,getTextBlock,GtileAssembly,1
plantuml_auto,GtileTopDown,getInnerConnections,GtileAssembly,1
plantuml_auto,Swimlane,create,GtileBox,1
plantuml_auto,BoxStyle,create,GtileBox,1
plantuml_auto,Style,drawUInternal,GtileBox,1
plantuml_auto,BoxStyle,drawUInternal,GtileBox,1
plantuml_auto,ClockwiseTopRightBottomLeft,drawUInternal,GtileBox,1
plantuml_auto,BoxStyle,calculateDimension,GtileBox,1
plantuml_auto,AbstractGtile,getPosition,GtileColumns,1
plantuml_auto,AbstractGtileRoot,suppWidth,GtileGroup,1
plantuml_auto,UStroke,drawUInternal,GtileGroup,1
plantuml_auto,USymbol,drawUInternal,GtileGroup,1
plantuml_auto,GtileWithMargin,getNorthMargin,GtileHexagonInsideLabelled,1
plantuml_auto,GtileWithMargin,drawUInternal,GtileHexagonInsideLabelled,1
plantuml_auto,GtileWithMargin,calculateDimension,GtileHexagonInsideLabelled,1
plantuml_auto,Branch,getShape1,GtileIfAlone,1
plantuml_auto,GtileColumns,getCoordImpl,GtileIfHexagon,1
plantuml_auto,GtileColumns,getShape1,GtileIfHexagon,1
plantuml_auto,UTranslate,calculateDimension,GtileIfHexagon,1
plantuml_auto,GtileColumns,calculateDimensionRaw,GtileIfHexagon,1
plantuml_auto,UTranslate,getInnerConnections,GtileIfHexagon,1
plantuml_auto,HColor,getShape1,GtileRepeat,1
plantuml_auto,Swimlane,getShape2,GtileRepeat,1
plantuml_auto,HColor,getShape2,GtileRepeat,1
plantuml_auto,GtileTopDown3,getShape2,GtileRepeat,1
plantuml_auto,GtileColumns,getDefaultStyleDefinitionDiamond,GtileSplit,1
plantuml_auto,HColor,drawUInternal,GtileSplit,1
plantuml_auto,GtileTopDown3,getDefaultStyleDefinitionDiamond,GtileWhile,1
plantuml_auto,Swimlane,getShape1,GtileWhile,1
plantuml_auto,GtileTopDown3,getShape1,GtileWhile,1
plantuml_auto,Swimlane,createWhile,GtileWhile,1
plantuml_auto,GtileTopDown3,createWhile,GtileWhile,1
plantuml_auto,GtileTopDown3,getInnerConnections,GtileWhile,1
plantuml_auto,AbstractGtileRoot,calculateDimension,GtileWithMargin,1
plantuml_auto,Opale,drawUInternal,GtileWithNoteOpale,1
plantuml_auto,UTranslate,drawUInternal,GtileWithNoteOpale,1
plantuml_auto,AbstractGtile,getCoordImpl,GtileWithNotes,1
plantuml_auto,AbstractGtile,getTranslate,GtileWithNotes,1
plantuml_auto,AbstractGtile,getTranslateForLeft,GtileWithNotes,1
plantuml_auto,AbstractGtile,getTranslateForRight,GtileWithNotes,1
plantuml_auto,AbstractGtile,drawUInternal,GtileWithNotes,1
plantuml_auto,AbstractGtile,calculateDimension,GtileWithNotes,1
plantuml_auto,GtileWithMargin,getInnerConnections,GtileWithOutgoingArrow,1
plantuml_auto,Swimlane,hexagonInside,Gtiles,1
plantuml_auto,HColor,hexagonInside,Gtiles,1
plantuml_auto,Swimlane,diamondEmpty,Gtiles,1
plantuml_auto,HColor,diamondEmpty,Gtiles,1
plantuml_auto,ImageDataAbstract,error,ImageDataSimple,1
plantuml_auto,Block,fillBlock,FillBlock,1
plantuml_auto,Instance,fillSegment,FillSegment,1
plantuml_auto,Instance,isDataIndependentAddressing,FillSegment,1
plantuml_auto,Instance,initAddressBlocks,FillSegment,1
plantuml_auto,Block,initAddressBlocks,FillSegment,1
plantuml_auto,Instance,getPseudoRandom,FillSegment,1
plantuml_auto,Block,getPseudoRandom,FillSegment,1
plantuml_auto,Instance,getRefColumn,FillSegment,1
plantuml_auto,Instance,finalize,Finalize,1
plantuml_auto,Argon2,finalize,Finalize,1
plantuml_auto,Block,roundFunction,Functions,1
plantuml_auto,Block,F,Functions,1
plantuml_auto,Block,fBlaMka,Functions,1
plantuml_auto,Block,rotr64,Functions,1
plantuml_auto,Instance,initialize,Initialize,1
plantuml_auto,Argon2,initialize,Initialize,1
plantuml_auto,Instance,fillFirstBlocks,Initialize,1
plantuml_auto,AbstractComponentText,cleanAndManageBoldNumber,ComponentTextArrow,1
plantuml_auto,AbstractComponentText,removeTagAndManageBoldNumber,ComponentTextArrow,1
plantuml_auto,AbstractComponentText,drawU,ComponentTextNote,1
plantuml_auto,Rose,createComponentNote,TextSkin,1
plantuml_auto,Style,createComponent,TextSkin,1
plantuml_auto,Rose,createComponent,TextSkin,1
plantuml_auto,BNode,put,BArray,1
plantuml_auto,Coord,createGrid,BpmDiagram,1
plantuml_auto,Cell,createGrid,BpmDiagram,1
plantuml_auto,BpmElement,createGrid,BpmDiagram,1
plantuml_auto,BpmElement,addInGrid,BpmDiagram,1
plantuml_auto,Coord,addInGrid,BpmDiagram,1
plantuml_auto,Cell,addInGrid,BpmDiagram,1
plantuml_auto,Line,mergeable,CleanerInterleavingLines,1
plantuml_auto,AbstractConnectorPuzzle,drawLine,ConnectorPuzzleEmpty,1
plantuml_auto,Line,equals,Coord,1
plantuml_auto,Col,equals,Coord,1
plantuml_auto,Line,removeLine,Grid,1
plantuml_auto,Line,addPuzzle,Grid,1
plantuml_auto,Col,addPuzzle,Grid,1
plantuml_auto,BrailleGrid,drawU,BrailleDrawer,1
plantuml_auto,XCubicCurve2D,drawCubic,BrailleGrid,1
plantuml_auto,XPoint2D,drawPointInternal,BrailleGrid,1
plantuml_auto,XPoint2D,drawLineInternal,BrailleGrid,1
plantuml_auto,BrailleGrid,draw,DriverTextBraille,1
plantuml_auto,State,doReadMoreInput,BitReader,1
plantuml_auto,State,checkHealth,BitReader,1
plantuml_auto,State,fillBitWindow,BitReader,1
plantuml_auto,State,doFillBitWindow,BitReader,1
plantuml_auto,State,peekBits,BitReader,1
plantuml_auto,State,readFewBits,BitReader,1
plantuml_auto,State,readBits,BitReader,1
plantuml_auto,State,initBitReader,BitReader,1
plantuml_auto,State,jumpToByteBoundary,BitReader,1
plantuml_auto,State,halfAvailable,BitReader,1
plantuml_auto,State,copyBytes,BitReader,1
plantuml_auto,State,bytesToNibbles,BitReader,1
plantuml_auto,State,read,BrotliInputStream,1
plantuml_auto,State,decodeWindowBits,Decode,1
plantuml_auto,State,initState,Decode,1
plantuml_auto,State,close,Decode,1
plantuml_auto,State,decodeVarLenUnsignedByte,Decode,1
plantuml_auto,State,decodeMetaBlockLength,Decode,1
plantuml_auto,State,readSymbol,Decode,1
plantuml_auto,State,readBlockLength,Decode,1
plantuml_auto,State,readHuffmanCodeLengths,Decode,1
plantuml_auto,State,readHuffmanCode,Decode,1
plantuml_auto,State,decodeContextMap,Decode,1
plantuml_auto,State,decodeBlockTypeAndLength,Decode,1
plantuml_auto,State,decodeLiteralBlockSwitch,Decode,1
plantuml_auto,State,decodeCommandBlockSwitch,Decode,1
plantuml_auto,State,decodeDistanceBlockSwitch,Decode,1
plantuml_auto,State,readNextMetablockHeader,Decode,1
plantuml_auto,State,readMetablockPartition,Decode,1
plantuml_auto,State,readMetablockHuffmanCodesAndContextMaps,Decode,1
plantuml_auto,State,copyUncompressedData,Decode,1
plantuml_auto,State,writeRingBuffer,Decode,1
plantuml_auto,State,decodeHuffmanTreeGroup,Decode,1
plantuml_auto,State,decompress,Decode,1
plantuml_auto,ChenEerDiagram,executeArg,CommandSimpleSubclass,1
plantuml_auto,ChronologyDiagram,execute,SentenceHappensChronology,1
plantuml_auto,ChronologyDiagram,getMe,SubjectTask,1
plantuml_auto,FileFormatOption,exportLayoutExplicit,ClassDiagram,1
plantuml_auto,ClassDiagram,executeNow,CommandCreateClassMultilines,1
plantuml_auto,ClassDiagram,manageExtends,CommandCreateClassMultilines,1
plantuml_auto,RegexResult,manageExtends,CommandCreateClassMultilines,1
plantuml_auto,ClassDiagram,executeArg0,CommandCreateClassMultilines,1
plantuml_auto,RegexResult,executeSequenceDiagram,CommandHideShowByGender,1
plantuml_auto,RegexResult,executeDescriptionDiagram,CommandHideShowByGender,1
plantuml_auto,RegexResult,executeClassDiagram,CommandHideShowByGender,1
plantuml_auto,ClassDiagram,executeArgClass,CommandHideShowByVisibility,1
plantuml_auto,RegexResult,executeArgClass,CommandHideShowByVisibility,1
plantuml_auto,StringLocated,append,ArobaseStringCompressor,1
plantuml_auto,Pattern2,compressOld,ArobaseStringCompressor,1
plantuml_auto,Pattern2,clean1,ArobaseStringCompressor,1
plantuml_auto,PairInt,oneStep,Spiral,1
plantuml_auto,PairInt,inside,SpiralOnRectangle,1
plantuml_auto,Spiral,nextPoint,SpiralOnRectangle,1
plantuml_auto,PairInt,nextPoint,SpiralOnRectangle,1
plantuml_auto,OutputStreamProtected,copy,ByteHistory,1
plantuml_auto,RegexResult,executeInternal,CommandFactorySprite,1
plantuml_auto,Pattern2,isValid,CommandMultilinesBracket,1
plantuml_auto,UmlSource,buildEmptyError,PSystemAbstractFactory,1
plantuml_auto,PreprocessingArtifact,buildEmptyError,PSystemAbstractFactory,1
plantuml_auto,UmlSource,buildExecutionError,PSystemAbstractFactory,1
plantuml_auto,PreprocessingArtifact,buildExecutionError,PSystemAbstractFactory,1
plantuml_auto,AbstractPSystem,finalizeDiagram,PSystemCommandFactory,1
plantuml_auto,UmlSource,finalizeDiagram,PSystemCommandFactory,1
plantuml_auto,PreprocessingArtifact,finalizeDiagram,PSystemCommandFactory,1
plantuml_auto,PSystemAbstractFactory,finalizeDiagram,PSystemCommandFactory,1
plantuml_auto,AbstractPSystem,executeFewLines,PSystemCommandFactory,1
plantuml_auto,UmlSource,executeFewLines,PSystemCommandFactory,1
plantuml_auto,PreprocessingArtifact,executeFewLines,PSystemCommandFactory,1
plantuml_auto,PSystemAbstractFactory,executeFewLines,PSystemCommandFactory,1
plantuml_auto,PSystemAbstractFactory,getCandidate,PSystemCommandFactory,1
plantuml_auto,BlocLines,addOneSingleLineManageEmbedded2,PSystemCommandFactory,1
plantuml_auto,PSystemAbstractFactory,addOneSingleLineManageEmbedded2,PSystemCommandFactory,1
plantuml_auto,BlocLines,isValidBracket,UBrexSingleLineCommand2,1
plantuml_auto,CompositeDiagram,executeArg,CommandLinkBlock,1
plantuml_auto,FileFormatOption,exportDiagramError,CrashReportHandler,1
plantuml_auto,ReportLog,exportDiagramError,CrashReportHandler,1
plantuml_auto,ReportLog,exportDiagramErrorText,CrashReportHandler,1
plantuml_auto,ReportLog,init,GraphvizCrash,1
plantuml_auto,AbstractTextBlock,init,GraphvizCrash,1
plantuml_auto,AbstractTextBlock,getText2,GraphvizCrash,1
plantuml_auto,AbstractTextBlock,getText3,GraphvizCrash,1
plantuml_auto,AbstractTextBlock,getMain,GraphvizCrash,1
plantuml_auto,Style,getBody,BodierSimple,1
plantuml_auto,Style,getTextBlock,Body3,1
plantuml_auto,Style,getArea,BodyEnhanced1,1
plantuml_auto,Style,buildTextBlock,BodyEnhanced1,1
plantuml_auto,AbstractTextBlock,decorate,BodyEnhancedAbstract,1
plantuml_auto,Style,create1,BodyFactory,1
plantuml_auto,Style,create2,BodyFactory,1
plantuml_auto,LineBreakStrategy,create3,BodyFactory,1
plantuml_auto,Style,create3,BodyFactory,1
plantuml_auto,XPoint2D,setPosition,LinkConstraint,1
plantuml_auto,AbstractTextBlock,calculateDimensionOnlyMembers,MethodsOrFieldsArea,1
plantuml_auto,AbstractTextBlock,sortBySize,MethodsOrFieldsArea,1
plantuml_auto,Style,createTextBlock,MethodsOrFieldsArea,1
plantuml_auto,Url,getUBlock,MethodsOrFieldsArea,1
plantuml_auto,Style,getUBlock,MethodsOrFieldsArea,1
plantuml_auto,AbstractTextBlock,getLayout,MethodsOrFieldsArea,1
plantuml_auto,JsonValue,getTextBlockValue,TextBlockCucaJSon,1
plantuml_auto,AbstractTextBlock,getTextBlockValue,TextBlockCucaJSon,1
plantuml_auto,AbstractTextBlock,getHeightOfRow,TextBlockMap,1
plantuml_auto,LineBreakStrategy,getTextBlock,TextBlockMap,1
plantuml_auto,UStroke,getStroke3,LinkType,1
plantuml_auto,HColor,setSpecificColor,WithLinkType,1
plantuml_auto,USymbol,drawAction,USymbolAction,1
plantuml_auto,USymbol,drawArtifact,USymbolArtifact,1
plantuml_auto,USymbol,drawCard,USymbolCard,1
plantuml_auto,USymbol,drawCloud,USymbolCloud,1
plantuml_auto,USymbol,getSpecificFrontierForCloudNew,USymbolCloud,1
plantuml_auto,USymbol,complex,USymbolCloud,1
plantuml_auto,USymbol,simple,USymbolCloud,1
plantuml_auto,XPoint2D,mvX,USymbolCloud,1
plantuml_auto,USymbol,mvX,USymbolCloud,1
plantuml_auto,XPoint2D,mvY,USymbolCloud,1
plantuml_auto,USymbol,mvY,USymbolCloud,1
plantuml_auto,XPoint2D,specialLine,USymbolCloud,1
plantuml_auto,USymbol,specialLine,USymbolCloud,1
plantuml_auto,XPoint2D,bubbleLine,USymbolCloud,1
plantuml_auto,USymbol,bubbleLine,USymbolCloud,1
plantuml_auto,USymbol,addCurve,USymbolCloud,1
plantuml_auto,USymbol,rnd,USymbolCloud,1
plantuml_auto,XPoint2D,rnd,USymbolCloud,1
plantuml_auto,USymbol,getSpecificFrontierForCloud,USymbolCloud,1
plantuml_auto,USymbol,drawCollections,USymbolCollections,1
plantuml_auto,USymbol,drawComponent1,USymbolComponent1,1
plantuml_auto,Fashion,asBig,USymbolComponent1,1
plantuml_auto,USymbol,drawComponent2,USymbolComponent2,1
plantuml_auto,USymbol,drawDatabase,USymbolDatabase,1
plantuml_auto,USymbol,drawFile,USymbolFile,1
plantuml_auto,USymbol,drawFolder,USymbolFolder,1
plantuml_auto,USymbol,drawFrame,USymbolFrame,1
plantuml_auto,Fashion,getDrawing,USymbolInterface,1
plantuml_auto,USymbol,drawNode,USymbolNode,1
plantuml_auto,USymbol,drawHeadAndBody,USymbolPerson,1
plantuml_auto,USymbol,drawProcess,USymbolProcess,1
plantuml_auto,USymbol,getClosingPath,USymbolQueue,1
plantuml_auto,USymbol,drawRect,USymbolRectangle,1
plantuml_auto,USymbol,drawQueue,USymbolStack,1
plantuml_auto,USymbol,drawStorage,USymbolStorage,1
plantuml_auto,USymbol,specialBusiness,USymbolUsecase,1
plantuml_auto,USymbol,drawLine,USymbolUsecase,1
plantuml_auto,USymbol,asSmall,USymbolUsecase,1
plantuml_auto,USymbol,record,USymbols,1
plantuml_auto,AbstractEntityImage,getTagDimension,EntityImageDomain,1
plantuml_auto,AbstractEntityImage,getStroke,EntityImageRequirement,1
plantuml_auto,ClassDiagram,executeArg,CommandCreateElementParenthesis,1
plantuml_auto,RegexResult,getHead,CommandLinkElement,1
plantuml_auto,PSystemDot,executeLine,PSystemDotFactory,1
plantuml_auto,PSystemDitaa,executeLine,PSystemDitaaFactory,1
plantuml_auto,PSystemBasicFactory,extractScale,PSystemDitaaFactory,1
plantuml_auto,PSystemBasicFactory,extractFont,PSystemDitaaFactory,1
plantuml_auto,PlainDiagram,getCols,PSystemSkinparameterList,1
plantuml_auto,UGraphicTxt,drawClassSimple,CucaDiagramTxtMaker,1
plantuml_auto,UGraphicTxt,drawClassUnicode,CucaDiagramTxtMaker,1
plantuml_auto,Pragma,getHeight,CucaDiagramTxtMaker,1
plantuml_auto,Pragma,getWidth,CucaDiagramTxtMaker,1
plantuml_auto,ReportLog,addDotStatus,GraphvizUtils,1
plantuml_auto,AbstractGraphviz,specificDotExe,GraphvizWindowsOld,1
plantuml_auto,AbstractGraphviz,searchInDir,GraphvizWindowsOld,1
plantuml_auto,XPoint2D,drawExtends,Neighborhood,1
plantuml_auto,XRectangle2D,intersection,Neighborhood,1
plantuml_auto,XPoint2D,intersection,Neighborhood,1
plantuml_auto,PSystemEbnf,executeNow,CommandNoteMultilines,1
plantuml_auto,AbstractTextBlock,drawHline,ETile,1
plantuml_auto,AbstractTextBlock,drawHlineDirected,ETile,1
plantuml_auto,AbstractTextBlock,drawHlineAntiDirected,ETile,1
plantuml_auto,AbstractTextBlock,drawVline,ETile,1
plantuml_auto,AbstractTextBlock,drawVlineDirected,ETile,1
plantuml_auto,AbstractTextBlock,drawVlineAntiDirected,ETile,1
plantuml_auto,AbstractTextBlock,getArrowToLeft,ETile,1
plantuml_auto,AbstractTextBlock,getArrowToRight,ETile,1
plantuml_auto,AbstractTextBlock,getArrowToBottom,ETile,1
plantuml_auto,AbstractTextBlock,getArrowToTop,ETile,1
plantuml_auto,Symbol,mergeWith,ETileBox,1
plantuml_auto,Style,mergeWith,ETileBox,1
plantuml_auto,ETile,getDrawValue,ETileBox,1
plantuml_auto,UText,getWidth,ETileNot,1
plantuml_auto,ETile,getDeltaY,ETileOptional2,1
plantuml_auto,ETile,getNoteAbove,ETileOptional2,1
plantuml_auto,ETile,getNoteBelow,ETileOptional2,1
plantuml_auto,ETile,getHalfHeight,ETileRegexGroupAllBut,1
plantuml_auto,ETile,box,ETileRegexGroupAllBut,1
plantuml_auto,ETile,drawU,ETileWithCircles,1
plantuml_auto,Token,push,EbnfEngine,1
plantuml_auto,Style,push,EbnfEngine,1
plantuml_auto,Style,not,EbnfEngine,1
plantuml_auto,PreprocessingArtifact,getUDrawable,EbnfExpression,1
plantuml_auto,Colors,addNote,PSystemEbnf,1
plantuml_auto,UText,drawU,TitleBox,1
plantuml_auto,ColorMapper,writeImage,GraphicsPath,1
plantuml_auto,ColorMapper,createImage,GraphicsPath,1
plantuml_auto,PlainDiagram,drawPalette,PSystemColors,1
plantuml_auto,PlainDiagram,centerHexa,PSystemColors,1
plantuml_auto,UPolygon,drawOneHexa,PSystemColors,1
plantuml_auto,UFont,findShortest,PSystemColors,1
plantuml_auto,PlainDiagram,findShortest,PSystemColors,1
plantuml_auto,HColor,applyColor,PSystemColors,1
plantuml_auto,PlainDiagram,applyColor,PSystemColors,1
plantuml_auto,PlainDiagram,getHexa,PSystemColors,1
plantuml_auto,PlainDiagram,getTextName,PSystemColors,1
plantuml_auto,ElkNode,getPosition,CucaDiagramFileMakerElk,1
plantuml_auto,CucaDiagramFileMaker,getPosition,CucaDiagramFileMakerElk,1
plantuml_auto,CucaDiagramFileMaker,getElkNode,CucaDiagramFileMakerElk,1
plantuml_auto,ElkNode,prinEntity,CucaDiagramFileMakerElk,1
plantuml_auto,CucaDiagramFileMaker,prinEntity,CucaDiagramFileMakerElk,1
plantuml_auto,CucaDiagramFileMaker,manageSingleEdge,CucaDiagramFileMakerElk,1
plantuml_auto,ElkNode,drawSingleCluster,MyElkCluster,1
plantuml_auto,ElkNode,getMagneticBorder,MyElkCluster,1
plantuml_auto,ElkEdge,drawSingleEdge,MyElkDrawing,1
plantuml_auto,AbstractTextBlock,getFontForLink,MyElkDrawing,1
plantuml_auto,AbstractTextBlock,getDefaultStyleDefinitionArrow,MyElkDrawing,1
plantuml_auto,AbstractTextBlock,addVisibilityModifier,MyElkDrawing,1
plantuml_auto,UTranslate,drawU,MyElkEdge,1
plantuml_auto,ElkEdge,drawU,MyElkEdge,1
plantuml_auto,HColor,getDecors,MyElkEdge,1
plantuml_auto,ElkWithProperty,getSections,ElkEdge,1
plantuml_auto,ElkWithProperty,getLabels,ElkNode,1
plantuml_auto,SvgNanoParser,drawU,Emoji,1
plantuml_auto,UGraphicWithScale,applyFillAndStroke,SvgNanoParser,1
plantuml_auto,UGraphicWithScale,drawCircle,SvgNanoParser,1
plantuml_auto,UGraphicWithScale,drawEllipse,SvgNanoParser,1
plantuml_auto,UGraphicWithScale,drawText,SvgNanoParser,1
plantuml_auto,UGraphicWithScale,drawPath,SvgNanoParser,1
plantuml_auto,UGraphicWithScale,applyMatrix,SvgNanoParser,1
plantuml_auto,UGraphicWithScale,applyRotate,SvgNanoParser,1
plantuml_auto,ColorResolver,getTrueColor,UGraphicWithScale,1
plantuml_auto,PlainDiagram,getWarningOrError,PSystemError,1
plantuml_auto,PlainDiagram,getGraphicalFormatted,PSystemError,1
plantuml_auto,PlainDiagram,getPureAsciiFormatted,PSystemError,1
plantuml_auto,PlainDiagram,getTextFromStack,PSystemError,1
plantuml_auto,PlainDiagram,getTextFullBody,PSystemError,1
plantuml_auto,StringLocated,addToResult,PSystemError,1
plantuml_auto,PlainDiagram,addToResult,PSystemError,1
plantuml_auto,PlainDiagram,exportDiagramNow,PSystemError,1
plantuml_auto,PlainDiagram,append,PSystemError,1
plantuml_auto,PlainDiagram,addMessageLiberapay,PSystemError,1
plantuml_auto,PlainDiagram,addMessagePatreon,PSystemError,1
plantuml_auto,PlainDiagram,addMessageDedication,PSystemError,1
plantuml_auto,PlainDiagram,addMessageAdopt,PSystemError,1
plantuml_auto,PlainDiagram,addMessageArecibo,PSystemError,1
plantuml_auto,PlainDiagram,getMessageDedication,PSystemError,1
plantuml_auto,PlainDiagram,getMessageAdopt,PSystemError,1
plantuml_auto,PlainDiagram,getMessagePatreon,PSystemError,1
plantuml_auto,PlainDiagram,getMessageLiberapay,PSystemError,1
plantuml_auto,PlainDiagram,smaller,PSystemError,1
plantuml_auto,Pattern2,recurse,FileGroup,1
plantuml_auto,Pattern2,initWithSimpleStar,FileGroup,1
plantuml_auto,AbstractTextBlock,addNote,FilesListing,1
plantuml_auto,TilesField,lineSimple,FlowDiagram,1
plantuml_auto,Tile,lineSimple,FlowDiagram,1
plantuml_auto,Tile,linkSimple,FlowDiagram,1
plantuml_auto,TilesField,drawU,FlowDiagram,1
plantuml_auto,TileArea,getCenter,FlowDiagram,1
plantuml_auto,TilesField,getCenter,FlowDiagram,1
plantuml_auto,XPoint2D,movePoint,FlowDiagram,1
plantuml_auto,Tile,movePoint,FlowDiagram,1
plantuml_auto,FtpServer,manage,FtpLoop,1
plantuml_auto,FtpServer,stor,FtpLoop,1
plantuml_auto,CursorPosition,getCandidatesForDown,Commit,1
plantuml_auto,CursorPosition,addAbove,Commit,1
plantuml_auto,HColor,getSmallBlock,MagicBox,1
plantuml_auto,HColor,getCommentBlock,MagicBox,1
plantuml_auto,ST_Agnode_s,getSize,SmetanaForGit,1
plantuml_auto,Tile,createTile,TilesField,1
plantuml_auto,AbstractTextBlock,createTile,TilesField,1
plantuml_auto,Tile,addPath,TilesField,1
plantuml_auto,AbstractTextBlock,addPath,TilesField,1
plantuml_auto,TileArea,buildPath,TilesField,1
plantuml_auto,AbstractTextBlock,buildPath,TilesField,1
plantuml_auto,TileArea,isAdjoining,TilesField,1
plantuml_auto,AbstractTextBlock,isAdjoining,TilesField,1
plantuml_auto,Tile,getFreePosition,TilesField,1
plantuml_auto,AbstractTextBlock,getFreePosition,TilesField,1
plantuml_auto,Tile,getPosition,TilesField,1
plantuml_auto,AbstractTextBlock,getPosition,TilesField,1
plantuml_auto,TileArea,getPoint2D,TilesField,1
plantuml_auto,AbstractTextBlock,getPoint2D,TilesField,1
plantuml_auto,Tile,calculateDimension,TilesField,1
plantuml_auto,PropertiesBasedConfigData,exportDiagramNow,PSystemJcckit,1
plantuml_auto,PSystemBasicFactory,extractDimension,PSystemJcckitFactory,1
plantuml_auto,PSystemBasicFactory,createSystem,PSystemJcckitFactory,1
plantuml_auto,PSystemJcckit,executeLine,PSystemJcckitFactory,1
plantuml_auto,JsonValue,cloneMe,JsonObject,1
plantuml_auto,JsonValue,add,JsonObject,1
plantuml_auto,JsonValue,set,JsonObject,1
plantuml_auto,JsonValue,remove,JsonObject,1
plantuml_auto,JsonValue,get,JsonObject,1
plantuml_auto,JsonValue,getInt,JsonObject,1
plantuml_auto,JsonValue,getLong,JsonObject,1
plantuml_auto,JsonValue,getFloat,JsonObject,1
plantuml_auto,JsonValue,getDouble,JsonObject,1
plantuml_auto,JsonValue,getBoolean,JsonObject,1
plantuml_auto,JsonValue,getString,JsonObject,1
plantuml_auto,JsonValue,iterator,JsonObject,1
plantuml_auto,JsonValue,updateHashIndex,JsonObject,1
plantuml_auto,WriterConfig,writeTo,JsonValue,1
plantuml_auto,XPoint2D,drawArrow,Arrow,1
plantuml_auto,XPoint2D,getPoint,Arrow,1
plantuml_auto,HColor,drawCurve,JsonCurve,1
plantuml_auto,Mirror,drawCurve,JsonCurve,1
plantuml_auto,XPoint2D,drawCurve,JsonCurve,1
plantuml_auto,Mirror,getVeryFirst,JsonCurve,1
plantuml_auto,XPoint2D,supp,JsonCurve,1
plantuml_auto,JsonValue,drawInternal,JsonDiagram,1
plantuml_auto,XPoint2D,invAndXYSwitch,Mirror,1
plantuml_auto,XPoint2D,invGit,Mirror,1
plantuml_auto,JsonValue,manageOneNode,SmetanaForJson,1
plantuml_auto,JsonValue,drawMe,SmetanaForJson,1
plantuml_auto,Mirror,drawMe,SmetanaForJson,1
plantuml_auto,JsonValue,initGraph,SmetanaForJson,1
plantuml_auto,ST_Agnode_s,getPosition,SmetanaForJson,1
plantuml_auto,Mirror,getPosition,SmetanaForJson,1
plantuml_auto,Mirror,getCurve,SmetanaForJson,1
plantuml_auto,ST_Agnode_s,createEdge,SmetanaForJson,1
plantuml_auto,XPoint2D,isInside,UClip,1
plantuml_auto,USegment,addInternal,UPath,1
plantuml_auto,XPoint2D,cubicTo,UPath,1
plantuml_auto,AbstractShadowable,cubicTo,UPath,1
plantuml_auto,AbstractShadowable,quadTo,UPath,1
plantuml_auto,XPoint2D,quadTo,UPath,1
plantuml_auto,AbstractShadowable,arcTo,UPath,1
plantuml_auto,XPoint2D,arcTo,UPath,1
plantuml_auto,XPoint2D,getTranslated,UTranslate,1
plantuml_auto,XRectangle2D,apply,UTranslate,1
plantuml_auto,Colors,add,Colors,1
plantuml_auto,ColorMapper,toRGB,HColor,1
plantuml_auto,ColorMapper,toSvg,HColor,1
plantuml_auto,ColorMapper,toColor,HColorMiddle,1
plantuml_auto,HColor,toColor,HColorMiddle,1
plantuml_auto,RegexResult,getColor,UBrexColorParser,1
plantuml_auto,HColorSet,getColor,UBrexColorParser,1
plantuml_auto,SlotSet,apply,SlotFinder,1
plantuml_auto,UGraphicNo,drawPath,SlotFinder,1
plantuml_auto,UTranslate,draw,UGraphicCompressOnXorY,1
plantuml_auto,UGraphicDelegator,getTranslate,UGraphicCompressOnXorY,1
plantuml_auto,ULine,drawLine,UGraphicCompressOnXorY,1
plantuml_auto,UGraphicDelegator,drawLine,UGraphicCompressOnXorY,1
plantuml_auto,AbstractAtom,getHorizontalLine,CreoleHorizontalLine,1
plantuml_auto,Pragma,getWithNewlines2,Display,1
plantuml_auto,Pragma,getWithNewlines,Display,1
plantuml_auto,Display,getWithNewlines,Display,1
plantuml_auto,Pattern2,removeEndingStereotype,Display,1
plantuml_auto,Pattern2,getEndingStereotype,Display,1
plantuml_auto,LineBreakStrategy,create0,Display,1
plantuml_auto,UFont,create0,Display,1
plantuml_auto,HColor,create0,Display,1
plantuml_auto,UFont,createStereotype,Display,1
plantuml_auto,HColor,createStereotype,Display,1
plantuml_auto,LineBreakStrategy,createStereotype,Display,1
plantuml_auto,LineBreakStrategy,getCreole,Display,1
plantuml_auto,LineBreakStrategy,createMessageNumber,Display,1
plantuml_auto,LineBreakStrategy,getSplitted,Fission,1
plantuml_auto,Stripe,getSplitted,Fission,1
plantuml_auto,Stripe,noHeader,Fission,1
plantuml_auto,AbstractTextBlock,getCellAlignment,SheetBlock1,1
plantuml_auto,LineBreakStrategy,initMap,SheetBlock1,1
plantuml_auto,ClockwiseTopRightBottomLeft,calculateDimension,SheetBlock1,1
plantuml_auto,UStroke,enlargeMe,SheetBlock2,1
plantuml_auto,CreoleContext,getHeader,StripeStyle,1
plantuml_auto,AbstractAtom,createQrcode,AtomImg,1
plantuml_auto,Url,create,AtomImg,1
plantuml_auto,Url,buildRasterFromData,AtomImg,1
plantuml_auto,Url,buildRasterFromUrl,AtomImg,1
plantuml_auto,Url,buildSvgFromUrl,AtomImg,1
plantuml_auto,AbstractAtom,buildSvgFromUrl,AtomImg,1
plantuml_auto,ScientificEquationSafe,calculateDimensionSlow,AtomMath,1
plantuml_auto,ScientificEquationSafe,drawU,AtomMath,1
plantuml_auto,HColor,calculateDimension,AtomSprite,1
plantuml_auto,AbstractAtom,initMap,AtomTable,1
plantuml_auto,AbstractAtom,getStartingX,AtomTable,1
plantuml_auto,AbstractAtom,getEndingX,AtomTable,1
plantuml_auto,AbstractAtom,getStartingY,AtomTable,1
plantuml_auto,AbstractAtom,getEndingY,AtomTable,1
plantuml_auto,AbstractAtom,getColWidth,AtomTable,1
plantuml_auto,AbstractAtom,getLineHeight,AtomTable,1
plantuml_auto,AbstractAtom,getPosition,AtomTable,1
plantuml_auto,AbstractAtom,getNbCols,AtomTable,1
plantuml_auto,AbstractAtom,drawU,AtomWithMargin,1
plantuml_auto,FontStyle,apply,AddStyle,1
plantuml_auto,CommandCreoleCache,executeAndGetRemaining,CommandCreoleExposantChange,1
plantuml_auto,FontStyle,executeAndGetRemaining,CommandCreoleStyle,1
plantuml_auto,CommandCreoleCache,matchingSize,CommandCreoleStyle,1
plantuml_auto,Pattern2,matchingSize,CommandCreoleUrl,1
plantuml_auto,Pattern2,executeAndGetRemaining,CommandCreoleUrl,1
plantuml_auto,Pattern2,getVspace,Img,1
plantuml_auto,Pattern2,getValign,Img,1
plantuml_auto,Pattern2,getInstance,Img,1
plantuml_auto,AbstractAtom,getNeutrons,AtomText,1
plantuml_auto,AbstractAtom,addPending,AtomText,1
plantuml_auto,FontConfiguration,create,AtomTextUtils,1
plantuml_auto,Url,createUrl,AtomTextUtils,1
plantuml_auto,Url,createAtomTextForUrl,AtomTextUtils,1
plantuml_auto,Stripe,createStripes,CreoleParser,1
plantuml_auto,HColor,addSprite,StripeSimple,1
plantuml_auto,HColor,addOpenIcon,StripeSimple,1
plantuml_auto,ScientificEquationSafe,addMath,StripeSimple,1
plantuml_auto,StripeStyle,analyzeAndAddInternal,StripeTable,1
plantuml_auto,HColor,basicCopy,AbstractCommonUGraphic,1
plantuml_auto,ColorMapper,basicCopy,AbstractCommonUGraphic,1
plantuml_auto,AbstractCommonUGraphic,basicCopy,AbstractCommonUGraphic,1
plantuml_auto,UTranslate,basicCopy,AbstractCommonUGraphic,1
plantuml_auto,UStroke,basicCopy,AbstractCommonUGraphic,1
plantuml_auto,UStroke,apply,AbstractCommonUGraphic,1
plantuml_auto,UStroke,getParam,AbstractCommonUGraphic,1
plantuml_auto,HColor,getParam,AbstractCommonUGraphic,1
plantuml_auto,UTranslate,apply,AbstractUGraphicHorizontalLine,1
plantuml_auto,UEmpty,drawEmpty,LimitFinder,1
plantuml_auto,UGraphicNo,drawEmpty,LimitFinder,1
plantuml_auto,UGraphicNo,drawUPath,LimitFinder,1
plantuml_auto,UPolygon,drawUPolygon,LimitFinder,1
plantuml_auto,UGraphicNo,drawUPolygon,LimitFinder,1
plantuml_auto,ULine,drawULine,LimitFinder,1
plantuml_auto,UGraphicNo,drawULine,LimitFinder,1
plantuml_auto,UGraphicNo,drawRectangle,LimitFinder,1
plantuml_auto,DotPath,drawDotPath,LimitFinder,1
plantuml_auto,UGraphicNo,drawDotPath,LimitFinder,1
plantuml_auto,UImage,drawImage,LimitFinder,1
plantuml_auto,UGraphicNo,drawImage,LimitFinder,1
plantuml_auto,UGraphicNo,drawImageSvg,LimitFinder,1
plantuml_auto,UEllipse,drawEllipse,LimitFinder,1
plantuml_auto,UGraphicNo,drawEllipse,LimitFinder,1
plantuml_auto,UGraphicNo,drawText,LimitFinder,1
plantuml_auto,UGraphicNo,draw,TextLimitFinder,1
plantuml_auto,UText,drawText,TextLimitFinder,1
plantuml_auto,AbstractUGraphicHorizontalLine,getRectangleStencil,UGraphicStencil,1
plantuml_auto,UTranslate,drawHline,UGraphicStencil,1
plantuml_auto,UStroke,drawHline,UGraphicStencil,1
plantuml_auto,StringBounderRaw,calculateDimensionInternal,StringBounderDebug,1
plantuml_auto,UCenteredCharacter,outCenteredCharacter,UGraphicDebug,1
plantuml_auto,AbstractCommonUGraphic,outCenteredCharacter,UGraphicDebug,1
plantuml_auto,AbstractCommonUGraphic,outPath,UGraphicDebug,1
plantuml_auto,UPolygon,outPolygon,UGraphicDebug,1
plantuml_auto,AbstractCommonUGraphic,outPolygon,UGraphicDebug,1
plantuml_auto,UText,outText,UGraphicDebug,1
plantuml_auto,AbstractCommonUGraphic,outText,UGraphicDebug,1
plantuml_auto,UEmpty,outEmpty,UGraphicDebug,1
plantuml_auto,AbstractCommonUGraphic,outEmpty,UGraphicDebug,1
plantuml_auto,UEllipse,outEllipse,UGraphicDebug,1
plantuml_auto,AbstractCommonUGraphic,outEllipse,UGraphicDebug,1
plantuml_auto,AbstractCommonUGraphic,outRectangle,UGraphicDebug,1
plantuml_auto,ULine,outLine,UGraphicDebug,1
plantuml_auto,AbstractCommonUGraphic,outLine,UGraphicDebug,1
plantuml_auto,AbstractCommonUGraphic,print,UGraphicDebug,1
plantuml_auto,UText,drawAsText,DriverTextEps,1
plantuml_auto,ColorMapper,drawAsText,DriverTextEps,1
plantuml_auto,PathIterator,getMinMax,DriverTextEps,1
plantuml_auto,HColorGradient,epsPolygon,EpsGraphics,1
plantuml_auto,ColorMapper,epsPolygon,EpsGraphics,1
plantuml_auto,HColorGradient,epsRectangle,EpsGraphics,1
plantuml_auto,ColorMapper,epsRectangle,EpsGraphics,1
plantuml_auto,ShadowManager,epsPolygonShadow,EpsGraphics,1
plantuml_auto,EpsGraphics,epsHLine,EpsGraphicsMacro,1
plantuml_auto,HColor,getEpsString,UGraphicEps,1
plantuml_auto,ColorMapper,getEpsString,UGraphicEps,1
plantuml_auto,DriverShadowedG2d,manageStroke,DriverLineG2d,1
plantuml_auto,UStroke,manageStroke,DriverLineG2d,1
plantuml_auto,ColorMapper,getPaintGradient,DriverRectangleG2d,1
plantuml_auto,DriverShadowedG2d,getPaintGradient,DriverRectangleG2d,1
plantuml_auto,DriverShadowedG2d,managePattern,DriverRectangleG2d,1
plantuml_auto,ColorMapper,printSingleText,DriverTextG2d,1
plantuml_auto,XPoint2D,lineTo,HandJiggle,1
plantuml_auto,XCubicCurve2D,curveTo,HandJiggle,1
plantuml_auto,UGraphicDelegator,drawHand,UGraphicHandwritten,1
plantuml_auto,DotPath,drawHand,UGraphicHandwritten,1
plantuml_auto,UPolygon,drawHand,UGraphicHandwritten,1
plantuml_auto,ULine,drawHand,UGraphicHandwritten,1
plantuml_auto,UEllipse,drawHand,UGraphicHandwritten,1
plantuml_auto,Html5Drawer,draw,DriverRectangleHtml5,1
plantuml_auto,DriverShadowedG2d,draw,DriverPathSvg,1
plantuml_auto,UPixel,draw,DriverPixelSvg,1
plantuml_auto,ColorMapper,applyFillColor,DriverRectangleSvg,1
plantuml_auto,ColorMapper,applyStrokeColor,DriverRectangleSvg,1
plantuml_auto,SvgOption,getStylesForInteractiveMode,SvgGraphics,1
plantuml_auto,SvgOption,getScriptForInteractiveMode,SvgGraphics,1
plantuml_auto,SvgOption,getRootNode,SvgGraphics,1
plantuml_auto,SvgOption,createXmlInternal,SvgGraphics,1
plantuml_auto,SvgOption,format,SvgGraphics,1
plantuml_auto,SvgOption,copyUGraphic,UGraphicSvg,1
plantuml_auto,SvgOption,build,UGraphicSvg,1
plantuml_auto,SvgOption,startUrl,UGraphicSvg,1
plantuml_auto,AtomText,draw,DriverAtomTextTikz,1
plantuml_auto,UCenteredCharacter,draw,DriverCenteredCharacterTikz2,1
plantuml_auto,UEllipse,draw,DriverEllipseTikz,1
plantuml_auto,UImage,draw,DriverImageTikz,1
plantuml_auto,Url,startUrl,UGraphicTikz,1
plantuml_auto,AbstractCommonUGraphic,draw,UGraphicTxt,1
plantuml_auto,ULine,draw,DriverLineVdx,1
plantuml_auto,UText,draw,DriverTextVdx,1
plantuml_auto,ColorMapper,draw,DriverTextVdx,1
plantuml_auto,UFont,getStyles,FontConfiguration,1
plantuml_auto,UFont,equals,FontConfiguration,1
plantuml_auto,HColor,equals,FontConfiguration,1
plantuml_auto,UStroke,equals,FontConfiguration,1
plantuml_auto,UFont,forceFont,FontConfiguration,1
plantuml_auto,HColor,forceFont,FontConfiguration,1
plantuml_auto,SvgAttributes,forceFont,FontConfiguration,1
plantuml_auto,UStroke,forceFont,FontConfiguration,1
plantuml_auto,UFont,changeSize,FontConfiguration,1
plantuml_auto,SvgAttributes,changeSize,FontConfiguration,1
plantuml_auto,UStroke,changeSize,FontConfiguration,1
plantuml_auto,UFont,changeFamily,FontConfiguration,1
plantuml_auto,HColor,changeFamily,FontConfiguration,1
plantuml_auto,SvgAttributes,changeFamily,FontConfiguration,1
plantuml_auto,UStroke,changeFamily,FontConfiguration,1
plantuml_auto,UFont,resetFont,FontConfiguration,1
plantuml_auto,UStroke,resetFont,FontConfiguration,1
plantuml_auto,FontStyle,add,FontConfiguration,1
plantuml_auto,UFont,add,FontConfiguration,1
plantuml_auto,SvgAttributes,add,FontConfiguration,1
plantuml_auto,UStroke,add,FontConfiguration,1
plantuml_auto,FontStyle,remove,FontConfiguration,1
plantuml_auto,UFont,remove,FontConfiguration,1
plantuml_auto,HColor,remove,FontConfiguration,1
plantuml_auto,SvgAttributes,remove,FontConfiguration,1
plantuml_auto,UStroke,remove,FontConfiguration,1
plantuml_auto,UFont,calculateDimension,StringBounderRaw,1
plantuml_auto,UFont,getUnusedSpace,UnusedSpace,1
plantuml_auto,XCubicCurve2D,isCutting,BezierUtils,1
plantuml_auto,XRectangle2D,isCutting,BezierUtils,1
plantuml_auto,XCubicCurve2D,shorten,BezierUtils,1
plantuml_auto,XRectangle2D,shorten,BezierUtils,1
plantuml_auto,XCubicCurve2D,subdivide,BezierUtils,1
plantuml_auto,XCubicCurve2D,dist,BezierUtils,1
plantuml_auto,XPoint2D,middle,BezierUtils,1
plantuml_auto,AbstractPlacementStrategy,butFirst,PlacementStrategyX1Y2Y3,1
plantuml_auto,AbstractPlacementStrategy,getPositions,PlacementStrategyY1Y2Right,1
plantuml_auto,XPoint2D,build,RectangleArea,1
plantuml_auto,RectangleArea,merge,RectangleArea,1
plantuml_auto,XPoint2D,merge,RectangleArea,1
plantuml_auto,XCubicCurve2D,getIntersection,RectangleArea,1
plantuml_auto,XPoint2D,getClosestSide,RectangleArea,1
plantuml_auto,XCubicCurve2D,setCurve,XCubicCurve2D,1
plantuml_auto,UTranslate,applyTranslate,XDimension2D,1
plantuml_auto,XDimension2D,mergeTB,XDimension2D,1
plantuml_auto,XPoint2D,line,XLine2D,1
plantuml_auto,XPoint2D,withPoint1,XLine2D,1
plantuml_auto,XPoint2D,withPoint2,XLine2D,1
plantuml_auto,XPoint2D,distance,XPoint2D,1
plantuml_auto,XPoint2D,move,XPoint2D,1
plantuml_auto,XRectangle2D,intersects,XRectangle2D,1
plantuml_auto,UFont,drawU,CircledCharacter,1
plantuml_auto,XPoint2D,addCurve,DotPath,1
plantuml_auto,XCubicCurve2D,sample,DotPath,1
plantuml_auto,XPoint2D,getCost,DotPath,1
plantuml_auto,UTranslate,moveStartPoint,DotPath,1
plantuml_auto,UTranslate,moveEndPoint,DotPath,1
plantuml_auto,XCubicCurve2D,addBefore,DotPath,1
plantuml_auto,DotPath,addBefore,DotPath,1
plantuml_auto,XCubicCurve2D,addAfter,DotPath,1
plantuml_auto,DotPath,addAfter,DotPath,1
plantuml_auto,XCubicCurve2D,reverse,DotPath,1
plantuml_auto,HColor,sansSerif12,GraphicStrings,1
plantuml_auto,UStroke,sansSerif12,GraphicStrings,1
plantuml_auto,HColor,sansSerif14,GraphicStrings,1
plantuml_auto,UStroke,sansSerif14,GraphicStrings,1
plantuml_auto,HColor,monospaced14,GraphicStrings,1
plantuml_auto,UStroke,monospaced14,GraphicStrings,1
plantuml_auto,AbstractTextBlock,calculateDimensionInternal,GraphicStrings,1
plantuml_auto,AbstractTextBlock,rawText,SingleLine,1
plantuml_auto,AbstractTextBlock,maxDeltaY,SingleLine,1
plantuml_auto,AbstractTextBlock,getTriangle,TextBlockArrow,1
plantuml_auto,AbstractTextBlock,getPoint,TextBlockArrow2,1
plantuml_auto,AbstractTextBlock,getTextHeight,TextBlockBordered,1
plantuml_auto,AbstractTextBlock,getPureTextWidth,TextBlockBordered,1
plantuml_auto,ContainingEllipse,drawU,TextBlockInEllipse,1
plantuml_auto,UStroke,bordered,TextBlockUtils,1
plantuml_auto,HColor,bordered,TextBlockUtils,1
plantuml_auto,ClockwiseTopRightBottomLeft,bordered,TextBlockUtils,1
plantuml_auto,ClockwiseTopRightBottomLeft,withMargin,TextBlockUtils,1
plantuml_auto,AbstractTextBlock,convertImage,TextBlockVertical2,1
plantuml_auto,AbstractShadowable,bigger,UEllipse,1
plantuml_auto,AbstractShadowable,scale,UEllipse,1
plantuml_auto,AbstractShadowable,getStartingX,UEllipse,1
plantuml_auto,AbstractShadowable,getEndingX,UEllipse,1
plantuml_auto,AbstractShadowable,getPointAtAngle,UEllipse,1
plantuml_auto,UStroke,drawLineInternal,UHorizontalLine,1
plantuml_auto,AbstractShadowable,create,ULine,1
plantuml_auto,AbstractShadowable,withHeight,URectangle,1
plantuml_auto,AbstractShadowable,withWidth,URectangle,1
plantuml_auto,AbstractShadowable,withCommentAndCodeLine,URectangle,1
plantuml_auto,AbstractShadowable,rounded,URectangle,1
plantuml_auto,AbstractShadowable,halfRounded,URectangle,1
plantuml_auto,AbstractShadowable,drawWhenCompressed,URectangle,1
plantuml_auto,HColor,getCharFor,ColorPalette,1
plantuml_auto,ColorPalette,buildSprite,SpriteColorBuilder,1
plantuml_auto,ColorPalette,encodeColor,SpriteColorBuilder,1
plantuml_auto,ColorPalette4096,buildSprite,SpriteColorBuilder4096,1
plantuml_auto,ColorPalette4096,encodeImage,SpriteColorBuilder4096,1
plantuml_auto,UImage,asTextBlock,SpriteImage,1
plantuml_auto,ColorMapper,toUImage,SpriteMonochrome,1
plantuml_auto,HColor,toUImage,SpriteMonochrome,1
plantuml_auto,AbstractPSystem,doCommandLine,PSystemMath,1
plantuml_auto,AbstractPSystem,getColor,PSystemMath,1
plantuml_auto,FileFormatOption,export,ScientificEquationSafe,1
plantuml_auto,Idea,getTetris,FingerImpl,1
plantuml_auto,Idea,getPhalanx,FingerImpl,1
plantuml_auto,HColor,createIdea,Idea,1
plantuml_auto,Branch,drawU,MindMap,1
plantuml_auto,SymetricalTee,add,Tetris,1
plantuml_auto,StripeFrontier,add,Tetris,1
plantuml_auto,StripeFrontier,addInternal,Tetris,1
plantuml_auto,NPlayField,createNetwork,NwDiagram,1
plantuml_auto,NPlayField,link,NwDiagram,1
plantuml_auto,NPlayField,veryFirstLink,NwDiagram,1
plantuml_auto,NPlayField,addElement,NwDiagram,1
plantuml_auto,NPlayField,buildGrid,NwDiagram,1
plantuml_auto,USymbol,updateProperties,NServer,1
plantuml_auto,GridTextBlockSimple,drawLinks,GridTextBlockDecorated,1
plantuml_auto,NwGroup,drawGroups,GridTextBlockDecorated,1
plantuml_auto,GridTextBlockSimple,drawGroups,GridTextBlockDecorated,1
plantuml_auto,GridTextBlockSimple,drawNetworkTube,GridTextBlockDecorated,1
plantuml_auto,GridTextBlockSimple,computeMixMax,GridTextBlockDecorated,1
plantuml_auto,NStage,addStage,NBar,1
plantuml_auto,NStage,contains,NBox,1
plantuml_auto,NBar,addInPlayfield,NPlayField,1
plantuml_auto,NwGroup,fixServerInGroup,NPlayField,1
plantuml_auto,AbstractEntityDiagram,insertBetween,AbstractClassOrObjectDiagram,1
plantuml_auto,AbstractEntityDiagram,foundLink,AbstractClassOrObjectDiagram,1
plantuml_auto,AbstractEntityDiagram,insertPointBetween,AbstractClassOrObjectDiagram,1
plantuml_auto,AbstractEntityDiagram,setLegend,AbstractClassOrObjectDiagram,1
plantuml_auto,BlocLines,finalVerification,CommandCreateJson,1
plantuml_auto,BlocLines,getJsonString,CommandCreateJson,1
plantuml_auto,AbstractEntityDiagram,executeArg,CommandCreateJsonSingleLine,1
plantuml_auto,AbstractEntityDiagram,executeNow,CommandCreateMap,1
plantuml_auto,AbstractEntityDiagram,executeArg0,CommandCreateMap,1
plantuml_auto,RegexResult,executeArg0,CommandCreateMap,1
plantuml_auto,SvgPath,asTextBlock,OpenIcon,1
plantuml_auto,UTranslate,toUPath,SvgPath,1
plantuml_auto,SvgCommandNumber,add,SvgPosition,1
plantuml_auto,Screen,getScreen,PSystemOregon,1
plantuml_auto,PSystemOregon,executeLine,PSystemOregonFactory,1
plantuml_auto,PSystemBasicFactory,executeLine,PSystemOregonFactory,1
plantuml_auto,Screen,input,SmartKeyboard,1
plantuml_auto,Screen,inputInt,SmartKeyboard,1
plantuml_auto,ReceivedHTTPRequest,handleGET,PicoWebServer,1
plantuml_auto,ReceivedHTTPRequest,handleRenderRequest,PicoWebServer,1
plantuml_auto,RenderRequest,handleRenderRequest,PicoWebServer,1
plantuml_auto,Style,getRibbonBlock,PngTitler,1
plantuml_auto,Path,getPathString,DotxMaker,1
plantuml_auto,Block,getNodeAttibute,DotxMaker,1
plantuml_auto,Cluster,solve,GraphvizSolverB,1
plantuml_auto,DefineSignature,apply2,Define,1
plantuml_auto,StringLocated,getReadLine,StartDiagramExtractReader,1
plantuml_auto,Pattern2,readLine,UncommentReadLine,1
plantuml_auto,StringLocated,getReaderNonstandardInclude,PreprocessorUtils,1
plantuml_auto,StringLocated,getReaderStdlibInclude,PreprocessorUtils,1
plantuml_auto,StringLocated,getReaderStdlibIncludeSprites,PreprocessorUtils,1
plantuml_auto,StringLocated,getReaderInclude,PreprocessorUtils,1
plantuml_auto,TaskInstant,getUDrawable,GanttConstraint,1
plantuml_auto,Day,thParam,GanttDiagram,1
plantuml_auto,Day,initTaskAndResourceDraws,GanttDiagram,1
plantuml_auto,Resource,buildResourceDraw,GanttDiagram,1
plantuml_auto,Day,buildResourceDraw,GanttDiagram,1
plantuml_auto,TaskGroup,addGroup,GanttDiagram,1
plantuml_auto,Day,getExistingMoment,GanttDiagram,1
plantuml_auto,Day,setTodayColors,GanttDiagram,1
plantuml_auto,AbstractTask,getLoadAt,TaskImpl,1
plantuml_auto,AbstractTask,getResourcePlan,TaskImpl,1
plantuml_auto,AbstractTask,getPrettyDisplay,TaskImpl,1
plantuml_auto,AbstractTask,addAll,TaskImpl,1
plantuml_auto,Day,manageDelta,TaskInstant,1
plantuml_auto,ULine,draw2hlines,RectangleTask,1
plantuml_auto,HColor,draw,RectangleTask,1
plantuml_auto,HColor,drawWithRound,RectangleTask,1
plantuml_auto,HColor,drawWithoutRound,RectangleTask,1
plantuml_auto,HColor,drawFull,RectangleTask,1
plantuml_auto,HColor,drawPartly,RectangleTask,1
plantuml_auto,HColor,drawBackgroundRect,RectangleTask,1
plantuml_auto,Resource,drawU,ResourceDrawVersion2,1
plantuml_auto,AbstractTaskDraw,getY,TaskDrawDiamond,1
plantuml_auto,Day,getShapeHeight,TaskDrawGroup,1
plantuml_auto,Day,drawTitle,TaskDrawRegular,1
plantuml_auto,Day,getX,TaskDrawRegular,1
plantuml_auto,Day,drawShape,TaskDrawRegular,1
plantuml_auto,LabelStrategy,drawTitle,TaskDrawSeparator,1
plantuml_auto,Day,drawU,TaskDrawSeparator,1
plantuml_auto,Day,getFingerPrint,TaskDrawSeparator,1
plantuml_auto,TimeHeaderParameters,drawHline,TimeHeader,1
plantuml_auto,UFont,getFontConfiguration,TimeHeader,1
plantuml_auto,HColor,getFontConfiguration,TimeHeader,1
plantuml_auto,TimeHeaderParameters,getTextBlock,TimeHeader,1
plantuml_auto,TimeHeaderParameters,printVerticalSeparators,TimeHeader,1
plantuml_auto,TimeHeaderCalendar,getH3,TimeHeaderDaily,1
plantuml_auto,TimeHeaderCalendar,drawMonths,TimeHeaderMonthly,1
plantuml_auto,TimeHeaderCalendar,drawQuarters,TimeHeaderQuarterly,1
plantuml_auto,TimeHeaderCalendar,printQuarter,TimeHeaderQuarterly,1
plantuml_auto,TimeHeader,getTimeHeaderHeight,TimeHeaderSimple,1
plantuml_auto,TimeHeader,getTimeFooterHeight,TimeHeaderSimple,1
plantuml_auto,Day,initDelta,TimeHeaderSimple,1
plantuml_auto,TimeHeader,initDelta,TimeHeaderSimple,1
plantuml_auto,TimeHeader,drawSmallVlinesDay,TimeHeaderSimple,1
plantuml_auto,TimeHeader,drawSimpleDayCounter,TimeHeaderSimple,1
plantuml_auto,TimeHeader,drawTimeHeader,TimeHeaderSimple,1
plantuml_auto,TimeHeader,drawTimeFooter,TimeHeaderSimple,1
plantuml_auto,TimeHeader,drawTextsBackground,TimeHeaderSimple,1
plantuml_auto,TimeHeaderCalendar,getH1,TimeHeaderWeekly,1
plantuml_auto,TimeHeaderCalendar,getH2,TimeHeaderWeekly,1
plantuml_auto,TimeHeaderCalendar,getHeaderNameDayHeight,TimeHeaderWeekly,1
plantuml_auto,TimeHeaderCalendar,printMonths,TimeHeaderWeekly,1
plantuml_auto,TimeHeaderCalendar,printNamedDays,TimeHeaderWeekly,1
plantuml_auto,TimeHeaderCalendar,printVerticalSeparators,TimeHeaderWeekly,1
plantuml_auto,MonthYear,printMonth,TimeHeaderWeekly,1
plantuml_auto,TimeHeaderCalendar,printMonth,TimeHeaderWeekly,1
plantuml_auto,TimeHeaderCalendar,printLeft,TimeHeaderWeekly,1
plantuml_auto,TimeHeaderCalendar,drawTimeHeader,TimeHeaderYearly,1
plantuml_auto,TimeHeaderCalendar,drawTimeFooter,TimeHeaderYearly,1
plantuml_auto,TimeHeaderCalendar,drawYears,TimeHeaderYearly,1
plantuml_auto,MonthYear,printYear,TimeHeaderYearly,1
plantuml_auto,TimeHeaderCalendar,printYear,TimeHeaderYearly,1
plantuml_auto,RegexResult,getComplementTaskInstant,AbstractComplementTaskInstant,1
plantuml_auto,HColor,unlinearTo,CenterBorderColor,1
plantuml_auto,RegexResult,resultD,ComplementDate,1
plantuml_auto,AbstractComplementTaskInstant,getMe,ComplementIntervalsSmart,1
plantuml_auto,RegexResult,resultA,DayPattern,1
plantuml_auto,RegexResult,resultC,DayPattern,1
plantuml_auto,SentenceSimple,execute,SentenceTaskStartsWithColor,1
plantuml_auto,RegexResult,resultB,SubjectDayAsDate,1
plantuml_auto,RegexResult,getDate,SubjectDaysAsDates,1
plantuml_auto,Histogram,solveForward,Solver3,1
plantuml_auto,AbstractSolver,computeEnd,SolverImpl,1
plantuml_auto,AbstractSolver,computeStart,SolverImpl,1
plantuml_auto,WeekNumberStrategy,getWeekOfYear,Day,1
plantuml_auto,Day,computeUpTo,TimeScaleDailyHideClosed,1
plantuml_auto,RealMoveable,apply,PositiveForce,1
plantuml_auto,AbstractReal,getCurrentValueInternal,RealMin,1
plantuml_auto,Pattern2,cmpile,MyPattern,1
plantuml_auto,RegexComposed,foxRegex,RegexConcat,1
plantuml_auto,RegexComposed,buildInternal,RegexConcat,1
plantuml_auto,RegexComposed,createPartialMatch,RegexRepeatedOneOrMore,1
plantuml_auto,RegexComposed,getFullSlow,RegexRepeatedZeroOrMore,1
plantuml_auto,HColor,getTextMainBlock,PSystemRegex,1
plantuml_auto,ReToken,pushEtileBox,PSystemRegex,1
plantuml_auto,Symbol,pushEtileBox,PSystemRegex,1
plantuml_auto,Style,pushEtileBox,PSystemRegex,1
plantuml_auto,ReToken,pushRegexGroup,PSystemRegex,1
plantuml_auto,Style,lookAheadOrBehind,PSystemRegex,1
plantuml_auto,ETile,isBoxMergeable,PSystemRegex,1
plantuml_auto,AbstractElement,getCharNumber,AbstractElementText,1
plantuml_auto,AbstractElement,drawText,AbstractElementText,1
plantuml_auto,AbstractElement,getTextDimensionAt,AbstractElementText,1
plantuml_auto,AbstractElementText,extract,ElementDroplist,1
plantuml_auto,AbstractElement,drawLine,ElementLine,1
plantuml_auto,ElementMenuEntry,getPopup,ElementMenuBar,1
plantuml_auto,UFont,getPopup,ElementMenuBar,1
plantuml_auto,AbstractElement,init,ElementPyramid,1
plantuml_auto,AbstractElement,ensureColWidth,ElementPyramid,1
plantuml_auto,AbstractElement,ensureRowHeight,ElementPyramid,1
plantuml_auto,ElementPyramid,getPreferredDimension,ElementPyramidScrolled,1
plantuml_auto,ElementPyramid,drawU,ElementPyramidScrolled,1
plantuml_auto,ElementPyramid,getTr0,ElementPyramidScrolled,1
plantuml_auto,ElementPyramid,getTr180,ElementPyramidScrolled,1
plantuml_auto,ElementPyramid,getTr90,ElementPyramidScrolled,1
plantuml_auto,ElementPyramid,getTr270,ElementPyramidScrolled,1
plantuml_auto,ElementPyramid,drawV,ElementPyramidScrolled,1
plantuml_auto,ElementPyramid,drawH,ElementPyramidScrolled,1
plantuml_auto,AbstractElement,drawOther,ElementRadioCheckbox,1
plantuml_auto,AbstractElement,drawRadio,ElementRadioCheckbox,1
plantuml_auto,UFont,addTab,ElementTabBar,1
plantuml_auto,AbstractElement,drawUVertical,ElementTabBar,1
plantuml_auto,AbstractElementText,getPreferredDimension,ElementTextField,1
plantuml_auto,AbstractElementText,drawU,ElementTextField,1
plantuml_auto,UFont,addEntry,ElementTree,1
plantuml_auto,UFont,addCellToEntry,ElementTree,1
plantuml_auto,AbstractElement,getPreferredDimension,ElementTree,1
plantuml_auto,AbstractElement,drawU,ElementTree,1
plantuml_auto,Cell,compare,TopFirst,1
plantuml_auto,SaltDictionary,create,ElementFactoryRetrieveFromDictonnary,1
plantuml_auto,AbstractElementFactoryComplex,create,ElementFactoryTree,1
plantuml_auto,AbstractElementFactoryComplex,ready,ElementFactoryTree,1
plantuml_auto,ST_textlabel_t,fromTextlabel,BoxInfo,1
plantuml_auto,XPoint2D,fromTextlabel,BoxInfo,1
plantuml_auto,ST_Agnode_s,fromNode,BoxInfo,1
plantuml_auto,XPoint2D,fromNode,BoxInfo,1
plantuml_auto,XPoint2D,getDimension,BoxInfo,1
plantuml_auto,ST_Agraphinfo_t,fromGraphInfo,BoxInfo,1
plantuml_auto,XPoint2D,fromGraphInfo,BoxInfo,1
plantuml_auto,CucaDiagramFileMaker,getDim,CucaDiagramFileMakerSmetana,1
plantuml_auto,CucaDiagramFileMaker,getCoreFromGroup,CucaDiagramFileMakerSmetana,1
plantuml_auto,CucaDiagramFileMaker,exportEntity,CucaDiagramFileMakerSmetana,1
plantuml_auto,CucaDiagramFileMaker,printEntity,CucaDiagramFileMakerSmetana,1
plantuml_auto,CucaDiagramFileMaker,getTextBlock,CucaDiagramFileMakerSmetana,1
plantuml_auto,CucaDiagramFileMaker,exportGroup,CucaDiagramFileMakerSmetana,1
plantuml_auto,CucaDiagramFileMaker,getStyle,CucaDiagramFileMakerSmetana,1
plantuml_auto,CucaDiagramFileMaker,getDefaultStyleDefinitionArrow,CucaDiagramFileMakerSmetana,1
plantuml_auto,CucaDiagramFileMaker,getFontForLink,CucaDiagramFileMakerSmetana,1
plantuml_auto,CucaDiagramFileMaker,addVisibilityModifier,CucaDiagramFileMakerSmetana,1
plantuml_auto,CucaDiagramFileMaker,getLabel,CucaDiagramFileMakerSmetana,1
plantuml_auto,CucaDiagramFileMaker,getQuantifier,CucaDiagramFileMakerSmetana,1
plantuml_auto,ST_Agnode_s,printDebugNode,DebugUtils,1
plantuml_auto,XAbstractEdge,drawU,SmetanaEdge,1
plantuml_auto,XAbstractEdge,getStyle,SmetanaEdge,1
plantuml_auto,XAbstractEdge,getStartPoint,SmetanaEdge,1
plantuml_auto,XAbstractEdge,getEndPoint,SmetanaEdge,1
plantuml_auto,DotPath,printExtremityAtStart,SmetanaEdge,1
plantuml_auto,XAbstractEdge,printExtremityAtStart,SmetanaEdge,1
plantuml_auto,DotPath,printExtremityAtEnd,SmetanaEdge,1
plantuml_auto,XAbstractEdge,printExtremityAtEnd,SmetanaEdge,1
plantuml_auto,YMirror,getLabelRectangleTranslate,SmetanaEdge,1
plantuml_auto,ST_splines,getPoint,SmetanaEdge,1
plantuml_auto,XAbstractEdge,getPoint,SmetanaEdge,1
plantuml_auto,JsonValue,proxyFromJson,SecurityCredentials,1
plantuml_auto,JsonValue,isJsonObjectWithMembers,SecurityCredentials,1
plantuml_auto,JsonObject,buildAccessDataFromResponse,AbstractOAuth2AccessAuthorizeManager,1
plantuml_auto,JsonObject,toMap,AbstractOAuth2AccessAuthorizeManager,1
plantuml_auto,SecurityAuthentication,requestAndCreateAuthFromResponse,AbstractOAuth2AccessAuthorizeManager,1
plantuml_auto,SecurityAuthentication,getAuth,OAuth2AccessInterceptor,1
plantuml_auto,BasicAuthAuthorizeManager,create,OAuth2ResourceOwnerAccessAuthorizeManager,1
plantuml_auto,AbstractEvent,getLabelNumbered,AbstractMessage,1
plantuml_auto,DottedNumber,getNextMessageNumber,AutoNumber,1
plantuml_auto,Participant,createPuma,Doll,1
plantuml_auto,ParticipantEnglober,getUsedStyles,Doll,1
plantuml_auto,ParticipantEnglober,getComponent,Doll,1
plantuml_auto,TileArguments,getTitlePreferredHeight,Doll,1
plantuml_auto,TileArguments,getPosAA,Doll,1
plantuml_auto,TileArguments,addConstraintAfter,Doll,1
plantuml_auto,Grouping,getUsedStyles,GroupingStart,1
plantuml_auto,CommonTile,drawAnchor,LinkAnchor,1
plantuml_auto,Colors,getUsedStyles,Note,1
plantuml_auto,Participant,withPosition,Note,1
plantuml_auto,Url,withPosition,Note,1
plantuml_auto,Colors,withPosition,Note,1
plantuml_auto,Pragma,groupTypeTail,Participant,1
plantuml_auto,Pragma,groupTypeHead,Participant,1
plantuml_auto,Pragma,groupTypeLifeline,Participant,1
plantuml_auto,HColor,getUsedStyles,Reference,1
plantuml_auto,AbstractEvent,toString,Reference,1
plantuml_auto,ParticipantEnglober,getOrCreateParticipant,SequenceDiagram,1
plantuml_auto,Delay,addMessage,SequenceDiagram,1
plantuml_auto,LifeEvent,addMessage,SequenceDiagram,1
plantuml_auto,Note,addNote,SequenceDiagram,1
plantuml_auto,Delay,delay,SequenceDiagram,1
plantuml_auto,FileFormatOption,getSequenceDiagramPngMaker,SequenceDiagram,1
plantuml_auto,Participant,activate,SequenceDiagram,1
plantuml_auto,HColor,activate,SequenceDiagram,1
plantuml_auto,HColor,boxStart,SequenceDiagram,1
plantuml_auto,Participant,remove,SequenceDiagram,1
plantuml_auto,ParticipantEnglober,putParticipantInLast,SequenceDiagram,1
plantuml_auto,RegexResult,getMulticasts,CommandArrow,1
plantuml_auto,SequenceDiagram,getOrCreateParticipant,CommandArrow,1
plantuml_auto,RegexResult,getOrCreateParticipant,CommandArrow,1
plantuml_auto,RegexResult,getDressing,CommandArrow,1
plantuml_auto,Participant,manageActivations,CommandArrow,1
plantuml_auto,HColor,manageActivations,CommandArrow,1
plantuml_auto,RegexResult,getLength,CommandArrow,1
plantuml_auto,BlocLines,executeNow,CommandParticipantMultilines,1
plantuml_auto,BlocLines,execute,CommandReferenceMultilinesOverSeveral,1
plantuml_auto,GraphicalElement,startGroup,Arrow,1
plantuml_auto,Arrow,getDiff,ArrowAndParticipant,1
plantuml_auto,ParticipantBox,getDiff,ArrowAndParticipant,1
plantuml_auto,ParticipantBox,getPreferredHeight,ArrowAndParticipant,1
plantuml_auto,Participant,getHeadAndEngloberHeight,DrawableSet,1
plantuml_auto,GraphicalElement,addEvent,DrawableSet,1
plantuml_auto,Newpage,addEvent,DrawableSet,1
plantuml_auto,GraphicalNewpage,addEvent,DrawableSet,1
plantuml_auto,Page,clipAndTranslate2,DrawableSet,1
plantuml_auto,Doll,getEngloberComponent,DrawableSet,1
plantuml_auto,Doll,getX1,DrawableSet,1
plantuml_auto,Doll,getX2,DrawableSet,1
plantuml_auto,Participant,drawLifeLineU,DrawableSet,1
plantuml_auto,DrawableSet,createDrawableSet,DrawableSetInitializer,1
plantuml_auto,Newpage,getYposition,DrawableSetInitializer,1
plantuml_auto,Newpage,prepareNewpage,DrawableSetInitializer,1
plantuml_auto,ParticipantRange,prepareNewpage,DrawableSetInitializer,1
plantuml_auto,DrawableSet,prepareNewpage,DrawableSetInitializer,1
plantuml_auto,Newpage,prepareNewpageSpecial,DrawableSetInitializer,1
plantuml_auto,ParticipantRange,prepareNewpageSpecial,DrawableSetInitializer,1
plantuml_auto,DrawableSet,prepareNewpageSpecial,DrawableSetInitializer,1
plantuml_auto,Divider,prepareDivider,DrawableSetInitializer,1
plantuml_auto,ParticipantRange,prepareDivider,DrawableSetInitializer,1
plantuml_auto,DrawableSet,prepareDivider,DrawableSetInitializer,1
plantuml_auto,HSpace,prepareHSpace,DrawableSetInitializer,1
plantuml_auto,ParticipantRange,prepareHSpace,DrawableSetInitializer,1
plantuml_auto,DrawableSet,prepareHSpace,DrawableSetInitializer,1
plantuml_auto,Delay,prepareDelay,DrawableSetInitializer,1
plantuml_auto,ParticipantRange,prepareDelay,DrawableSetInitializer,1
plantuml_auto,DrawableSet,prepareDelay,DrawableSetInitializer,1
plantuml_auto,GroupingStart,prepareGroupingStart,DrawableSetInitializer,1
plantuml_auto,ParticipantRange,prepareGroupingStart,DrawableSetInitializer,1
plantuml_auto,DrawableSet,prepareGroupingStart,DrawableSetInitializer,1
plantuml_auto,InGroupablesStack,prepareGroupingStart,DrawableSetInitializer,1
plantuml_auto,ParticipantRange,prepareGroupingLeaf,DrawableSetInitializer,1
plantuml_auto,DrawableSet,prepareGroupingLeaf,DrawableSetInitializer,1
plantuml_auto,InGroupablesStack,prepareGroupingLeaf,DrawableSetInitializer,1
plantuml_auto,Note,prepareNote,DrawableSetInitializer,1
plantuml_auto,ParticipantRange,prepareNote,DrawableSetInitializer,1
plantuml_auto,InGroupablesStack,prepareNote,DrawableSetInitializer,1
plantuml_auto,DrawableSet,prepareNote,DrawableSetInitializer,1
plantuml_auto,ParticipantRange,createNoteBox,DrawableSetInitializer,1
plantuml_auto,DrawableSet,createNoteBox,DrawableSetInitializer,1
plantuml_auto,Notes,prepareNotes,DrawableSetInitializer,1
plantuml_auto,ParticipantRange,prepareNotes,DrawableSetInitializer,1
plantuml_auto,DrawableSet,prepareNotes,DrawableSetInitializer,1
plantuml_auto,InGroupablesStack,prepareNotes,DrawableSetInitializer,1
plantuml_auto,LifeEvent,prepareLiveEvent,DrawableSetInitializer,1
plantuml_auto,ParticipantRange,prepareLiveEvent,DrawableSetInitializer,1
plantuml_auto,DrawableSet,prepareLiveEvent,DrawableSetInitializer,1
plantuml_auto,ParticipantRange,prepareMessageExo,DrawableSetInitializer,1
plantuml_auto,DrawableSet,prepareMessageExo,DrawableSetInitializer,1
plantuml_auto,InGroupablesStack,prepareMessageExo,DrawableSetInitializer,1
plantuml_auto,Message,prepareMessage,DrawableSetInitializer,1
plantuml_auto,ParticipantRange,prepareMessage,DrawableSetInitializer,1
plantuml_auto,DrawableSet,prepareMessage,DrawableSetInitializer,1
plantuml_auto,Reference,prepareReference,DrawableSetInitializer,1
plantuml_auto,ParticipantRange,prepareReference,DrawableSetInitializer,1
plantuml_auto,DrawableSet,prepareReference,DrawableSetInitializer,1
plantuml_auto,InGroupablesStack,prepareReference,DrawableSetInitializer,1
plantuml_auto,Participant,prepareParticipant,DrawableSetInitializer,1
plantuml_auto,DrawableSet,prepareParticipant,DrawableSetInitializer,1
plantuml_auto,ParticipantRange,add,FrontierStackImpl,1
plantuml_auto,ParticipantBox,drawInternalU,GraphicalDelayText,1
plantuml_auto,LivingParticipantBox,getR2,GraphicalReference,1
plantuml_auto,Fashion,addSegmentVariation,LifeLine,1
plantuml_auto,Stairs,addSegmentVariation,LifeLine,1
plantuml_auto,LifeLine,getLiveThicknessAt,LivingParticipantBox,1
plantuml_auto,ParticipantBox,getLiveThicknessAt,LivingParticipantBox,1
plantuml_auto,LifeLine,drawLineU22,LivingParticipantBox,1
plantuml_auto,ParticipantBox,drawLineU22,LivingParticipantBox,1
plantuml_auto,Arrow,getLeftStartInternal,MessageArrow,1
plantuml_auto,Arrow,getRightEndInternal,MessageArrow,1
plantuml_auto,LivingParticipantBox,getDirection,MessageArrow,1
plantuml_auto,LivingParticipantBox,getLeftStartInternal,MessageExoArrow,1
plantuml_auto,LivingParticipantBox,getRightEndInternal,MessageExoArrow,1
plantuml_auto,Arrow,getActualDimension,MessageExoArrow,1
plantuml_auto,Arrow,getPreferredWidth,MessageSelfArrow,1
plantuml_auto,Arrow,drawInternalU,MessageSelfArrow,1
plantuml_auto,Arrow,getStartingX,MessageSelfArrow,1
plantuml_auto,Arrow,getArrowYStartLevel,MessageSelfArrow,1
plantuml_auto,Arrow,getArrowYEndLevel,MessageSelfArrow,1
plantuml_auto,LivingParticipantBox,getPreferredWidth,NoteBox,1
plantuml_auto,Url,drawInternalU,NoteBox,1
plantuml_auto,LivingParticipantBox,getStartingX,NoteBox,1
plantuml_auto,LivingParticipantBox,getSegment,NoteBox,1
plantuml_auto,NoteBox,add,NotesBoxes,1
plantuml_auto,ParticipantBox,add,NotesBoxes,1
plantuml_auto,GraphicalElement,add,NotesBoxes,1
plantuml_auto,GraphicalElement,getPreferredWidth,NotesBoxes,1
plantuml_auto,Participant,drawHeadTailU,ParticipantBox,1
plantuml_auto,Pragma,drawHeadTailU,ParticipantBox,1
plantuml_auto,Segment,contains,Segment,1
plantuml_auto,Segment,drawU,SegmentColored,1
plantuml_auto,Segment,merge,SegmentColored,1
plantuml_auto,Fashion,merge,SegmentColored,1
plantuml_auto,PngTitler,initFooter,SequenceDiagramArea,1
plantuml_auto,PngTitler,initHeader,SequenceDiagramArea,1
plantuml_auto,DrawableSet,create,SequenceDiagramFileMakerPuma2,1
plantuml_auto,DrawableSet,createUDrawable,SequenceDiagramFileMakerPuma2,1
plantuml_auto,UGraphicTxt,createOne,SequenceDiagramTxtMaker,1
plantuml_auto,Arrow,createNoteBox,Step1Abstract,1
plantuml_auto,Note,createNoteBox,Step1Abstract,1
plantuml_auto,Step1Abstract,createMessageSelfArrow,Step1Message,1
plantuml_auto,Step1Abstract,getLevelAt,Step1Message,1
plantuml_auto,Step1Abstract,getHalfLifeWidth,Step1Message,1
plantuml_auto,Message,getSelfArrowType,Step1Message,1
plantuml_auto,Step1Abstract,getSelfArrowType,Step1Message,1
plantuml_auto,Step1Abstract,getArrowType,Step1MessageExo,1
plantuml_auto,SegmentPosition,pushIfNeed,FixedLink,1
plantuml_auto,HColor,addChange,Blotter,1
plantuml_auto,TileArguments,addConstraints,CommunicationExoTile,1
plantuml_auto,AbstractTile,getPoint2,CommunicationExoTile,1
plantuml_auto,AbstractTile,getMiddleX,CommunicationExoTile,1
plantuml_auto,AbstractTile,getArrowThickness,CommunicationTile,1
plantuml_auto,Message,getComponentMulticast,CommunicationTile,1
plantuml_auto,Message,drawU,CommunicationTile,1
plantuml_auto,LivingSpaces,drawMulticast,CommunicationTile,1
plantuml_auto,LivingSpace,getPoint2,CommunicationTile,1
plantuml_auto,AbstractTile,drawLine,CommunicationTileNoteBottomTopAbstract,1
plantuml_auto,LivingSpace,getNotePosition,CommunicationTileNoteRight,1
plantuml_auto,CommunicationTileNoteBottomTopAbstract,drawU,CommunicationTileNoteTop,1
plantuml_auto,Message,getComponent,CommunicationTileSelf,1
plantuml_auto,AbstractTile,callbackY_internal,CommunicationTileSelf,1
plantuml_auto,LivingSpace,addConstraints,CommunicationTileSelf,1
plantuml_auto,AbstractTile,getPrevious,CommunicationTileSelf,1
plantuml_auto,AbstractTile,getCompWidth,CommunicationTileSelf,1
plantuml_auto,CommunicationTileSelf,drawU,CommunicationTileSelfNoteRight,1
plantuml_auto,CommunicationTileSelf,getPreferredHeight,CommunicationTileSelfNoteRight,1
plantuml_auto,Delay,getComponent,DelayTile,1
plantuml_auto,AbstractTile,getPreferredWidth,DelayTile,1
plantuml_auto,Divider,getComponent,DividerTile,1
plantuml_auto,TileArguments,drawU,DividerTile,1
plantuml_auto,Participant,addParticipant,Dolls,1
plantuml_auto,ParticipantEnglober,addParticipant,Dolls,1
plantuml_auto,TileArguments,addParticipant,Dolls,1
plantuml_auto,GroupingLeaf,getComponent,ElseTile,1
plantuml_auto,GroupingStart,getComponent,GroupingTile,1
plantuml_auto,Area,drawBackground,GroupingTile,1
plantuml_auto,GroupingStart,drawBackground,GroupingTile,1
plantuml_auto,AbstractTile,drawAllElses,GroupingTile,1
plantuml_auto,TimeHook,fillPositionalSubGroupTiles,GroupingTile,1
plantuml_auto,AbstractTile,fillPositionalSubGroupTiles,GroupingTile,1
plantuml_auto,AbstractTile,mergeParallel,GroupingTile,1
plantuml_auto,TileParallel,moveRecentParallelTilesToPending,GroupingTile,1
plantuml_auto,AbstractTile,moveRecentParallelTilesToPending,GroupingTile,1
plantuml_auto,LivingSpace,callbackY_internal,LifeEventTile,1
plantuml_auto,AbstractTile,getUsedStyle,LifeEventTile,1
plantuml_auto,LivingSpace,drawU,LifeEventTile,1
plantuml_auto,Stairs,drawDestroys,LiveBoxes,1
plantuml_auto,Stairs,drawOneLevel,LiveBoxes,1
plantuml_auto,Step,drawDestroyIfNeeded,LiveBoxesDrawer,1
plantuml_auto,Fashion,drawInternal,LiveBoxesDrawer,1
plantuml_auto,Participant,drawHead,LivingSpace,1
plantuml_auto,Participant,getHeadPreferredDimension,LivingSpace,1
plantuml_auto,LivingSpace,getUsedWidth,NoteTile,1
plantuml_auto,LivingSpace,getX,NoteTile,1
plantuml_auto,LivingSpace,getMinX,NoteTile,1
plantuml_auto,LivingSpace,getMaxX,NoteTile,1
plantuml_auto,Note,getComponent,NotesTile,1
plantuml_auto,Note,getUsedWidth,NotesTile,1
plantuml_auto,AbstractTile,getUsedWidth,NotesTile,1
plantuml_auto,Note,getXcenter,NotesTile,1
plantuml_auto,LivingSpaces,getXcenter,NotesTile,1
plantuml_auto,Note,getX,NotesTile,1
plantuml_auto,LivingSpaces,getX,NotesTile,1
plantuml_auto,Notes,addConstraints,NotesTile,1
plantuml_auto,Note,getX2,NotesTile,1
plantuml_auto,AbstractTile,getX2,NotesTile,1
plantuml_auto,PlayingSpace,calculateDimension,PlayingSpaceWithParticipants,1
plantuml_auto,PlayingSpace,drawU,PlayingSpaceWithParticipants,1
plantuml_auto,PlayingSpace,setIndex,PlayingSpaceWithParticipants,1
plantuml_auto,TileArguments,init,ReferenceTile,1
plantuml_auto,Reference,getComponent,ReferenceTile,1
plantuml_auto,TileArguments,getComponent,ReferenceTile,1
plantuml_auto,AbstractTile,drawU,ReferenceTile,1
plantuml_auto,AbstractTile,getPreferredHeight,ReferenceTile,1
plantuml_auto,AbstractTile,getMinX,ReferenceTile,1
plantuml_auto,AbstractTile,getMaxX,ReferenceTile,1
plantuml_auto,FileFormatOption,createOne,SequenceDiagramFileMakerTeoz,1
plantuml_auto,PlayingSpaceWithParticipants,goDownAndCenterForEnglobers,SequenceDiagramFileMakerTeoz,1
plantuml_auto,LivingSpaces,createMainTile,SequenceDiagramFileMakerTeoz,1
plantuml_auto,Dolls,createMainTile,SequenceDiagramFileMakerTeoz,1
plantuml_auto,PlayingSpaceWithParticipants,drawInternal,SequenceDiagramFileMakerTeoz,1
plantuml_auto,Dolls,drawInternal,SequenceDiagramFileMakerTeoz,1
plantuml_auto,AnnotatedBuilder,drawInternal,SequenceDiagramFileMakerTeoz,1
plantuml_auto,HColor,withBackColorGeneral,TileArguments,1
plantuml_auto,LivingSpaces,withBackColorGeneral,TileArguments,1
plantuml_auto,Reference,withBackColor,TileArguments,1
plantuml_auto,LivingSpaces,withBackColor,TileArguments,1
plantuml_auto,TileArguments,buildOne,TileBuilder,1
plantuml_auto,Tile,buildOne,TileBuilder,1
plantuml_auto,YGauge,buildOne,TileBuilder,1
plantuml_auto,Tile,drawU,TileMarged,1
plantuml_auto,CommonTile,getMinX,TileParallel,1
plantuml_auto,CommonTile,getMaxX,TileParallel,1
plantuml_auto,Tile,withMargin,TileUtils,1
plantuml_auto,AbstractComponent,getPureTextWidth,AbstractTextualComponent,1
plantuml_auto,AbstractComponent,getTextHeight,AbstractTextualComponent,1
plantuml_auto,AbstractTextBlock,specialBusiness,ActorStickMan,1
plantuml_auto,AbstractTextBlock,getOnCircle,ActorStickMan,1
plantuml_auto,ArrowDressing,withHead,ArrowConfiguration,1
plantuml_auto,HColor,withHead,ArrowConfiguration,1
plantuml_auto,ArrowDressing,withPart,ArrowConfiguration,1
plantuml_auto,HColor,withPart,ArrowConfiguration,1
plantuml_auto,HColor,apply,Padder,1
plantuml_auto,StyleBuilder,muteStyle,SkinParam,1
plantuml_auto,Colors,getFontHtmlColor,SkinParamColors,1
plantuml_auto,Colors,getHtmlColor,SkinParamColors,1
plantuml_auto,AbstractComponentRoseArrow,drawLine,ComponentRoseArrow,1
plantuml_auto,ArrowDressing,drawDressing1,ComponentRoseArrow,1
plantuml_auto,AbstractComponentRoseArrow,drawDressing1,ComponentRoseArrow,1
plantuml_auto,ArrowDressing,drawDressing2,ComponentRoseArrow,1
plantuml_auto,AbstractComponentRoseArrow,drawDressing2,ComponentRoseArrow,1
plantuml_auto,AbstractComponentRoseArrow,getPolygonNormal,ComponentRoseArrow,1
plantuml_auto,AbstractComponentRoseArrow,getPolygonReverse,ComponentRoseArrow,1
plantuml_auto,HColor,drawSep,ComponentRoseDivider,1
plantuml_auto,AbstractTextualComponent,drawRectLong,ComponentRoseDivider,1
plantuml_auto,UStroke,drawDoubleLine,ComponentRoseDivider,1
plantuml_auto,HColor,drawDoubleLine,ComponentRoseDivider,1
plantuml_auto,Area,drawBackgroundInternalU,ComponentRoseGroupingHeader,1
plantuml_auto,Fashion,drawBackgroundInternalU,ComponentRoseGroupingHeader,1
plantuml_auto,HColor,drawBackgroundInternalU,ComponentRoseGroupingHeader,1
plantuml_auto,AbstractTextualComponent,getCorner,ComponentRoseGroupingHeader,1
plantuml_auto,AbstractComponent,drawTitleHoverTargetRect,ComponentRoseLine,1
plantuml_auto,HColor,drawInternalU,ComponentRoseNewpage,1
plantuml_auto,UStroke,drawInternalU,ComponentRoseParticipant,1
plantuml_auto,AbstractTextualComponent,drawInternalU,ComponentRoseQueue,1
plantuml_auto,Fashion,drawInternalU,ComponentRoseReference,1
plantuml_auto,Area,drawInternalU,ComponentRoseSelfArrow,1
plantuml_auto,AbstractComponentRoseArrow,drawInternalU,ComponentRoseSelfArrow,1
plantuml_auto,Area,drawRightSide,ComponentRoseSelfArrow,1
plantuml_auto,AbstractComponentRoseArrow,drawRightSide,ComponentRoseSelfArrow,1
plantuml_auto,Area,drawLeftSide,ComponentRoseSelfArrow,1
plantuml_auto,AbstractComponentRoseArrow,drawLeftSide,ComponentRoseSelfArrow,1
plantuml_auto,AbstractComponentRoseArrow,getPolygon,ComponentRoseSelfArrow,1
plantuml_auto,AbstractComponentRoseArrow,getEndPoint,ComponentRoseSelfArrow,1
plantuml_auto,Colors,createComponentNote,Rose,1
plantuml_auto,Participant,createComponentParticipant,Rose,1
plantuml_auto,AbstractEntityDiagram,getStart,StateDiagram,1
plantuml_auto,AbstractEntityDiagram,getEnd,StateDiagram,1
plantuml_auto,AbstractEntityDiagram,getHistorical,StateDiagram,1
plantuml_auto,AbstractEntityDiagram,getDeepHistory,StateDiagram,1
plantuml_auto,AbstractEntityDiagram,concurrentState,StateDiagram,1
plantuml_auto,ParsedGenerated,reset,HistoricalData,1
plantuml_auto,NumberAnalyzed,reset,ParsedGenerated,1
plantuml_auto,HistoricalData,getLastSessions,StatsImpl,1
plantuml_auto,ParsedGenerated,getLastSessions,StatsImpl,1
plantuml_auto,FormatCounter,getStats,StatsUtils,1
plantuml_auto,HistoricalData,getStats,StatsUtils,1
plantuml_auto,ParsedGenerated,getStats,StatsUtils,1
plantuml_auto,StereotypeDecoration,build,Stereotype,1
plantuml_auto,UFont,build,Stereotype,1
plantuml_auto,StereotypeDecoration,getSprite,Stereotype,1
plantuml_auto,StereotypeDecoration,getMultipleLabels,Stereotype,1
plantuml_auto,RegexComposed,buildSimple,StereotypeDecoration,1
plantuml_auto,HColor,eventuallyOverride,Style,1
plantuml_auto,Colors,eventuallyOverride,Style,1
plantuml_auto,Fashion,eventuallyOverride,Style,1
plantuml_auto,Colors,getFontConfiguration,Style,1
plantuml_auto,UStroke,eventuallyOverride,Style,1
plantuml_auto,Colors,getStroke,Style,1
plantuml_auto,LineBreakStrategy,createTextBlockBordered,Style,1
plantuml_auto,Style,muteStyle,StyleBuilder,1
plantuml_auto,Style,loadInternal,StyleBuilder,1
plantuml_auto,StyleBuilder,getMergedStyle,StyleSignatures,1
plantuml_auto,BlocLines,parse,StyleParserLegacy,1
plantuml_auto,Pattern2,parse,StyleParserLegacy,1
plantuml_auto,dlx_generator,generate,DLXEngine,1
plantuml_auto,dlx_generator,rate,DLXEngine,1
plantuml_auto,UFont,drawInternal,GraphicsSudoku,1
plantuml_auto,FileFormatOption,exportDiagramNow,PSystemSudoku,1
plantuml_auto,AbstractPSystem,exportDiagramNow,PSystemSudoku,1
plantuml_auto,XPoint2D,atan2,AbstractExtremityFactory,1
plantuml_auto,ColorSequence,createNode,Bibliotekon,1
plantuml_auto,XPoint2D,putOnCircle,CircleAndArrow,1
plantuml_auto,UStroke,getTextBlock,ClusterDecoration,1
plantuml_auto,USymbol,getTextBlock,ClusterDecoration,1
plantuml_auto,Cluster,subgraphClusterWithLabel,ClusterDotStringKermor,1
plantuml_auto,ClusterHeader,openCluster,ClusterManager,1
plantuml_auto,Bibliotekon,openCluster,ClusterManager,1
plantuml_auto,FileFormatOption,createFileInternal,CucaDiagramFileMakerSvek,1
plantuml_auto,CucaDiagramFileMaker,createFileInternal,CucaDiagramFileMakerSvek,1
plantuml_auto,CucaDiagramFileMaker,addLinkNew,CucaDiagramFileMakerSvek,1
plantuml_auto,UGroup,add,DecorateEntityImage,1
plantuml_auto,AbstractTextBlock,add,DecorateEntityImage,1
plantuml_auto,AbstractTextBlock,getTextX,DecorateEntityImage,1
plantuml_auto,Cluster,createDotString,DotStringFactory,1
plantuml_auto,BaseFile,getSvg,DotStringFactory,1
plantuml_auto,AbstractTextBlock,getInnerPosition,EntityImageProtected,1
plantuml_auto,Bibliotekon,drawUntranslated,EntityImageProtected,1
plantuml_auto,Bibliotekon,createEntityImageBlock,GeneralImageBuilder,1
plantuml_auto,BaseFile,buildImage,GraphvizImageBuilder,1
plantuml_auto,Pragma,buildImage,GraphvizImageBuilder,1
plantuml_auto,UmlSource,buildImage,GraphvizImageBuilder,1
plantuml_auto,ClusterManager,printEntity,GraphvizImageBuilder,1
plantuml_auto,DotData,printGroup,GraphvizImageBuilder,1
plantuml_auto,ClusterManager,printGroup,GraphvizImageBuilder,1
plantuml_auto,AbstractTextBlock,getSpaceYforURL,InnerStateAutonom,1
plantuml_auto,UTranslate,moveX,Kal,1
plantuml_auto,SvgResult,create,PointListIteratorImpl,1
plantuml_auto,SvgResult,cloneMe,PointListIteratorImpl,1
plantuml_auto,DotPath,getArrowDirectionInRadianInternal,SvekEdge,1
plantuml_auto,EntityPort,addVisibilityModifier,SvekEdge,1
plantuml_auto,XAbstractEdge,eventuallyDivideByTwo,SvekEdge,1
plantuml_auto,XAbstractEdge,appendTable,SvekEdge,1
plantuml_auto,XPoint2D,getExtremitySimplier,SvekEdge,1
plantuml_auto,Cluster,getExtremitySimplier,SvekEdge,1
plantuml_auto,XAbstractEdge,getExtremitySimplier,SvekEdge,1
plantuml_auto,Cluster,getExtremity,SvekEdge,1
plantuml_auto,HColor,getExtremity,SvekEdge,1
plantuml_auto,SvgResult,solveLine,SvekEdge,1
plantuml_auto,DotPath,solveLine,SvekEdge,1
plantuml_auto,Cluster,solveLine,SvekEdge,1
plantuml_auto,HColor,solveLine,SvekEdge,1
plantuml_auto,SvgResult,getXY,SvekEdge,1
plantuml_auto,XAbstractEdge,getXY,SvekEdge,1
plantuml_auto,XAbstractEdge,getDefaultStyleDefinition,SvekEdge,1
plantuml_auto,DotPath,computeKal,SvekEdge,1
plantuml_auto,XAbstractEdge,getSquare,SvekEdge,1
plantuml_auto,HColor,drawRainbow,SvekEdge,1
plantuml_auto,DotPath,drawRainbow,SvekEdge,1
plantuml_auto,UStroke,drawRainbow,SvekEdge,1
plantuml_auto,UTranslate,drawRainbow,SvekEdge,1
plantuml_auto,XAbstractEdge,drawRainbow,SvekEdge,1
plantuml_auto,XAbstractEdge,getDecorDzeta,SvekEdge,1
plantuml_auto,XPoint2D,avoid2,SvekEdge,1
plantuml_auto,XAbstractEdge,avoid2,SvekEdge,1
plantuml_auto,DotPath,tooClose,SvekEdge,1
plantuml_auto,DotPath,getDotPath,SvekEdge,1
plantuml_auto,XAbstractEdge,isLinkFromOrTo,SvekEdge,1
plantuml_auto,XAbstractEdge,getMyPoint,SvekEdge,1
plantuml_auto,DotPath,getStartContactPoint,SvekEdge,1
plantuml_auto,DotPath,getEndContactPoint,SvekEdge,1
plantuml_auto,DotPath,moveStartPoint,SvekEdge,1
plantuml_auto,DotPath,moveEndPoint,SvekEdge,1
plantuml_auto,Margins,appendLabelHtml,SvekNode,1
plantuml_auto,DotData,drawU,SvekResult,1
plantuml_auto,DotData,getDefaultStyleDefinition,SvekResult,1
plantuml_auto,DotData,getBackcolor,SvekResult,1
plantuml_auto,UGraphicDelegator,draw,UGraphicForSnake,1
plantuml_auto,UGraphicDelegator,addPendingSnake,UGraphicForSnake,1
plantuml_auto,UGraphicDelegator,apply,UGraphicForSnake,1
plantuml_auto,XPoint2D,apply,YDelta,1
plantuml_auto,UPolygon,buildPolygon,ExtremityArrow,1
plantuml_auto,UPolygon,drawLineIfTransparent,ExtremityArrow,1
plantuml_auto,ULine,drawLineIfTransparent,ExtremityArrow,1
plantuml_auto,UPolygon,addTrigPoint,ExtremityExtendsLike,1
plantuml_auto,XPoint2D,addTrigPoint,ExtremityExtendsLike,1
plantuml_auto,AbstractExtremityFactory,createTBRDrawableLegacy,ExtremityFactoryParenthesis,1
plantuml_auto,XPoint2D,createTBRDrawableLegacy,ExtremityFactoryTriangle,1
plantuml_auto,HColor,createTBRDrawableLegacy,ExtremityFactoryTriangle,1
plantuml_auto,ULine,drawU,ExtremityHalfArrow,1
plantuml_auto,XPoint2D,create,ExtremityPlus,1
plantuml_auto,HColor,create,ExtremityPlus,1
plantuml_auto,XPoint2D,drawLine,ExtremityStateLine1,1
plantuml_auto,UPolygon,drawU,ExtremityTriangle,1
plantuml_auto,UEllipse,drawU,MiddleCircleCircled,1
plantuml_auto,AbstractEntityImage,getDesc,AbstractEntityImageBorder,1
plantuml_auto,XPoint2D,getCircle,Circle,1
plantuml_auto,Style,drawU,CircleStart,1
plantuml_auto,Colors,drawU,CircleStart,1
plantuml_auto,XPoint2D,addSecondaryConnection,ConnectedCircle,1
plantuml_auto,Bibliotekon,drawOctagon,EntityImageActivity,1
plantuml_auto,AbstractEntityImage,drawNormal,EntityImageActivity,1
plantuml_auto,AbstractEntityImage,applyColors,EntityImageActivity,1
plantuml_auto,AbstractEntityImage,hasStereotype,EntityImageChenRelationship,1
plantuml_auto,AbstractEntityImage,getStyleTitle,EntityImageChenRelationship,1
plantuml_auto,CircleEnd,getDefaultStyleDefinitionCircle,EntityImageCircleEnd,1
plantuml_auto,CircleStart,getDefaultStyleDefinitionCircle,EntityImageCircleStart,1
plantuml_auto,EntityImageClassHeader,calculateDimension,EntityImageClass,1
plantuml_auto,EntityImageClassHeader,getInnerPosition,EntityImageClass,1
plantuml_auto,EntityImageClassHeader,drawInternal,EntityImageClass,1
plantuml_auto,EntityImageClassHeader,getPorts,EntityImageClass,1
plantuml_auto,AbstractEntityImage,getCircledCharacter,EntityImageClassHeader,1
plantuml_auto,AbstractEntityImage,getUSymbol,EntityImageDescription,1
plantuml_auto,Bibliotekon,drawHexagon,EntityImageDescription,1
plantuml_auto,Fashion,drawHexagon,EntityImageDescription,1
plantuml_auto,AbstractEntityImage,getOverscanX,EntityImageDescription,1
plantuml_auto,UStroke,drawU,EntityImageEmptyPackage,1
plantuml_auto,Url,drawU,EntityImageLollipopInterfaceEye2,1
plantuml_auto,AbstractEntityImage,getSkin,EntityImageNote,1
plantuml_auto,AbstractEntityImage,getColorStatic,EntityImageNote,1
plantuml_auto,AbstractEntityImage,getTextHeight,EntityImageNote,1
plantuml_auto,AbstractEntityImage,getPureTextWidth,EntityImageNote,1
plantuml_auto,HColor,drawNormal,EntityImageNote,1
plantuml_auto,XPoint2D,getOpaleStrategy,EntityImageNote,1
plantuml_auto,AbstractEntityImage,getOpaleStrategy,EntityImageNote,1
plantuml_auto,XPoint2D,getOrthoDistance,EntityImageNote,1
plantuml_auto,AbstractEntityImage,getOrthoDistance,EntityImageNote,1
plantuml_auto,AbstractEntityImage,isHorizontal,EntityImageNote,1
plantuml_auto,AbstractEntityImage,isVertical,EntityImageNote,1
plantuml_auto,AbstractTextBlock,drawU,EntityImageNoteLink,1
plantuml_auto,AbstractEntityImage,getStyleHeader,EntityImageObject,1
plantuml_auto,AbstractEntityImage,getLayout,EntityImageObject,1
plantuml_auto,AbstractEntityImage,getNameAndSteretypeDimension,EntityImageObject,1
plantuml_auto,AbstractEntityImage,getPorts,EntityImageObject,1
plantuml_auto,AbstractEntityImage,getInnerPosition,EntityImageObject,1
plantuml_auto,AbstractEntityImageBorder,drawSymbol,EntityImagePort,1
plantuml_auto,EntityImageStateCommon,drawSymbol,EntityImageState,1
plantuml_auto,AbstractEntityImageBorder,upPosition,EntityImageStateBorder,1
plantuml_auto,AbstractEntityImageBorder,drawU,EntityImageStateBorder,1
plantuml_auto,AbstractEntityImageBorder,getMaxWidthFromLabelForEntryExit,EntityImageStateBorder,1
plantuml_auto,AbstractEntityImage,getStyleStateTitle,EntityImageStateCommon,1
plantuml_auto,AbstractEntityImage,getStyleStateBody,EntityImageStateCommon,1
plantuml_auto,AbstractEntityImage,getShape,EntityImageStateCommon,1
plantuml_auto,AbstractEntityImage,applyColor,EntityImageStateCommon,1
plantuml_auto,EntityImageStateCommon,calculateDimension,EntityImageStateEmptyDescription,1
plantuml_auto,EntityImageStateCommon,drawU,EntityImageStateEmptyDescription,1
plantuml_auto,Bibliotekon,drawU,EntityImageTips,1
plantuml_auto,Style,getOpale,EntityImageTips,1
plantuml_auto,HColor,getOpale,EntityImageTips,1
plantuml_auto,AbstractEntityImage,drawU,EntityImageUseCase,1
plantuml_auto,UEllipse,specialBusiness,EntityImageUseCase,1
plantuml_auto,AbstractEntityImage,specialBusiness,EntityImageUseCase,1
plantuml_auto,UEllipse,specialBusiness0,EntityImageUseCase,1
plantuml_auto,AbstractEntityImage,specialBusiness0,EntityImageUseCase,1
plantuml_auto,AbstractEntityImage,drawLine,EntityImageUseCase,1
plantuml_auto,AbstractEntityImage,getBackColor,EntityImageUseCase,1
plantuml_auto,AbstractEntityImage,getDefaultStyleDefinition,EntityImageUseCase,1
plantuml_auto,AbstractEntityImage,getLineColor,EntityImageUseCase,1
plantuml_auto,AbstractTextBlock,getWidth,Opale,1
plantuml_auto,AbstractTextBlock,getHeight,Opale,1
plantuml_auto,AbstractTextBlock,getPolygonNormal,Opale,1
plantuml_auto,AbstractTextBlock,getCorner,Opale,1
plantuml_auto,XPoint2D,getPolygonLeft,Opale,1
plantuml_auto,XPoint2D,getPolygonRight,Opale,1
plantuml_auto,XPoint2D,getPolygonUp,Opale,1
plantuml_auto,XPoint2D,getPolygonDown,Opale,1
plantuml_auto,XPoint2D,getPoint2D,YTransformer,1
plantuml_auto,XPoint2D,getReversePoint2D,YTransformer,1
plantuml_auto,UFont,getCharDesc,FontChecker,1
plantuml_auto,UFont,getCharDescVerbose,FontChecker,1
plantuml_auto,UFont,getBufferedImage,FontChecker,1
plantuml_auto,SimpleLine,buildScrollablePicture,ImageWindow,1
plantuml_auto,DirWatcher2,changeExtensions,MainWindow,1
plantuml_auto,DirWatcher2,changeDir,MainWindow,1
plantuml_auto,HColor,definecolor,TikzGraphics,1
plantuml_auto,HColor,text,TikzGraphics,1
plantuml_auto,HColor,appendShadeOrDraw,TikzGraphics,1
plantuml_auto,StringLocated,eatAllToEnd,Eater,1
plantuml_auto,TContext,eatExpression,Eater,1
plantuml_auto,StringLocated,matchAffectation,Eater,1
plantuml_auto,TContext,eatDeclareFunction,Eater,1
plantuml_auto,StringLocated,eatDeclareFunction,Eater,1
plantuml_auto,TContext,eatDeclareReturnFunctionWithOptionalReturn,Eater,1
plantuml_auto,StringLocated,eatDeclareReturnFunctionWithOptionalReturn,Eater,1
plantuml_auto,TContext,eatDeclareProcedure,Eater,1
plantuml_auto,StringLocated,eatDeclareProcedure,Eater,1
plantuml_auto,StringLocated,analyze,EaterDeclareReturnFunction,1
plantuml_auto,JsonValue,analyze,EaterForeach,1
plantuml_auto,JsonValue,size,EaterForeach,1
plantuml_auto,TContext,isTrue,EaterIfndef,1
plantuml_auto,TValue,analyze,EaterReturn,1
plantuml_auto,TContext,getTheme,EaterTheme,1
plantuml_auto,JsonValue,currentValue,ExecutionContextForeach,1
plantuml_auto,TContext,executeLegacyDefine,FunctionsSet,1
plantuml_auto,StringLocated,executeLegacyDefine,FunctionsSet,1
plantuml_auto,TContext,executeLegacyDefineLong,FunctionsSet,1
plantuml_auto,StringLocated,executeLegacyDefineLong,FunctionsSet,1
plantuml_auto,TContext,executeDeclareReturnFunction,FunctionsSet,1
plantuml_auto,StringLocated,executeDeclareReturnFunction,FunctionsSet,1
plantuml_auto,TContext,executeDeclareProcedure,FunctionsSet,1
plantuml_auto,StringLocated,executeDeclareProcedure,FunctionsSet,1
plantuml_auto,Defines,addStandardFunctions,TContext,1
plantuml_auto,FunctionsSet,addStandardFunctions,TContext,1
plantuml_auto,FunctionsSet,asKnowledge,TContext,1
plantuml_auto,FunctionsSet,buildCodeIterator,TContext,1
plantuml_auto,StringLocated,executeOneLineNotSafe,TContext,1
plantuml_auto,StringLocated,addPlain,TContext,1
plantuml_auto,FunctionsSet,applyFunctionsAndVariables,TContext,1
plantuml_auto,StringLocated,executeVoid3,TContext,1
plantuml_auto,EaterFunctionCall,executeVoid3,TContext,1
plantuml_auto,StringLocated,executeImport,TContext,1
plantuml_auto,StringLocated,executeLog,TContext,1
plantuml_auto,StringLocated,executeIncludeDef,TContext,1
plantuml_auto,StringLocated,executeTheme,TContext,1
plantuml_auto,JsonObject,executeTheme,TContext,1
plantuml_auto,StringLocated,executeIncludeSprites,TContext,1
plantuml_auto,StringLocated,executeInclude,TContext,1
plantuml_auto,FunctionsSet,getFunctionNameAt,TContext,1
plantuml_auto,TContext,executeReturnLegacyDefine,TFunctionImpl,1
plantuml_auto,TMemoryGlobal,dumpDebug,TMemoryLocal,1
plantuml_auto,TValue,putVariable,TMemoryLocal,1
plantuml_auto,StringLocated,putVariable,TMemoryLocal,1
plantuml_auto,TMemoryGlobal,putVariable,TMemoryLocal,1
plantuml_auto,TrieImpl,putVariable,TMemoryLocal,1
plantuml_auto,TMemoryGlobal,removeVariable,TMemoryLocal,1
plantuml_auto,TrieImpl,removeVariable,TMemoryLocal,1
plantuml_auto,TMemoryGlobal,getVariable,TMemoryLocal,1
plantuml_auto,TrieImpl,variablesNames3,TMemoryLocal,1
plantuml_auto,TMemoryGlobal,variablesNames3,TMemoryLocal,1
plantuml_auto,PreprocessingArtifact,load,TimLoader,1
plantuml_auto,SimpleReturnFunction,loadStringData,LoadJson,1
plantuml_auto,TContext,executeReturnFunction,Xargs,1
plantuml_auto,StringLocated,executeReturnFunction,Xargs,1
plantuml_auto,SimpleReturnFunction,executeReturnFunction,Xargs,1
plantuml_auto,JsonValue,toToken,TValue,1
plantuml_auto,StringLocated,guessFunctions,TokenStack,1
plantuml_auto,StringLocated,getResult,TokenStack,1
plantuml_auto,TContext,getResult,TokenStack,1
plantuml_auto,StringLocated,executeForeach,CodeIteratorForeach,1
plantuml_auto,TContext,executeForeach,CodeIteratorForeach,1
plantuml_auto,ExecutionContextForeach,setLoopVariable,CodeIteratorForeach,1
plantuml_auto,StringLocated,setLoopVariable,CodeIteratorForeach,1
plantuml_auto,AbstractCodeIterator,setLoopVariable,CodeIteratorForeach,1
plantuml_auto,TContext,executeIf,CodeIteratorIf,1
plantuml_auto,StringLocated,executeIf,CodeIteratorIf,1
plantuml_auto,TContext,executeElseIf,CodeIteratorIf,1
plantuml_auto,StringLocated,executeElseIf,CodeIteratorIf,1
plantuml_auto,TContext,executeIfdef,CodeIteratorIf,1
plantuml_auto,StringLocated,executeIfdef,CodeIteratorIf,1
plantuml_auto,TContext,executeIfndef,CodeIteratorIf,1
plantuml_auto,StringLocated,executeIfndef,CodeIteratorIf,1
plantuml_auto,TContext,executeElse,CodeIteratorIf,1
plantuml_auto,StringLocated,executeElse,CodeIteratorIf,1
plantuml_auto,AbstractCodeIterator,executeElse,CodeIteratorIf,1
plantuml_auto,TContext,executeEndif,CodeIteratorIf,1
plantuml_auto,StringLocated,executeEndif,CodeIteratorIf,1
plantuml_auto,AbstractCodeIterator,executeEndif,CodeIteratorIf,1
plantuml_auto,StringLocated,jumpToCodePosition,CodeIteratorImpl,1
plantuml_auto,StringLocated,executeWhile,CodeIteratorWhile,1
plantuml_auto,TContext,executeWhile,CodeIteratorWhile,1
plantuml_auto,Style,getBackColor,ChangeState,1
plantuml_auto,Style,getLineColor,ChangeState,1
plantuml_auto,Colors,getBackColor,Highlight,1
plantuml_auto,Colors,getLineColor,Highlight,1
plantuml_auto,TimeTick,getValueAt,PlayerAnalog,1
plantuml_auto,Player,getValueAt,PlayerAnalog,1
plantuml_auto,Player,getMaxWidthForTicks,PlayerAnalog,1
plantuml_auto,Player,drawPart1,PlayerAnalog,1
plantuml_auto,Player,getWidthLabel,PlayerAnalog,1
plantuml_auto,Player,drawScaleLabel,PlayerAnalog,1
plantuml_auto,Player,drawTickHlines,PlayerAnalog,1
plantuml_auto,Player,getYhigh,PlayerBinary,1
plantuml_auto,Player,getYlow,PlayerBinary,1
plantuml_auto,ChangeState,getPart2,PlayerBinary,1
plantuml_auto,Player,getCommentFontConfiguration,PlayerBinary,1
plantuml_auto,Player,getTextBlock,PlayerBinary,1
plantuml_auto,TimeTick,createConstraint,PlayerRobustConcise,1
plantuml_auto,Player,createConstraint,PlayerRobustConcise,1
plantuml_auto,Player,getStyleSignature,PlayerRobustConcise,1
plantuml_auto,Player,buildPDrawing,PlayerRobustConcise,1
plantuml_auto,Player,getPart1,PlayerRobustConcise,1
plantuml_auto,Player,getPart2,PlayerRobustConcise,1
plantuml_auto,TimeTick,setState,PlayerRobustConcise,1
plantuml_auto,Colors,setState,PlayerRobustConcise,1
plantuml_auto,Player,getTimeProjection,PlayerRobustConcise,1
plantuml_auto,TimeTick,addNote,PlayerRobustConcise,1
plantuml_auto,Player,addNote,PlayerRobustConcise,1
plantuml_auto,TimeTick,drawU,TimeConstraint,1
plantuml_auto,Direction,getPolygon,TimeConstraint,1
plantuml_auto,XPoint2D,getPolygon,TimeConstraint,1
plantuml_auto,WithLinkType,getColor,TimeMessage,1
plantuml_auto,TimeMessage,drawMessages,TimingDiagram,1
plantuml_auto,HColor,createRobustConcise,TimingDiagram,1
plantuml_auto,Player,createRobustConcise,TimingDiagram,1
plantuml_auto,Player,createTimeMessage,TimingDiagram,1
plantuml_auto,TimeTick,createTimeMessage,TimingDiagram,1
plantuml_auto,TimingRuler,addTime,TimingDiagram,1
plantuml_auto,TimeTick,highlight,TimingDiagram,1
plantuml_auto,Colors,highlight,TimingDiagram,1
plantuml_auto,Style,createOpale,TimingNote,1
plantuml_auto,Style,applyForVLines,TimingRuler,1
plantuml_auto,TimingFormat,getTimeTextBlock,TimingRuler,1
plantuml_auto,TimingDiagram,addState,CommandChangeState,1
plantuml_auto,RegexResult,addState,CommandChangeState,1
plantuml_auto,TimingDiagram,executeArg,CommandRobustConcise,1
plantuml_auto,RegexResult,parseTimeTick,TimeTickBuilder,1
plantuml_auto,TimeTick,getStatesAt,Histogram,1
plantuml_auto,Style,getContext,Histogram,1
plantuml_auto,XPoint2D,drawHBlock,Histogram,1
plantuml_auto,Fashion,drawU,PentaBShape,1
plantuml_auto,TimeTick,getTimeProjection,Ribbon,1
plantuml_auto,ChangeState,drawHexa,Ribbon,1
plantuml_auto,ChangeState,drawFlat,Ribbon,1
plantuml_auto,Style,drawFlat,Ribbon,1
plantuml_auto,ChangeState,drawPentaB,Ribbon,1
plantuml_auto,ChangeState,drawPentaA,Ribbon,1
plantuml_auto,Style,drawPentaA,Ribbon,1
plantuml_auto,Colors,drawPentaA,Ribbon,1
plantuml_auto,Style,drawSingle,Ribbon,1
plantuml_auto,IntricatedPoint,create,TimeArrow,1
plantuml_auto,XPoint2D,getAngle,TimeArrow,1
plantuml_auto,UTranslate,translate,TimeArrow,1
plantuml_auto,XPoint2D,translate,TimeArrow,1
plantuml_auto,WithLinkType,translate,TimeArrow,1
plantuml_auto,XPoint2D,onCircle,TimeArrow,1
plantuml_auto,WithLinkType,drawU,TimeArrow,1
plantuml_auto,XPoint2D,drawU,TimeArrow,1
plantuml_auto,Url,appendUrl,CMapData,1
plantuml_auto,Pattern2,getUrl,UrlBuilder,1
plantuml_auto,StringLocated,single,BlocLines,1
plantuml_auto,StringLocated,add,BlocLines,1
plantuml_auto,BlocLines,getCurrentLine,CharInspectorImpl,1
plantuml_auto,StringLocated,getPossibleAppend,StartUtils,1
plantuml_auto,Pattern2,getPossibleAppend,StartUtils,1
plantuml_auto,LicenseInfo,header1,License,1
plantuml_auto,LicenseInfo,header2,License,1
plantuml_auto,LicenseInfo,addLicenseInfo,License,1
plantuml_auto,PlainDiagram,drawInternal,PSystemKeygen,1
plantuml_auto,PlainDiagram,header,PSystemKeygen,1
plantuml_auto,LicenseInfo,drawFlash,PSystemKeygen,1
plantuml_auto,PlainDiagram,drawFlash,PSystemKeygen,1
plantuml_auto,FileFormatOption,exportDiagramGraphic,PSystemLicense,1
plantuml_auto,PlainDiagram,exportDiagramGraphic,PSystemLicense,1
plantuml_auto,PlainDiagram,drawU,PSystemLicense,1
plantuml_auto,PlainDiagram,getTextBlock,PSystemLicense,1
plantuml_auto,PlainStringsDiagram,getImageWebp,PSystemVersion,1
plantuml_auto,PlainStringsDiagram,getPlantumlSmallIcon2,PSystemVersion,1
plantuml_auto,UmlSource,createShowVersion2,PSystemVersion,1
plantuml_auto,PreprocessingArtifact,createShowVersion2,PSystemVersion,1
plantuml_auto,PlainStringsDiagram,createShowVersion2,PSystemVersion,1
plantuml_auto,UmlSource,createStdLib,PSystemVersion,1
plantuml_auto,PreprocessingArtifact,createStdLib,PSystemVersion,1
plantuml_auto,PlainStringsDiagram,createStdLib,PSystemVersion,1
plantuml_auto,PlainStringsDiagram,getAuthorsStrings,PSystemVersion,1
plantuml_auto,PlainStringsDiagram,add,PSystemVersion,1
plantuml_auto,UmlSource,createTestDot,PSystemVersion,1
plantuml_auto,PreprocessingArtifact,createTestDot,PSystemVersion,1
plantuml_auto,PlainStringsDiagram,createTestDot,PSystemVersion,1
plantuml_auto,UmlSource,createKeyDistributor,PSystemVersion,1
plantuml_auto,PreprocessingArtifact,createKeyDistributor,PSystemVersion,1
plantuml_auto,PlainStringsDiagram,createKeyDistributor,PSystemVersion,1
plantuml_auto,WBSDiagram,executeArg,CommandWBSLink,1
plantuml_auto,RegexResult,executeArg,CommandWBSLink,1
plantuml_auto,WBSTextBlock,drawU,Fork,1
plantuml_auto,WElement,build2,ITFComposed,1
plantuml_auto,WBSTextBlock,getw1,ITFComposed,1
plantuml_auto,WBSTextBlock,getT1,ITFComposed,1
plantuml_auto,WBSTextBlock,getT2,ITFComposed,1
plantuml_auto,WBSTextBlock,getF1,ITFComposed,1
plantuml_auto,WBSTextBlock,getF2,ITFComposed,1
plantuml_auto,WBSTextBlock,calculateDimension,ITFComposed,1
plantuml_auto,AbstractTextBlock,getT1,ITFLeaf,1
plantuml_auto,AbstractTextBlock,getT2,ITFLeaf,1
plantuml_auto,AbstractTextBlock,getF1,ITFLeaf,1
plantuml_auto,AbstractTextBlock,getF2,ITFLeaf,1
plantuml_auto,HColor,initRoot,WBSDiagram,1
plantuml_auto,WElement,initRoot,WBSDiagram,1
plantuml_auto,WElement,getParentOfLast,WBSDiagram,1
plantuml_auto,Colors,link,WBSDiagram,1
plantuml_auto,WElement,link,WBSDiagram,1
plantuml_auto,WElement,drawU,WBSLink,1
plantuml_auto,HColor,drawU,WBSLink,1
plantuml_auto,AbstractTextBlock,drawLine,WBSTextBlock,1
plantuml_auto,WElement,buildMain,WBSTextBlock,1
plantuml_auto,AbstractTextBlock,buildMain,WBSTextBlock,1
plantuml_auto,HColor,createElement,WElement,1
plantuml_auto,Direction,createElement,WElement,1
plantuml_auto,Segment,common_adjust,LoopFilter,1
plantuml_auto,Segment,MBfilter,LoopFilter,1
plantuml_auto,Segment,setSegH,LoopFilter,1
plantuml_auto,Segment,setSegV,LoopFilter,1
plantuml_auto,Segment,subblock_filter,LoopFilter,1
plantuml_auto,VP8Frame,decodeFrame,VP8Decoder,1
plantuml_auto,SegmentQuants,decodeFrame,VP8Frame,1
plantuml_auto,AbstractTextBlock,drawPins,Block,1
plantuml_auto,UTranslate,getAbsolutePosition,WBlock,1
plantuml_auto,UTranslate,newColumn,WBlock,1
plantuml_auto,UTranslate,wgoto,WBlock,1
plantuml_auto,UTranslate,wmove,WBlock,1
plantuml_auto,UTranslate,print,WBlock,1
plantuml_auto,HColor,drawBox,WBlock,1
plantuml_auto,UTranslate,getNextOutHorizontal,WBlock,1
plantuml_auto,UTranslate,getNextOutVertical,WBlock,1
plantuml_auto,UTranslate,drawMe,WLinkHorizontal,1
plantuml_auto,HColor,drawMe,WLinkVertical,1
plantuml_auto,UTranslate,drawBusArrow,WLinkVertical,1
plantuml_auto,UTranslate,drawNormalArrow,WLinkVertical,1
plantuml_auto,HColor,getTextBlock,WPrint,1
plantuml_auto,FileFormatOption,exportDiagramInternal,WireDiagram,1
plantuml_auto,FileFormatOption,getTextMainBlock,WireDiagram,1
plantuml_auto,HColor,addComponent,WireDiagram,1
plantuml_auto,WBlock,newColumn,WireDiagram,1
plantuml_auto,HColor,spot,WireDiagram,1
plantuml_auto,WBlock,wgoto,WireDiagram,1
plantuml_auto,WBlock,wmove,WireDiagram,1
plantuml_auto,WBlock,print,WireDiagram,1
plantuml_auto,HColor,vlink,WireDiagram,1
plantuml_auto,HColor,hlink,WireDiagram,1
plantuml_auto,ClassDiagram,createEntityNode,XmiClassDiagramAbstract,1
plantuml_auto,XmiClassDiagramAbstract,addLinkLegacyUnused,XmiClassDiagramArgo,1
plantuml_auto,XmiClassDiagramAbstract,createElementPackage,XmiClassDiagramScript,1
plantuml_auto,XmiClassDiagramAbstract,createAssociationEnd,XmiClassDiagramScript,1
plantuml_auto,XmiClassDiagramAbstract,createDependency,XmiClassDiagramScript,1
plantuml_auto,XmiClassDiagramAbstract,createRef,XmiClassDiagramScript,1
plantuml_auto,XmiClassDiagramAbstract,createDependencyClientSupplier,XmiClassDiagramScript,1
plantuml_auto,XmiClassDiagramAbstract,generalizationChildParent,XmiClassDiagramScript,1
plantuml_auto,XmiClassDiagramAbstract,addLink,XmiClassDiagramStar,1
plantuml_auto,XmiClassDiagramAbstract,addExtension,XmiClassDiagramStar,1
plantuml_auto,XmiDescriptionDiagramAbstract,createAssociationEnd,XmiDescriptionDiagramScript,1
plantuml_auto,XmiDescriptionDiagramAbstract,createDependency,XmiDescriptionDiagramScript,1
plantuml_auto,XmiDescriptionDiagramAbstract,createDependencyClientSupplier,XmiDescriptionDiagramScript,1
plantuml_auto,XmiDescriptionDiagramAbstract,addLink,XmiDescriptionDiagramStandard,1
plantuml_auto,Participant,createActorElement,XmiSequenceDiagramArgo,1
plantuml_auto,XmiSequenceDiagram,createActorElement,XmiSequenceDiagramArgo,1
plantuml_auto,XmiSequenceDiagram,createCollaborationElement,XmiSequenceDiagramArgo,1
plantuml_auto,Message,createSendAction,XmiSequenceDiagramArgo,1
plantuml_auto,XmiSequenceDiagram,createSendAction,XmiSequenceDiagramArgo,1
plantuml_auto,XmiSequenceDiagram,createRef,XmiSequenceDiagramArgo,1
plantuml_auto,Participant,createClassifierRole,XmiSequenceDiagramArgo,1
plantuml_auto,XmiSequenceDiagram,createClassifierRole,XmiSequenceDiagramArgo,1
plantuml_auto,Message,createMessage,XmiSequenceDiagramArgo,1
plantuml_auto,XmiSequenceDiagram,createMessage,XmiSequenceDiagramArgo,1
plantuml_auto,XmiSequenceDiagram,build,XmiSequenceDiagramStandard,1
plantuml_auto,LifeEvent,buildLifeEvent,XmiSequenceDiagramStandard,1
plantuml_auto,XmiSequenceDiagram,buildLifeEvent,XmiSequenceDiagramStandard,1
plantuml_auto,XmiSequenceDiagram,getReceiver,XmiSequenceDiagramStandard,1
plantuml_auto,XmiSequenceDiagram,buildMessage,XmiSequenceDiagramStandard,1
plantuml_auto,Note,buildNoteEvent,XmiSequenceDiagramStandard,1
plantuml_auto,XmiSequenceDiagram,buildNoteEvent,XmiSequenceDiagramStandard,1
plantuml_auto,Note,getAnnotatedElements,XmiSequenceDiagramStandard,1
plantuml_auto,Message,getAnnotatedElements,XmiSequenceDiagramStandard,1
plantuml_auto,XmiSequenceDiagram,getAnnotatedElements,XmiSequenceDiagramStandard,1
plantuml_auto,Note,buildNote,XmiSequenceDiagramStandard,1
plantuml_auto,XmiSequenceDiagram,buildNote,XmiSequenceDiagramStandard,1
plantuml_auto,Participant,getParticipantNumber,XmiSequenceDiagramStandard,1
plantuml_auto,XmiSequenceDiagram,getParticipantNumber,XmiSequenceDiagramStandard,1
plantuml_auto,XmiSequenceDiagram,buildMessageExo,XmiSequenceDiagramStandard,1
plantuml_auto,Message,buildMessage,XmiSequenceDiagramStandard,1
plantuml_auto,Grouping,buildGrouping,XmiSequenceDiagramStandard,1
plantuml_auto,XmiSequenceDiagram,buildGrouping,XmiSequenceDiagramStandard,1
plantuml_auto,Grouping,createGuardElement,XmiSequenceDiagramStandard,1
plantuml_auto,XmiSequenceDiagram,createGuardElement,XmiSequenceDiagramStandard,1
plantuml_auto,XmiSequenceDiagram,createElement,XmiSequenceDiagramStandard,1
plantuml_auto,XmiSequenceDiagram,createUmlElement,XmiSequenceDiagramStandard,1
plantuml_auto,Participant,createMessageOccurrence,XmiSequenceDiagramStandard,1
plantuml_auto,XmiSequenceDiagram,createMessageOccurrence,XmiSequenceDiagramStandard,1
plantuml_auto,Stereotype,build,Highlighted,1
plantuml_auto,JsonValue,parse,SimpleYamlParser,1
plantuml_auto,JsonValue,getForceArray,SimpleYamlParser,1
plantuml_auto,JsonValue,getWorking,SimpleYamlParser,1
plantuml_auto,UmlSource,createSystem,YamlDiagramFactory,1
plantuml_auto,Previous,createSystem,YamlDiagramFactory,1
plantuml_auto,PreprocessingArtifact,createSystem,YamlDiagramFactory,1
plantuml_auto,PSystemAbstractFactory,createSystem,YamlDiagramFactory,1
plantuml_auto,Monomorph,convertToArray,MonomorphToJson,1
plantuml_auto,Cookie,split,BlockSplitter,1
plantuml_auto,Cookie,splitLz,BlockSplitter,1
plantuml_auto,Cookie,findMinimum,BlockSplitter,1
plantuml_auto,Cookie,greedy,Deflate,1
plantuml_auto,LzStore,greedy,Deflate,1
plantuml_auto,Cookie,findLongestMatch,Deflate,1
plantuml_auto,Hash,findLongestMatch,Deflate,1
plantuml_auto,Cookie,deflateDynamicBlock,Deflate,1
plantuml_auto,Options,deflateDynamicBlock,Deflate,1
plantuml_auto,Buffer,deflateDynamicBlock,Deflate,1
plantuml_auto,Cookie,deflateSplittingLast,Deflate,1
plantuml_auto,Options,deflateSplittingLast,Deflate,1
plantuml_auto,Buffer,deflateSplittingLast,Deflate,1
plantuml_auto,Cookie,deflateSplittingFirst,Deflate,1
plantuml_auto,Options,deflateSplittingFirst,Deflate,1
plantuml_auto,Buffer,deflateSplittingFirst,Deflate,1
plantuml_auto,Cookie,calculateBlockSize,Deflate,1
plantuml_auto,Cookie,calculateFixedBlockSize,Deflate,1
plantuml_auto,Cookie,encodeTree,Deflate,1
plantuml_auto,Buffer,encodeTree,Deflate,1
plantuml_auto,Cookie,simulateEncodeTree,Deflate,1
plantuml_auto,Cookie,addLzBlock,Deflate,1
plantuml_auto,Buffer,addLzBlock,Deflate,1
plantuml_auto,Buffer,addLzData,Deflate,1
plantuml_auto,Cookie,optimizeHuffmanForRle,Deflate,1
plantuml_auto,Cookie,lengthLimitedCodeLengths,Katajainen,1
plantuml_auto,Cookie,boundaryPm,Katajainen,1
plantuml_auto,Cookie,optimal,Squeeze,1
plantuml_auto,Cookie,optimalRun,Squeeze,1
plantuml_auto,LzStore,optimalRun,Squeeze,1
plantuml_auto,Cookie,bestLengths,Squeeze,1
plantuml_auto,SymbolStats,bestLengths,Squeeze,1
plantuml_auto,Cookie,bestFixedLengths,Squeeze,1
plantuml_auto,Options,compress,Zopfli,1
plantuml_auto,Cookie,compress,Zopfli,1
plantuml_auto,Options,compressZlib,Zopfli,1
plantuml_auto,Buffer,compressZlib,Zopfli,1
plantuml_auto,Cookie,compressZlib,Zopfli,1
plantuml_auto,Options,compressGzip,Zopfli,1
plantuml_auto,Buffer,compressGzip,Zopfli,1
plantuml_auto,Cookie,compressGzip,Zopfli,1
plantuml_auto,Diagram,renderToImage,BitmapRenderer,1
plantuml_auto,RenderingOptions,renderToImage,BitmapRenderer,1
plantuml_auto,Diagram,render,BitmapRenderer,1
plantuml_auto,RenderingOptions,render,BitmapRenderer,1
plantuml_auto,DiagramComponent,createOpenFromBoundaryCells,CompositeDiagramShape,1
plantuml_auto,DiagramComponent,growEdgesFromCell,CompositeDiagramShape,1
plantuml_auto,DiagramComponent,connectLines,CompositeDiagramShape,1
plantuml_auto,DiagramComponent,makeLine,CompositeDiagramShape,1
plantuml_auto,DiagramComponent,createNorthArrowhead,DiagramShape,1
plantuml_auto,DiagramComponent,createSouthArrowhead,DiagramShape,1
plantuml_auto,DiagramComponent,createWestArrowhead,DiagramShape,1
plantuml_auto,DiagramComponent,createEastArrowhead,DiagramShape,1
plantuml_auto,DiagramComponent,createSmallLine,DiagramShape,1
plantuml_auto,DiagramComponent,isRectangle,DiagramShape,1
plantuml_auto,DiagramComponent,isSmallerThan,DiagramShape,1
plantuml_auto,DiagramComponent,printDebug,DiagramShape,1
plantuml_auto,DiagramComponent,makeIntoPath,DiagramShape,1
plantuml_auto,Diagram,makeMarkerPath,DiagramShape,1
plantuml_auto,DiagramComponent,makeMarkerPath,DiagramShape,1
plantuml_auto,DiagramComponent,getEdges,DiagramShape,1
plantuml_auto,Diagram,getCellEdgePointBetween,DiagramShape,1
plantuml_auto,DiagramComponent,getCellEdgePointBetween,DiagramShape,1
plantuml_auto,Diagram,getCellEdgeProjectionPointBetween,DiagramShape,1
plantuml_auto,DiagramComponent,getCellEdgeProjectionPointBetween,DiagramShape,1
plantuml_auto,Diagram,moveEndsToCellEdges,DiagramShape,1
plantuml_auto,DiagramComponent,moveEndsToCellEdges,DiagramShape,1
plantuml_auto,Diagram,connectEndsToAnchors,DiagramShape,1
plantuml_auto,DiagramComponent,connectEndsToAnchors,DiagramShape,1
plantuml_auto,Diagram,connectEndToAnchors,DiagramShape,1
plantuml_auto,DiagramComponent,connectEndToAnchors,DiagramShape,1
plantuml_auto,Diagram,makeStoragePath,DiagramShape,1
plantuml_auto,DiagramComponent,makeStoragePath,DiagramShape,1
plantuml_auto,Diagram,makeDocumentPath,DiagramShape,1
plantuml_auto,DiagramComponent,makeDocumentPath,DiagramShape,1
plantuml_auto,Diagram,makeEllipsePath,DiagramShape,1
plantuml_auto,DiagramComponent,makeEllipsePath,DiagramShape,1
plantuml_auto,Diagram,makeTrapezoidPath,DiagramShape,1
plantuml_auto,RenderingOptions,makeTrapezoidPath,DiagramShape,1
plantuml_auto,DiagramComponent,makeTrapezoidPath,DiagramShape,1
plantuml_auto,Diagram,makeDecisionPath,DiagramShape,1
plantuml_auto,DiagramComponent,makeDecisionPath,DiagramShape,1
plantuml_auto,Diagram,makeIOPath,DiagramShape,1
plantuml_auto,RenderingOptions,makeIOPath,DiagramShape,1
plantuml_auto,DiagramComponent,makeIOPath,DiagramShape,1
plantuml_auto,DiagramComponent,calculateArea,DiagramShape,1
plantuml_auto,DiagramComponent,centerHorizontallyBetween,DiagramText,1
plantuml_auto,DiagramComponent,centerVerticallyBetween,DiagramText,1
plantuml_auto,DiagramComponent,alignRightEdgeTo,DiagramText,1
plantuml_auto,DiagramComponent,getBounds,DiagramText,1
plantuml_auto,TextGrid,set,AbstractionGrid,1
plantuml_auto,Cell,getStringAt,TextGrid,1
plantuml_auto,Cell,writeStringTo,TextGrid,1
plantuml_auto,Cell,set,TextGrid,1
plantuml_auto,Cell,hasEntryPoint,TextGrid,1
plantuml_auto,Cell,isOnHorizontalLine,TextGrid,1
plantuml_auto,Cell,isOnVerticalLine,TextGrid,1
plantuml_auto,Cell,isHorizontalLine,TextGrid,1
plantuml_auto,Cell,isVerticalLine,TextGrid,1
plantuml_auto,Cell,otherStringsStartInTheSameColumn,TextGrid,1
plantuml_auto,Cell,otherStringsEndInTheSameColumn,TextGrid,1
plantuml_auto,Cell,followIntersection,TextGrid,1
plantuml_auto,Cell,followCorner1,TextGrid,1
plantuml_auto,Cell,followCorner2,TextGrid,1
plantuml_auto,Cell,followCorner3,TextGrid,1
plantuml_auto,Cell,followCorner4,TextGrid,1
plantuml_auto,Cell,followStub,TextGrid,1
plantuml_auto,Cell,followCrossOnLine,TextGrid,1
plantuml_auto,Cell,findBoundariesExpandingFrom,TextGrid,1
plantuml_auto,ProcessingOptions,initialiseWithText,TextGrid,1
plantuml_auto,ProcessingOptions,initialiseWithLines,TextGrid,1
plantuml_auto,UnsupportedC,getContent,CString,1
plantuml_auto,UnsupportedC,strcmp,CString,1
plantuml_auto,UnsupportedC,copyFrom,CString,1
plantuml_auto,ST_shape_functions,__Shapes__,Globals,1
plantuml_auto,ST_polygon_t,__Shapes__,Globals,1
plantuml_auto,CString,strtol,JUtils,1
plantuml_auto,ST_pointf,pointftoString,JUtils,1
plantuml_auto,ST_bezier,printDebugBezier,JUtils,1
plantuml_auto,ST_elist,elist_append,Macro,1
plantuml_auto,ST_elist,alloc_elist,Macro,1
plantuml_auto,ST_pointf,DIST2,Macro,1
plantuml_auto,ST_point,DIST2,Macro,1
plantuml_auto,ST_pointf,INSIDE,Macro,1
plantuml_auto,ST_boxf,INSIDE,Macro,1
plantuml_auto,ST_pointf,DISTSQ,Macro,1
plantuml_auto,ST_pointf,hackInitDimensionFromLabel,Macro,1
plantuml_auto,ST_pointf,PF2P,Macro,1
plantuml_auto,ST_point,PF2P,Macro,1
plantuml_auto,CString,identityHashCode,Memory,1
plantuml_auto,BitMatrix,toBufferedImage,MatrixToImageWriter,1
plantuml_auto,ECI,addCharacterSet,CharacterSetECI,1
plantuml_auto,Version,getDataBlocks,DataBlock,1
plantuml_auto,BarcodeFormat,encode,QRCodeWriter,1
plantuml_auto,QRCode,renderResult,QRCodeWriter,1
plantuml_auto,ErrorCorrectionLevel,getDataBlocks,DataBlock,1
plantuml_auto,ByteMatrix,calculateMaskPenalty,Encoder,1
plantuml_auto,ErrorCorrectionLevel,encode,Encoder,1
plantuml_auto,QRCode,encode,Encoder,1
plantuml_auto,ECI,appendECI,Encoder,1
plantuml_auto,ByteMatrix,applyMaskPenaltyRule2,MaskUtil,1
plantuml_auto,ByteMatrix,applyMaskPenaltyRule3,MaskUtil,1
plantuml_auto,ByteMatrix,applyMaskPenaltyRule4,MaskUtil,1
plantuml_auto,ByteMatrix,applyMaskPenaltyRule1Internal,MaskUtil,1
plantuml_auto,ErrorCorrectionLevel,buildMatrix,MatrixUtil,1
plantuml_auto,ByteMatrix,buildMatrix,MatrixUtil,1
plantuml_auto,ErrorCorrectionLevel,embedTypeInfo,MatrixUtil,1
plantuml_auto,ByteMatrix,embedTypeInfo,MatrixUtil,1
plantuml_auto,ByteMatrix,embedDataBits,MatrixUtil,1
plantuml_auto,ErrorCorrectionLevel,makeTypeInfoBits,MatrixUtil,1
plantuml_auto,ByteMatrix,embedPositionDetectionPatternsAndSeparators,MatrixUtil,1
plantuml_auto,ByteMatrix,maybeEmbedPositionAdjustmentPatterns,MatrixUtil,1
plantuml_auto,ErrorCorrectionLevel,toString,QRCode,1
plantuml_auto,ByteMatrix,toString,QRCode,1
groot_auto,DataGroupDescriptor,serializeDataGroupDescriptor,DataSetSerializer,1
groot_auto,H1F,serializeH1F,DataSetSerializer4,1
groot_auto,H2F,serializeH2F,DataSetSerializer4,1
groot_auto,Func1D,serializeF1D,DataSetSerializer4,1
groot_auto,GraphErrors,serializeGraphErrors,DataSetSerializer4,1
groot_auto,DatasetAttributes,serializeAttributes,DataSetSerializer4,1
groot_auto,DatasetAttributes,serializeDataAttributes,DataSetSerializer4,1
groot_auto,DatasetAttributes,copyAttributes,DataSetSerializer4,1
groot_auto,GraphErrors,divide,GraphErrors,1
groot_auto,H1F,add,H1F,1
groot_auto,H1F,divide,H1F,1
groot_auto,H1F,sub,H1F,1
groot_auto,Func1D,getStatBox,H1F,1
groot_auto,Axis,set,H2F,1
groot_auto,MultiIndex,set,H2F,1
groot_auto,DatasetAttributes,setTitle,H2F,1
groot_auto,H2F,divide,H2F,1
groot_auto,H1F,sliceX,H2F,1
groot_auto,MultiIndex,initData,H3F,1
groot_auto,MultiIndex,findBin,H3F,1
groot_auto,Func1D,valueOf,FitterFunction,1
groot_auto,Func2D,valueOf,FitterFunction2D,1
groot_auto,H2F,getChi2,FitterFunction2D,1
groot_auto,Func2D,getChi2,FitterFunction2D,1
groot_auto,H2F,fitSlicesY,ParallelSliceFitter,1
groot_auto,H2F,fitSlicesX,ParallelSliceFitter,1
groot_auto,H2F,getInspectFitsPane,ParallelSliceFitter,1
groot_auto,DataGroup,draw,EmbeddedCanvas,1
groot_auto,Dimension2D,setDimension,EmbeddedPad,1
groot_auto,GraphicsAxisFrame,setDimension,EmbeddedPad,1
groot_auto,PadAttributes,draw,EmbeddedPad,1
groot_auto,DataLinePlotter,draw,EmbeddedPad,1
groot_auto,PaveText,draw,EmbeddedPad,1
groot_auto,PadAttributes,getCopy,EmbeddedPad,1
groot_auto,PadAttributes,setFontNameAll,EmbeddedPad,1
groot_auto,AxisAttributes,initAttributes,GraphicsAxis,1
groot_auto,AxisAttributes,setRange,GraphicsAxis,1
groot_auto,AxisAttributes,getAxisPosition,GraphicsAxis,1
groot_auto,AxisAttributes,getAxisBounds,GraphicsAxis,1
groot_auto,AxisAttributes,drawAxis,GraphicsAxis,1
groot_auto,AxisAttributes,drawColorAxis,GraphicsAxis,1
groot_auto,AxisAttributes,updateAxisDivisions,GraphicsAxis,1
groot_auto,AxisAttributes,main,GraphicsAxis,1
groot_auto,Dimension2D,setFrameDimensions,GraphicsAxisFrame,1
groot_auto,PadMargins,updateMargins,GraphicsAxisFrame,1
groot_auto,PadMargins,setAxisMargins,GraphicsAxisFrame,1
groot_auto,Dimension2D,setAxisMargins,GraphicsAxisFrame,1
groot_auto,PadMargins,drawAxis,GraphicsAxisFrame,1
groot_auto,Dimension2D,drawAxis,GraphicsAxisFrame,1
groot_auto,GraphicsAxisFrame,draw,HistogramPlotter,1
groot_auto,Dimension3D,getDataRegion,HistogramPlotter,1
groot_auto,H1F,csvH1,DataIO,1
groot_auto,Dimension2D,grow,Dimension2D,1
groot_auto,Dimension3D,grow,Dimension3D,1
groot_auto,Func1D,parse,F1D,1
groot_auto,Func1D,evaluate,F1D,1
groot_auto,Func1D,main,F1D,1
groot_auto,UserParameters,toString,Func1D,1
groot_auto,Func1D,cumulative,RandomFunc,1
groot_auto,GraphErrors,cumulative,RandomFunc,1
groot_auto,Func1D,cummulativeHist,RandomFunc,1
groot_auto,H1F,cummulativeHist,RandomFunc,1
groot_auto,GraphErrors,random,RandomFunc,1
groot_auto,H1F,randomh,RandomFunc,1
groot_auto,SparseVectorGrid,divideGrid,GridOperations,1
groot_auto,SparseVectorGrid,openFile,GridStudio,1
groot_auto,SparseIndexPane,openFile,GridStudio,1
groot_auto,SparseIndexPane,initUI,GridStudio,1
groot_auto,SparseIndexPane,actionPerformed,GridStudio,1
groot_auto,SparseVectorGrid,actionPerformed,GridStudio,1
groot_auto,SparseIndex,addBinContent,SparseVectorGrid,1
groot_auto,SparseIndex,setBinContent,SparseVectorGrid,1
groot_auto,DataStudio,initViewer,DataStudioFrame,1
groot_auto,TCanvas,initViewer,DataStudioFrame,1
groot_auto,AbstractDescriptor,fill,DatasetDescriptor,1
groot_auto,AbstractDescriptor,initDatasets,DatasetDescriptor,1
groot_auto,AbstractDescriptor,processTreeEvent,DatasetDescriptor,1
groot_auto,DatasetDescriptor,addDescriptor,TreeAnalyzer,1
groot_auto,DynamicTree,addDescriptor,TreeAnalyzer,1
groot_auto,DatasetDescriptor,updateDescriptor,TreeAnalyzer,1
groot_auto,DynamicTree,addCut,TreeSelector,1
groot_auto,TreeCut,init,CutPanel,1
groot_auto,GraphicsAxisLabels,setRange,GraphicsAxis,1
groot_auto,GraphicsAxisLabels,setAxisDivisions,GraphicsAxis,1
groot_auto,FontProperties,setAxisDivisions,GraphicsAxis,1
groot_auto,GraphicsAxisLabels,getAxisMinorTicksLinear,GraphicsAxis,1
groot_auto,GraphicsAxisLabels,toString,GraphicsAxis,1
groot_auto,Attributes,initAttributes,GraphicsAxisFrame,1
groot_auto,Dimension2D,getPointY,GraphicsAxisFrame,1
groot_auto,Dimension2D,draw,GraphicsAxisFrame,1
groot_auto,Attributes,draw,GraphicsAxisFrame,1
groot_auto,PadMargins,draw,GraphicsAxisFrame,1
groot_auto,Dimension2D,update,GraphicsAxisFrame,1
groot_auto,PadMargins,update,GraphicsAxisFrame,1
groot_auto,Dimension2D,drawPave,PaveText,1
groot_auto,FontProperties,drawPave,PaveText,1
groot_auto,Dimension2D,setPosition,PaveText,1
groot_auto,FontProperties,updateDimensions,PaveText,1
groot_auto,Dimension2D,updateDimensions,PaveText,1
groot_auto,TDirectory,doMouseClicked,TBrowser,1
groot_auto,EmbeddedCanvas,divide,TCanvas,1
groot_auto,EmbeddedCanvasTabbed,addCanvas,TGCanvas,1
groot_auto,LatexText,drawLayer,AxisNode2D,1
groot_auto,BarGraph,drawLayer,BarGraphNode2D,1
groot_auto,F1D,drawLayer,FunctionNode1D,1
groot_auto,GraphErrors,drawShadow,GraphNode2D,1
groot_auto,GraphErrors,drawLine,GraphNode2D,1
groot_auto,GraphErrors,drawLayer,GraphNode2D,1
groot_auto,AxisNode2D,setAxisTitleOffset,GraphicsAxis,1
groot_auto,AxisNode2D,drawLayer,GraphicsAxis,1
groot_auto,DataNode2D,addDataNode,GraphicsAxis,1
groot_auto,AxisNode2D,addDataNode,GraphicsAxis,1
groot_auto,DataCanvas,canvasDebug,GraphicsDebug,1
groot_auto,DataCanvas,save,GraphicsDebug,1
groot_auto,DataCanvas,demo5,Groot4Demo,1
groot_auto,DataCanvas,demo6,Groot4Demo,1
groot_auto,H1F,getDataBounds,HistogramNode1D,1
groot_auto,H1F,drawLayer,HistogramNode1D,1
groot_auto,H2F,drawLayer,HistogramNode2D,1
groot_auto,LatexText,drawLayerMultiLine,PaveText,1
groot_auto,LatexText,drawLayerOneLine,PaveText,1
groot_auto,LatexText,getTextWidthWithSpacing,PaveText,1
groot_auto,DataCanvas,initUI,TDataCanvas,1
groot_auto,StatusPane,initUI,TDataCanvas,1
groot_auto,GraphErrors,getGraphNormalized,DataStudy,1
groot_auto,GraphErrors,convert,MLPStudyPlots,1
groot_auto,LatexText,stringDebug,CanvasWidgetDebug,1
groot_auto,LatexText,attributedStringDebug,CanvasWidgetDebug,1
groot_auto,LatexText,rotatedText,CanvasWidgetDebug,1
musicBot_auto,BotConfig,resetGame,Bot,1
musicBot_auto,BotConfig,createCommandClient,JMusicBot,1
musicBot_auto,SettingsManager,createCommandClient,JMusicBot,1
musicBot_auto,Bot,createCommandClient,JMusicBot,1
musicBot_auto,Bot,setUpHandler,PlayerManager,1
musicBot_auto,AudioHandler,getQueueTitle,QueueCmd,1
musicBot_auto,MusicCommand,getQueueTitle,QueueCmd,1
musicBot_auto,MusicCommand,doCommand,SkipCmd,1
traccar_auto,Config,initChannel,BasePipelineFactory,1
traccar_auto,Command,sendDataCommand,BaseProtocol,1
traccar_auto,Command,sendTextCommand,BaseProtocol,1
traccar_auto,StringProtocolEncoder,sendTextCommand,BaseProtocol,1
traccar_auto,ExtendedObjectDecoder,getServer,BaseProtocolDecoder,1
traccar_auto,ExtendedObjectDecoder,convertSpeed,BaseProtocolDecoder,1
traccar_auto,ExtendedObjectDecoder,getTimeZone,BaseProtocolDecoder,1
traccar_auto,ConnectionManager,getDeviceSession,BaseProtocolDecoder,1
traccar_auto,StatisticsManager,onMessageEvent,BaseProtocolDecoder,1
traccar_auto,ExtendedObjectDecoder,handleEmptyMessage,BaseProtocolDecoder,1
traccar_auto,Command,initDevicePassword,BaseProtocolEncoder,1
traccar_auto,Config,provideStorage,MainModule,1
traccar_auto,Config,provideGeocoder,MainModule,1
traccar_auto,StatisticsManager,provideGeocoder,MainModule,1
traccar_auto,Config,provideGeolocationProvider,MainModule,1
traccar_auto,Config,provideSpeedLimitProvider,MainModule,1
traccar_auto,Config,provideBroadcastService,MainModule,1
traccar_auto,Config,provideEventForwarder,MainModule,1
traccar_auto,Config,providePositionForwarder,MainModule,1
traccar_auto,Config,provideVelocityEngine,MainModule,1
traccar_auto,NotificationManager,processEventHandlers,ProcessingHandler,1
traccar_auto,Config,configure,AsyncSocketServlet,1
traccar_auto,LoginService,configure,AsyncSocketServlet,1
traccar_auto,Storage,configure,AsyncSocketServlet,1
traccar_auto,BaseResource,getSingle,BaseObjectResource,1
traccar_auto,Attribute,test,AttributeResource,1
traccar_auto,ServerManager,getDeviceProtocol,CommandResource,1
traccar_auto,Command,send,CommandResource,1
traccar_auto,LogAction,send,CommandResource,1
traccar_auto,DeviceAccumulators,updateAccumulators,DeviceResource,1
traccar_auto,LogAction,updateAccumulators,DeviceResource,1
traccar_auto,BaseObjectResource,updateAccumulators,DeviceResource,1
traccar_auto,MediaManager,uploadImage,DeviceResource,1
traccar_auto,Config,shareDevice,DeviceResource,1
traccar_auto,NotificatorManager,testMessage,NotificationResource,1
traccar_auto,NotificationMessage,sendMessage,NotificationResource,1
traccar_auto,NotificatorManager,sendMessage,NotificationResource,1
traccar_auto,TextTemplateFormatter,reset,PasswordResource,1
traccar_auto,Permission,checkPermission,PermissionsResource,1
traccar_auto,BaseResource,checkPermission,PermissionsResource,1
traccar_auto,BaseResource,getJson,PositionResource,1
traccar_auto,BaseResource,removeById,PositionResource,1
traccar_auto,BaseResource,remove,PositionResource,1
traccar_auto,KmlExportProvider,getKml,PositionResource,1
traccar_auto,CsvExportProvider,getCsv,PositionResource,1
traccar_auto,GpxExportProvider,getGpx,PositionResource,1
traccar_auto,ReportMailer,executeReport,ReportResource,1
traccar_auto,LogAction,getCombined,ReportResource,1
traccar_auto,CombinedReportProvider,getCombined,ReportResource,1
traccar_auto,LogAction,getRoute,ReportResource,1
traccar_auto,LogAction,getEvents,ReportResource,1
traccar_auto,EventsReportProvider,getEvents,ReportResource,1
traccar_auto,LogAction,getSummary,ReportResource,1
traccar_auto,SummaryReportProvider,getSummary,ReportResource,1
traccar_auto,LogAction,getTrips,ReportResource,1
traccar_auto,TripsReportProvider,getTrips,ReportResource,1
traccar_auto,LogAction,getStops,ReportResource,1
traccar_auto,StopsReportProvider,getStops,ReportResource,1
traccar_auto,DevicesReportProvider,getDevicesExcel,ReportResource,1
traccar_auto,OpenIdProvider,get,ServerResource,1
traccar_auto,Server,update,ServerResource,1
traccar_auto,LogAction,update,ServerResource,1
traccar_auto,Config,uploadFile,ServerResource,1
traccar_auto,LoginService,get,SessionResource,1
traccar_auto,LogAction,get,SessionResource,1
traccar_auto,LoginService,add,SessionResource,1
traccar_auto,LogAction,remove,SessionResource,1
traccar_auto,BaseResource,get,StatisticsResource,1
traccar_auto,BaseObjectResource,get,UserResource,1
traccar_auto,User,add,UserResource,1
traccar_auto,Config,add,UserResource,1
traccar_auto,LogAction,add,UserResource,1
traccar_auto,BaseObjectResource,remove,UserResource,1
traccar_auto,Storage,login,LoginService,1
traccar_auto,LdapProvider,login,LoginService,1
traccar_auto,Config,login,LoginService,1
traccar_auto,Storage,getUser,PermissionsService,1
traccar_auto,Storage,checkEdit,PermissionsService,1
traccar_auto,BaseModel,checkEdit,PermissionsService,1
traccar_auto,Storage,checkPermission,PermissionsService,1
traccar_auto,LoginService,filter,SecurityRequestFilter,1
traccar_auto,StatisticsManager,filter,SecurityRequestFilter,1
traccar_auto,Storage,initializeKeys,CryptoManager,1
traccar_auto,CryptoManager,generateToken,TokenManager,1
traccar_auto,CryptoManager,verifyToken,TokenManager,1
traccar_auto,BroadcastMessage,handleMessage,BaseBroadcastService,1
traccar_auto,ConfigSuffix,withPrefix,PortConfigSuffix,1
traccar_auto,Storage,sendCommand,CommandsManager,1
traccar_auto,ServerManager,sendCommand,CommandsManager,1
traccar_auto,PushCommandManager,sendCommand,CommandsManager,1
traccar_auto,Storage,updateEvent,NotificationManager,1
traccar_auto,NotificatorManager,updateEvent,NotificationManager,1
traccar_auto,Event,forwardEvent,NotificationManager,1
traccar_auto,LoginService,handleCallback,OpenIdProvider,1
traccar_auto,LogAction,handleCallback,OpenIdProvider,1
traccar_auto,Storage,checkSplit,StatisticsManager,1
traccar_auto,Config,checkSplit,StatisticsManager,1
traccar_auto,AddressFormat,handleResponse,JsonGeocoder,1
traccar_auto,StatisticsManager,getAddress,JsonGeocoder,1
traccar_auto,JsonGeocoder,parseAddress,TomTomGeocoder,1
traccar_auto,Config,containsPoint,GeofencePolyline,1
traccar_auto,Geofence,containsPoint,GeofencePolyline,1
traccar_auto,GeofenceGeometry,containsPoint,GeofencePolyline,1
traccar_auto,BasePositionHandler,filterInvalid,FilterHandler,1
traccar_auto,BasePositionHandler,filterMaxSpeed,FilterHandler,1
traccar_auto,BasePositionHandler,filterDailyLimit,FilterHandler,1
traccar_auto,Config,onPosition,GeofenceHandler,1
traccar_auto,StatisticsManager,onPosition,GeolocationHandler,1
traccar_auto,BasePositionHandler,updatePosition,GeolocationHandler,1
traccar_auto,BasePositionHandler,onPosition,TimeHandler,1
traccar_auto,BaseEventHandler,getValue,MaintenanceEventHandler,1
traccar_auto,BaseEventHandler,onPosition,MediaEventHandler,1
traccar_auto,Storage,onPosition,OverspeedEventHandler,1
traccar_auto,NetworkForwarder,channelRead,NetworkForwarderHandler,1
traccar_auto,LogRecord,log,StandardLoggingHandler,1
traccar_auto,LogAction,userLogin,SessionHelper,1
traccar_auto,User,userLogin,SessionHelper,1
traccar_auto,Config,retrieveWebUrl,WebHelper,1
traccar_auto,Storage,getAccessibleDevices,DeviceUtil,1
traccar_auto,Storage,getPositions,PositionUtil,1
traccar_auto,Storage,getLatestPositions,PositionUtil,1
traccar_auto,Server,lookupStringAttribute,UserUtil,1
traccar_auto,User,lookupStringAttribute,UserUtil,1
traccar_auto,User,setUserDefaults,UserUtil,1
traccar_auto,Config,setUserDefaults,UserUtil,1
traccar_auto,PropertiesProvider,copyBooleanProperty,SmtpMailManager,1
traccar_auto,PropertiesProvider,copyStringProperty,SmtpMailManager,1
traccar_auto,PropertiesProvider,getProperties,SmtpMailManager,1
traccar_auto,User,sendMessage,SmtpMailManager,1
traccar_auto,Config,sendMessage,SmtpMailManager,1
traccar_auto,StatisticsManager,sendMessage,SmtpMailManager,1
traccar_auto,Config,fromLacCid,CellTower,1
traccar_auto,Command,fromCommand,QueuedCommand,1
traccar_auto,BaseCommand,fromCommand,QueuedCommand,1
traccar_auto,BaseCommand,toCommand,QueuedCommand,1
traccar_auto,Notification,formatMessage,NotificationFormatter,1
traccar_auto,User,formatMessage,NotificationFormatter,1
traccar_auto,Event,formatMessage,NotificationFormatter,1
traccar_auto,TextTemplateFormatter,formatMessage,NotificationFormatter,1
traccar_auto,Config,getBoolean,PropertiesProvider,1
traccar_auto,Server,prepareContext,TextTemplateFormatter,1
traccar_auto,User,prepareContext,TextTemplateFormatter,1
traccar_auto,FirebaseClient,send,NotificatorFirebase,1
traccar_auto,StatisticsManager,send,NotificatorSms,1
traccar_auto,Notificator,createLocationMessage,NotificatorTelegram,1
traccar_auto,Notificator,send,NotificatorTelegram,1
traccar_auto,NotificationMessage,send,NotificatorTraccar,1
traccar_auto,Storage,send,NotificatorTraccar,1
traccar_auto,Notification,send,NotificatorWeb,1
traccar_auto,User,send,NotificatorWeb,1
traccar_auto,Event,send,NotificatorWeb,1
traccar_auto,NotificationFormatter,send,NotificatorWeb,1
traccar_auto,BaseProtocolDecoder,parseCommandResponse,AdmProtocolDecoder,1
traccar_auto,BaseProtocolDecoder,decodePayload,AisProtocolDecoder,1
traccar_auto,BaseProtocolDecoder,sendSimpleMessage,ApelProtocolDecoder,1
traccar_auto,BaseProtocolDecoder,decodeD,AplicomProtocolDecoder,1
traccar_auto,BaseProtocolDecoder,decodeE,AplicomProtocolDecoder,1
traccar_auto,BaseProtocolDecoder,decodeEB,AplicomProtocolDecoder,1
traccar_auto,BaseProtocolDecoder,decodeF,AplicomProtocolDecoder,1
traccar_auto,BaseProtocolDecoder,decode1G,ArknavX8ProtocolDecoder,1
traccar_auto,BaseProtocolDecoder,decode2G,ArknavX8ProtocolDecoder,1
traccar_auto,ArnaviTextProtocolDecoder,decode,ArnaviProtocolDecoder,1
traccar_auto,ArnaviBinaryProtocolDecoder,decode,ArnaviProtocolDecoder,1
traccar_auto,BaseProtocolDecoder,decodeK,AstraProtocolDecoder,1
traccar_auto,BaseProtocolDecoder,decodeX,AstraProtocolDecoder,1
traccar_auto,BaseFrameDecoder,sendResponse,At2000FrameDecoder,1
traccar_auto,BaseProtocolDecoder,sendRequest,At2000ProtocolDecoder,1
traccar_auto,BaseProtocolDecoder,readTextCustomData,AtrackProtocolDecoder,1
traccar_auto,BaseProtocolDecoder,readBinaryCustomData,AtrackProtocolDecoder,1
traccar_auto,BaseProtocolDecoder,decodeInfo,AtrackProtocolDecoder,1
traccar_auto,DeviceSession,decodeTextLine,AtrackProtocolDecoder,1
traccar_auto,BaseProtocolDecoder,decodeTextLine,AtrackProtocolDecoder,1
traccar_auto,DeviceSession,decodePhoto,AtrackProtocolDecoder,1
traccar_auto,DeviceSession,decodeTelemetry,AutoTrackProtocolDecoder,1
traccar_auto,BaseProtocolDecoder,decodeTelemetry,AutoTrackProtocolDecoder,1
traccar_auto,BaseProtocolDecoder,decodeMask1,BceProtocolDecoder,1
traccar_auto,DeviceSession,readPosition,CastelProtocolDecoder,1
traccar_auto,BaseProtocolDecoder,readPosition,CastelProtocolDecoder,1
traccar_auto,DeviceSession,createPosition,CastelProtocolDecoder,1
traccar_auto,BaseProtocolDecoder,createPosition,CastelProtocolDecoder,1
traccar_auto,BaseProtocolDecoder,decodeStat,CastelProtocolDecoder,1
traccar_auto,DeviceSession,decodeCc,CastelProtocolDecoder,1
traccar_auto,BaseProtocolDecoder,decodeCc,CastelProtocolDecoder,1
traccar_auto,DeviceSession,decodeMpip,CastelProtocolDecoder,1
traccar_auto,BaseProtocolDecoder,decodeMpip,CastelProtocolDecoder,1
traccar_auto,BaseProtocolDecoder,sendModuleResponse,CellocatorProtocolDecoder,1
traccar_auto,DeviceSession,decodeModular,CellocatorProtocolDecoder,1
traccar_auto,BaseProtocolDecoder,decodeModular,CellocatorProtocolDecoder,1
traccar_auto,BaseHttpProtocolDecoder,decodeTraditional,DmtHttpProtocolDecoder,1
traccar_auto,BaseHttpProtocolDecoder,decodeEdge,DmtHttpProtocolDecoder,1
traccar_auto,BaseProtocolDecoder,decodeFixed64,DmtProtocolDecoder,1
traccar_auto,DeviceSession,decodeCell,EasyTrackProtocolDecoder,1
traccar_auto,DeviceSession,decodeOld,EelinkProtocolDecoder,1
traccar_auto,DeviceSession,decodeNew,EelinkProtocolDecoder,1
traccar_auto,DeviceSession,decodeResult,EelinkProtocolDecoder,1
traccar_auto,DeviceSession,decodeObd,EelinkProtocolDecoder,1
traccar_auto,DeviceSession,decodePackage,EelinkProtocolDecoder,1
traccar_auto,BaseProtocolDecoder,decodePackage,EelinkProtocolDecoder,1
traccar_auto,BaseProtocolDecoder,requestPhoto,FifotrackProtocolDecoder,1
traccar_auto,BaseProtocolDecoder,decodeLocationNew,FifotrackProtocolDecoder,1
traccar_auto,BaseProtocolDecoder,processPosition,FleetGuideProtocolDecoder,1
traccar_auto,BaseHttpProtocolDecoder,decodeParam,FlespiProtocolDecoder,1
traccar_auto,BaseProtocolDecoder,getAttribute,FoxProtocolDecoder,1
traccar_auto,DeviceSession,decodeRegular,G1rusProtocolDecoder,1
traccar_auto,BaseProtocolDecoder,getCompressed,GalileoProtocolDecoder,1
traccar_auto,BaseProtocolDecoder,decodeTag,GalileoProtocolDecoder,1
traccar_auto,BaseProtocolDecoder,decodeMinimalDataSet,GalileoProtocolDecoder,1
traccar_auto,BaseProtocolDecoder,decodeIridiumPosition,GalileoProtocolDecoder,1
traccar_auto,BaseProtocolDecoder,decodePositions,GalileoProtocolDecoder,1
traccar_auto,BaseProtocolDecoder,decodeCompressedPositions,GalileoProtocolDecoder,1
traccar_auto,BaseProtocolEncoder,encodeText,GalileoProtocolEncoder,1
traccar_auto,BaseProtocolEncoder,encodeId,GatorProtocolEncoder,1
traccar_auto,BaseProtocolDecoder,decodeInformation,Gl200BinaryProtocolDecoder,1
traccar_auto,Parser,initPosition,Gl200TextProtocolDecoder,1
traccar_auto,BaseProtocolDecoder,initPosition,Gl200TextProtocolDecoder,1
traccar_auto,Parser,decodeDeviceTime,Gl200TextProtocolDecoder,1
traccar_auto,BaseProtocolDecoder,decodeDeviceTime,Gl200TextProtocolDecoder,1
traccar_auto,BaseProtocolDecoder,decodeAnalog,Gl200TextProtocolDecoder,1
traccar_auto,BaseProtocolDecoder,parseHours,Gl200TextProtocolDecoder,1
traccar_auto,BaseProtocolDecoder,decodeInf,Gl200TextProtocolDecoder,1
traccar_auto,BaseProtocolDecoder,decodeVer,Gl200TextProtocolDecoder,1
traccar_auto,Parser,decodeLocation,Gl200TextProtocolDecoder,1
traccar_auto,BaseProtocolDecoder,decodeFri,Gl200TextProtocolDecoder,1
traccar_auto,BaseProtocolDecoder,decodeEri,Gl200TextProtocolDecoder,1
traccar_auto,BaseProtocolDecoder,decodeIgn,Gl200TextProtocolDecoder,1
traccar_auto,BaseProtocolDecoder,decodeLsw,Gl200TextProtocolDecoder,1
traccar_auto,BaseProtocolDecoder,decodeIda,Gl200TextProtocolDecoder,1
traccar_auto,BaseProtocolDecoder,decodeWif,Gl200TextProtocolDecoder,1
traccar_auto,BaseProtocolDecoder,decodeGsm,Gl200TextProtocolDecoder,1
traccar_auto,BaseProtocolDecoder,decodePna,Gl200TextProtocolDecoder,1
traccar_auto,BaseProtocolDecoder,decodeDar,Gl200TextProtocolDecoder,1
traccar_auto,BaseProtocolDecoder,decodeDtt,Gl200TextProtocolDecoder,1
traccar_auto,BaseProtocolDecoder,decodeBaa,Gl200TextProtocolDecoder,1
traccar_auto,BaseProtocolDecoder,decodeBid,Gl200TextProtocolDecoder,1
traccar_auto,BaseProtocolDecoder,decodeLsa,Gl200TextProtocolDecoder,1
traccar_auto,BaseProtocolDecoder,decodeOriginal,GlobalSatProtocolDecoder,1
traccar_auto,DeviceSession,decodeTextPosition,GoSafeProtocolDecoder,1
traccar_auto,BaseProtocolDecoder,decodeTextPosition,GoSafeProtocolDecoder,1
traccar_auto,BaseProtocolDecoder,decodeAlternative,Gps103ProtocolDecoder,1
traccar_auto,BaseProtocolDecoder,decodePhoto,Gps103ProtocolDecoder,1
traccar_auto,BaseProtocolDecoder,send,GpsGateProtocolDecoder,1
traccar_auto,BaseProtocolDecoder,appendChecksum,GranitProtocolDecoder,1
traccar_auto,BaseProtocolDecoder,sendResponseCurrent,GranitProtocolDecoder,1
traccar_auto,BaseProtocolDecoder,sendResponseArchive,GranitProtocolDecoder,1
traccar_auto,BaseProtocolDecoder,decodeStructure,GranitProtocolDecoder,1
traccar_auto,BaseProtocolDecoder,sendPhotoRequest,Gt06ProtocolDecoder,1
traccar_auto,BaseProtocolDecoder,decodeBasic,Gt06ProtocolDecoder,1
traccar_auto,DeviceSession,decodeDate,Gt06ProtocolDecoder,1
traccar_auto,BaseProtocolDecoder,processStatus,H02ProtocolDecoder,1
traccar_auto,BaseProtocolDecoder,decodeLbs,H02ProtocolDecoder,1
traccar_auto,BaseProtocolDecoder,decodeLink,H02ProtocolDecoder,1
traccar_auto,BaseProtocolDecoder,decodeV3,H02ProtocolDecoder,1
traccar_auto,BaseProtocolDecoder,decodeVp1,H02ProtocolDecoder,1
traccar_auto,BaseProtocolDecoder,decodeHeartbeat,H02ProtocolDecoder,1
traccar_auto,BaseProtocolDecoder,decodeFaultCodes,HuaShengProtocolDecoder,1
traccar_auto,BaseProtocolDecoder,formatMessage,HuabaoProtocolDecoder,1
traccar_auto,BaseProtocolDecoder,sendGeneralResponse,HuabaoProtocolDecoder,1
traccar_auto,BaseProtocolDecoder,sendGeneralResponse2,HuabaoProtocolDecoder,1
traccar_auto,BaseProtocolDecoder,readSignedWord,HuabaoProtocolDecoder,1
traccar_auto,DeviceSession,decodeCoordinates,HuabaoProtocolDecoder,1
traccar_auto,BaseProtocolDecoder,decodeCoordinates,HuabaoProtocolDecoder,1
traccar_auto,DeviceSession,decodeLocation,HuabaoProtocolDecoder,1
traccar_auto,DeviceSession,decodeLocation2,HuabaoProtocolDecoder,1
traccar_auto,BaseProtocolDecoder,decodeLocation2,HuabaoProtocolDecoder,1
traccar_auto,DeviceSession,decodeTransparent,HuabaoProtocolDecoder,1
traccar_auto,BaseProtocolDecoder,decodeBinaryLocation,Jt600ProtocolDecoder,1
traccar_auto,BaseProtocolDecoder,decodeW01,Jt600ProtocolDecoder,1
traccar_auto,BaseProtocolDecoder,decodeU01,Jt600ProtocolDecoder,1
traccar_auto,BaseProtocolDecoder,decodeP45,Jt600ProtocolDecoder,1
traccar_auto,BaseProtocolDecoder,decodePeripherals,Jt600ProtocolDecoder,1
traccar_auto,BaseProtocolDecoder,decodeAlarmStatus,KhdProtocolDecoder,1
traccar_auto,BaseFrameDecoder,decodeOld,L100FrameDecoder,1
traccar_auto,BaseProtocolDecoder,decodeEvent,LaipacProtocolDecoder,1
traccar_auto,BaseProtocolDecoder,sendEventResponse,LaipacProtocolDecoder,1
traccar_auto,BaseProtocolDecoder,sendAcknowledge,LaipacProtocolDecoder,1
traccar_auto,BaseProtocolDecoder,decodeEavsys,LaipacProtocolDecoder,1
traccar_auto,BaseProtocolDecoder,decodeAvrmc,LaipacProtocolDecoder,1
traccar_auto,BaseProtocolDecoder,parseLocation,MegastekProtocolDecoder,1
traccar_auto,BaseProtocolDecoder,decodeOld,MegastekProtocolDecoder,1
traccar_auto,BaseProtocolDecoder,decodeNew,MegastekProtocolDecoder,1
traccar_auto,BaseProtocolDecoder,identify,MeiligaoProtocolDecoder,1
traccar_auto,BaseProtocolDecoder,decodeRfid,MeiligaoProtocolDecoder,1
traccar_auto,BaseProtocolDecoder,decodeObdA,MeiligaoProtocolDecoder,1
traccar_auto,BaseProtocolDecoder,decodeDtc,MeiligaoProtocolDecoder,1
traccar_auto,BaseProtocolEncoder,encodeOutputCommand,MeiligaoProtocolEncoder,1
traccar_auto,BaseProtocolDecoder,decodeDataFields,MeitrackProtocolDecoder,1
traccar_auto,BaseProtocolDecoder,decodeBinaryC,MeitrackProtocolDecoder,1
traccar_auto,BaseProtocolDecoder,decodeBinaryE,MeitrackProtocolDecoder,1
traccar_auto,BaseProtocolDecoder,requestPhotoPacket,MeitrackProtocolDecoder,1
traccar_auto,BaseProtocolDecoder,decodeTime,MictrackProtocolDecoder,1
traccar_auto,BaseProtocolDecoder,decodeResult,MictrackProtocolDecoder,1
traccar_auto,BaseProtocolDecoder,decodeLowAltitude,MictrackProtocolDecoder,1
traccar_auto,Parser,decodeFix,MiniFinderProtocolDecoder,1
traccar_auto,BaseProtocolDecoder,decodeFix,MiniFinderProtocolDecoder,1
traccar_auto,BaseProtocolDecoder,decodeFlags,MiniFinderProtocolDecoder,1
traccar_auto,Parser,decodeState,MiniFinderProtocolDecoder,1
traccar_auto,BaseProtocolDecoder,decodeState,MiniFinderProtocolDecoder,1
traccar_auto,BaseProtocolDecoder,decodeConfiguration,Minifinder2ProtocolDecoder,1
traccar_auto,DeviceSession,parseFormatA1,Mta6ProtocolDecoder,1
traccar_auto,BaseProtocolDecoder,parseFormatA1,Mta6ProtocolDecoder,1
traccar_auto,BaseProtocolDecoder,sendAcknowledgment,NavigilProtocolDecoder,1
traccar_auto,DeviceSession,parseUnitReport,NavigilProtocolDecoder,1
traccar_auto,BaseProtocolDecoder,parseUnitReport,NavigilProtocolDecoder,1
traccar_auto,DeviceSession,parseTg2Report,NavigilProtocolDecoder,1
traccar_auto,BaseProtocolDecoder,parseTg2Report,NavigilProtocolDecoder,1
traccar_auto,DeviceSession,parsePositionReport,NavigilProtocolDecoder,1
traccar_auto,BaseProtocolDecoder,parsePositionReport,NavigilProtocolDecoder,1
traccar_auto,DeviceSession,parsePositionReport2,NavigilProtocolDecoder,1
traccar_auto,BaseProtocolDecoder,parsePositionReport2,NavigilProtocolDecoder,1
traccar_auto,DeviceSession,parseSnapshot4,NavigilProtocolDecoder,1
traccar_auto,BaseProtocolDecoder,parseSnapshot4,NavigilProtocolDecoder,1
traccar_auto,DeviceSession,parseTrackingData,NavigilProtocolDecoder,1
traccar_auto,BaseProtocolDecoder,parseTrackingData,NavigilProtocolDecoder,1
traccar_auto,DeviceSession,parseNtcbPosition,NavisProtocolDecoder,1
traccar_auto,BaseProtocolDecoder,parseNtcbPosition,NavisProtocolDecoder,1
traccar_auto,DeviceSession,processNtcbSingle,NavisProtocolDecoder,1
traccar_auto,BaseProtocolDecoder,processNtcbSingle,NavisProtocolDecoder,1
traccar_auto,DeviceSession,processNtcbArray,NavisProtocolDecoder,1
traccar_auto,BaseProtocolDecoder,processNtcbArray,NavisProtocolDecoder,1
traccar_auto,DeviceSession,parseFlexPosition,NavisProtocolDecoder,1
traccar_auto,BaseProtocolDecoder,parseFlexPosition,NavisProtocolDecoder,1
traccar_auto,DeviceSession,parseFlex20Position,NavisProtocolDecoder,1
traccar_auto,BaseProtocolDecoder,parseFlex20Position,NavisProtocolDecoder,1
traccar_auto,DeviceSession,processFlexSingle,NavisProtocolDecoder,1
traccar_auto,BaseProtocolDecoder,processFlexSingle,NavisProtocolDecoder,1
traccar_auto,DeviceSession,processFlexArray,NavisProtocolDecoder,1
traccar_auto,BaseProtocolDecoder,processFlexArray,NavisProtocolDecoder,1
traccar_auto,BaseProtocolDecoder,processFlexNegotiation,NavisProtocolDecoder,1
traccar_auto,BaseProtocolDecoder,sendNtcbReply,NavisProtocolDecoder,1
traccar_auto,BaseProtocolDecoder,sendFlexReply,NavisProtocolDecoder,1
traccar_auto,BaseProtocolDecoder,decodeNtcb,NavisProtocolDecoder,1
traccar_auto,BaseProtocolDecoder,decodeFlex,NavisProtocolDecoder,1
traccar_auto,BaseProtocolDecoder,encodeContent,NavtelecomProtocolDecoder,1
traccar_auto,BaseProtocolDecoder,decodeData,NdtpV6ProtocolDecoder,1
traccar_auto,BaseProtocolDecoder,decodeArMessage,OigoProtocolDecoder,1
traccar_auto,BaseProtocolDecoder,decodeMgMessage,OigoProtocolDecoder,1
traccar_auto,BaseProtocolPoller,sendRequest,OrbcommProtocolPoller,1
traccar_auto,BaseHttpProtocolDecoder,decodeQuery,OsmAndProtocolDecoder,1
traccar_auto,BaseHttpProtocolDecoder,decodeJson,OsmAndProtocolDecoder,1
traccar_auto,BaseHttpProtocolDecoder,decodeUnknownParam,OutsafeProtocolDecoder,1
traccar_auto,BaseProtocolDecoder,decodeStandard,PortmanProtocolDecoder,1
traccar_auto,BaseProtocolDecoder,decodeExtended,PortmanProtocolDecoder,1
traccar_auto,BaseProtocolDecoder,readTime,PositrexProtocolDecoder,1
traccar_auto,BaseProtocolDecoder,requestPhotoFragment,Pt502ProtocolDecoder,1
traccar_auto,BaseFrameDecoder,messageLength,RoboTrackFrameDecoder,1
traccar_auto,DeviceSession,decodeCommandResponse,RuptelaProtocolDecoder,1
traccar_auto,BaseProtocolDecoder,decodeCommandResponse,RuptelaProtocolDecoder,1
traccar_auto,BaseProtocolDecoder,decodeDriver,RuptelaProtocolDecoder,1
traccar_auto,BaseProtocolDecoder,decodeGpsData,SnapperProtocolDecoder,1
traccar_auto,BaseProtocolDecoder,getFormat,StarLinkProtocolDecoder,1
traccar_auto,BaseProtocolDecoder,getDateFormat,StarLinkProtocolDecoder,1
traccar_auto,StringProtocolEncoder,formatCommand,StartekProtocolEncoder,1
traccar_auto,Command,encodeUniversalCommand,SuntechProtocolEncoder,1
traccar_auto,StringProtocolEncoder,encodeUniversalCommand,SuntechProtocolEncoder,1
traccar_auto,Command,encodeLegacyCommand,SuntechProtocolEncoder,1
traccar_auto,StringProtocolEncoder,encodeLegacyCommand,SuntechProtocolEncoder,1
traccar_auto,DeviceSession,decodeGprmc,T55ProtocolDecoder,1
traccar_auto,DeviceSession,decodeGpgga,T55ProtocolDecoder,1
traccar_auto,DeviceSession,decodeGprma,T55ProtocolDecoder,1
traccar_auto,DeviceSession,decodeTrccr,T55ProtocolDecoder,1
traccar_auto,DeviceSession,decodeGpiop,T55ProtocolDecoder,1
traccar_auto,BaseProtocolDecoder,getParameters,T622IridiumProtocolDecoder,1
traccar_auto,BaseProtocolDecoder,decodeAlarm1,T800xProtocolDecoder,1
traccar_auto,BaseProtocolDecoder,readDate,T800xProtocolDecoder,1
traccar_auto,BaseProtocolDecoder,decodeBleTemp,T800xProtocolDecoder,1
traccar_auto,DeviceSession,decodeBle,T800xProtocolDecoder,1
traccar_auto,BaseProtocolDecoder,decodeBle,T800xProtocolDecoder,1
traccar_auto,Command,encodeContent,T800xProtocolEncoder,1
traccar_auto,BaseProtocolDecoder,getTime,TaipProtocolDecoder,1
traccar_auto,BaseProtocolDecoder,decodeAlarm2,TaipProtocolDecoder,1
traccar_auto,BaseProtocolDecoder,decodeAttributes,TaipProtocolDecoder,1
traccar_auto,BaseProtocolDecoder,parseIdentification,TeltonikaProtocolDecoder,1
traccar_auto,BaseProtocolDecoder,sendImageRequest,TeltonikaProtocolDecoder,1
traccar_auto,DeviceSession,decodeSerial,TeltonikaProtocolDecoder,1
traccar_auto,BaseProtocolDecoder,decodeSerial,TeltonikaProtocolDecoder,1
traccar_auto,BaseProtocolDecoder,decodeParameter,TeltonikaProtocolDecoder,1
traccar_auto,BaseProtocolDecoder,parseData,TeltonikaProtocolDecoder,1
traccar_auto,BaseProtocolDecoder,decodeBattery,Tk103ProtocolDecoder,1
traccar_auto,BaseProtocolDecoder,decodeCell,Tk103ProtocolDecoder,1
traccar_auto,BaseProtocolDecoder,decodeLbsWifi,Tk103ProtocolDecoder,1
traccar_auto,BaseProtocolDecoder,decodeCommandResult,Tk103ProtocolDecoder,1
traccar_auto,BaseProtocolDecoder,decodeVin,Tk103ProtocolDecoder,1
traccar_auto,BaseProtocolDecoder,decodeBms,Tk103ProtocolDecoder,1
traccar_auto,BaseProtocolDecoder,updateTime,TopinProtocolDecoder,1
traccar_auto,BaseProtocolDecoder,decodeAlarm123,TotemProtocolDecoder,1
traccar_auto,BaseProtocolDecoder,decodeAlarm4,TotemProtocolDecoder,1
traccar_auto,BaseProtocolDecoder,decode12,TotemProtocolDecoder,1
traccar_auto,BaseProtocolDecoder,decode3,TotemProtocolDecoder,1
traccar_auto,BaseProtocolDecoder,decode4,TotemProtocolDecoder,1
traccar_auto,BaseProtocolDecoder,decodeE2,TotemProtocolDecoder,1
traccar_auto,BaseProtocolDecoder,decodeE5,TotemProtocolDecoder,1
traccar_auto,Command,formatContent,TotemProtocolEncoder,1
traccar_auto,StringProtocolEncoder,formatContent,TotemProtocolEncoder,1
traccar_auto,BaseProtocolDecoder,decodeSrt,TrakMateProtocolDecoder,1
traccar_auto,BaseProtocolDecoder,decodeAlt,TrakMateProtocolDecoder,1
traccar_auto,BaseProtocolDecoder,decodePer,TrakMateProtocolDecoder,1
traccar_auto,BaseProtocolDecoder,decode04,TramigoProtocolDecoder,1
traccar_auto,BaseProtocolDecoder,decode80,TramigoProtocolDecoder,1
traccar_auto,Parser,decodeCommon,TrvProtocolDecoder,1
traccar_auto,BaseProtocolDecoder,decodeCommon,TrvProtocolDecoder,1
traccar_auto,BaseProtocolDecoder,decodeTags,TzoneProtocolDecoder,1
traccar_auto,BaseProtocolDecoder,decodeDriverBehavior,UlbotechProtocolDecoder,1
traccar_auto,BaseProtocolDecoder,decodeText,UlbotechProtocolDecoder,1
traccar_auto,BaseProtocolDecoder,decodeBinary,UlbotechProtocolDecoder,1
traccar_auto,BaseProtocolDecoder,decodeLocation,UproProtocolDecoder,1
traccar_auto,BaseProtocolDecoder,decodeTransparent,UproProtocolDecoder,1
traccar_auto,BaseProtocolDecoder,decodeRegular,UproProtocolDecoder,1
traccar_auto,BaseHttpProtocolDecoder,decodePosition,VltProtocolDecoder,1
traccar_auto,BaseHttpProtocolDecoder,decode,VltProtocolDecoder,1
traccar_auto,BaseProtocolDecoder,decodeDate,Vt200ProtocolDecoder,1
traccar_auto,StringProtocolEncoder,formatValue,WatchProtocolEncoder,1
traccar_auto,Command,formatBinaryCommand,WatchProtocolEncoder,1
traccar_auto,StringProtocolEncoder,formatBinaryCommand,WatchProtocolEncoder,1
traccar_auto,Command,getBinaryData,WatchProtocolEncoder,1
traccar_auto,StringProtocolEncoder,getBinaryData,WatchProtocolEncoder,1
traccar_auto,BaseProtocolDecoder,decodeCellData,WialonProtocolDecoder,1
traccar_auto,DeviceSession,decodePosition,WristbandProtocolDecoder,1
traccar_auto,BaseProtocolDecoder,decodePosition,WristbandProtocolDecoder,1
traccar_auto,DeviceSession,decodeStatus,WristbandProtocolDecoder,1
traccar_auto,DeviceSession,decodeNetwork,WristbandProtocolDecoder,1
traccar_auto,BaseProtocolDecoder,decodeNetwork,WristbandProtocolDecoder,1
traccar_auto,BaseProtocolDecoder,decodeMessage,WristbandProtocolDecoder,1
traccar_auto,BaseProtocolDecoder,sendResponse,Xexun2ProtocolDecoder,1
traccar_auto,BaseProtocolEncoder,encodeContent,Xexun2ProtocolEncoder,1
traccar_auto,BaseFrameDecoder,decode,XexunFrameDecoder,1
traccar_auto,StringProtocolEncoder,encodeCommand,XirgoProtocolEncoder,1
traccar_auto,Command,encodeCommand,Xrb28ProtocolEncoder,1
traccar_auto,BaseProtocolEncoder,encodeCommand,Xrb28ProtocolEncoder,1
traccar_auto,BaseProtocolDecoder,init,Xt2400ProtocolDecoder,1
traccar_auto,BaseProtocolDecoder,decode,YwtProtocolDecoder,1
traccar_auto,Device,sendCommand,PushCommandManager,1
traccar_auto,FirebaseClient,sendCommand,PushCommandManager,1
traccar_auto,Storage,getEvents,EventsReportProvider,1
traccar_auto,Event,filterType,EventsReportProvider,1
traccar_auto,Storage,generate,KmlExportProvider,1
traccar_auto,Storage,getEdgePosition,SummaryReportProvider,1
traccar_auto,Device,calculateDeviceResult,SummaryReportProvider,1
traccar_auto,Storage,calculateDeviceResult,SummaryReportProvider,1
traccar_auto,Config,calculateDeviceResult,SummaryReportProvider,1
traccar_auto,Device,calculateDeviceResults,SummaryReportProvider,1
traccar_auto,Config,calculateDeviceResults,SummaryReportProvider,1
traccar_auto,Storage,getExcel,TripsReportProvider,1
traccar_auto,Config,getExcel,TripsReportProvider,1
traccar_auto,Device,calculateTrip,ReportUtils,1
traccar_auto,Device,calculateStop,ReportUtils,1
traccar_auto,TripsConfig,isMoving,ReportUtils,1
traccar_auto,Device,detectTripsAndStops,ReportUtils,1
traccar_auto,Config,detectTripsAndStops,ReportUtils,1
traccar_auto,Device,slowTripsAndStops,ReportUtils,1
traccar_auto,Config,slowTripsAndStops,ReportUtils,1
traccar_auto,Storage,slowTripsAndStops,ReportUtils,1
traccar_auto,Device,fastTripsAndStops,ReportUtils,1
traccar_auto,Config,fastTripsAndStops,ReportUtils,1
traccar_auto,Storage,fastTripsAndStops,ReportUtils,1
traccar_auto,NotificationManager,run,TaskDeviceInactivityCheck,1
traccar_auto,Device,checkDevice,TaskDeviceInactivityCheck,1
traccar_auto,SingleScheduleTask,checkDevice,TaskDeviceInactivityCheck,1
traccar_auto,SingleScheduleTask,checkTimeTrigger,TaskExpirations,1
traccar_auto,Server,sendUserExpiration,TaskExpirations,1
traccar_auto,User,sendUserExpiration,TaskExpirations,1
traccar_auto,TextTemplateFormatter,sendUserExpiration,TaskExpirations,1
traccar_auto,Server,sendDeviceExpiration,TaskExpirations,1
traccar_auto,Device,sendDeviceExpiration,TaskExpirations,1
traccar_auto,Storage,sendDeviceExpiration,TaskExpirations,1
traccar_auto,TextTemplateFormatter,sendDeviceExpiration,TaskExpirations,1
traccar_auto,Config,getUrl,TaskHealthCheck,1
traccar_auto,StatisticsManager,run,TaskHealthCheck,1
traccar_auto,Report,executeReport,TaskReports,1
traccar_auto,Storage,executeReport,TaskReports,1
traccar_auto,LogAction,executeReport,TaskReports,1
traccar_auto,Config,addUnknownDevice,ConnectionManager,1
traccar_auto,Storage,addUnknownDevice,ConnectionManager,1
traccar_auto,Storage,updateDevice,ConnectionManager,1
traccar_auto,NotificationManager,updateDevice,ConnectionManager,1
traccar_auto,Device,updateDevice,ConnectionManager,1
traccar_auto,Event,updateEvent,ConnectionManager,1
traccar_auto,LogRecord,updateLog,ConnectionManager,1
traccar_auto,Storage,addListener,ConnectionManager,1
traccar_auto,CacheNode,getObjectStream,CacheGraph,1
traccar_auto,Storage,invalidatePermission,CacheManager,1
traccar_auto,CacheGraph,invalidatePermission,CacheManager,1
traccar_auto,BaseModel,initializeCache,CacheManager,1
traccar_auto,MotionState,updateState,MotionProcessor,1
traccar_auto,TripsConfig,updateState,MotionProcessor,1
traccar_auto,OverspeedState,updateState,OverspeedProcessor,1
traccar_auto,OverspeedState,checkEvent,OverspeedProcessor,1
traccar_auto,Device,fromDevice,OverspeedState,1
traccar_auto,Device,toDevice,OverspeedState,1
traccar_auto,Config,provideDataSource,DatabaseModule,1
traccar_auto,Config,getObjects,DatabaseStorage,1
traccar_auto,Config,addObject,DatabaseStorage,1
traccar_auto,Config,updateObject,DatabaseStorage,1
traccar_auto,Config,removeObject,DatabaseStorage,1
traccar_auto,Config,getPermissions,DatabaseStorage,1
traccar_auto,Config,addPermission,DatabaseStorage,1
traccar_auto,Config,removePermission,DatabaseStorage,1
traccar_auto,Storage,getConditionVariables,DatabaseStorage,1
traccar_auto,Storage,formatCondition,DatabaseStorage,1
traccar_auto,Order,formatOrder,DatabaseStorage,1
traccar_auto,Storage,formatOrder,DatabaseStorage,1
traccar_auto,Storage,formatPermissionQuery,DatabaseStorage,1
traccar_auto,Storage,getObjects,MemoryStorage,1
traccar_auto,Storage,addObject,MemoryStorage,1
traccar_auto,Storage,updateObject,MemoryStorage,1
traccar_auto,Storage,removeObject,MemoryStorage,1
traccar_auto,Storage,getPermissions,MemoryStorage,1
traccar_auto,Request,getObject,Storage,1
traccar_auto,Config,init,ThrottlingFilter,1
traccar_auto,Config,initClientProxy,WebServer,1
traccar_auto,Config,initWebApp,WebServer,1
traccar_auto,Config,initApi,WebServer,1
traccar_auto,Config,initSessionConfig,WebServer,1
